name,slug,catalog_date,date_screen,catalog_status,catalog_allocation,catalog_eligible,catalog_claimants,possible_curated_match,source_url,source_file,source_text_sha256,outbound_links_to_review,verification_status,fine_tuning_eligible
1inch,1inch,2020-12-24,inside_window_date_type_unverified,Alive,"[""Not Known"", ""15.06 million 1INCH tokens""]","[""Not Known"", ""10,777 users (combined across categories)""]","[""Not Known""]",1inch,https://airdroparchive.com/projects/1inch/,archive-evidence\1inch.json,b4570760ba475077910916d9e8b9115e36302d2103c66e613b1f7db64baaf735,"[""https://1inch.io"", ""https://blog.1inch.io/1inch-foundation-distributes-more-1inch-tokens/"", ""https://blog.1inch.io/1inch-token-is-released/""]",unverified_secondary_directory,False
Across Protocol,across-protocol,2022-11-27,inside_window_date_type_unverified,Alive,"[""Not Known""]","[""Not Known""]","[""Not Known""]",,https://airdroparchive.com/projects/across-protocol/,archive-evidence\across-protocol.json,f2c12d32028df50db9ef552bc468c4740e3a1554a88e54494d9077cb3316049e,"[""https://across.to/"", ""https://across.to/airdrop"", ""https://web.archive.org/web/20221012151506/https://docs.across.to/v2/bridge-traveler-program"", ""https://web.archive.org/web/20221018192413/https://docs.across.to/v2/airdrop-and-token-faq"", ""https://web.archive.org/web/20230206034608/https://docs.across.to/token/allocations""]",unverified_secondary_directory,False
Aerodrome,aerodrome,2023-09-15,inside_window_date_type_unverified,Alive,"[""200 million AERO tokens (40% of the initial supply)""]","[""Approximately 3,500 wallets holding over 500 million veVELO are estimated to be eligible, after excluding about 20% (136 million) due to specific criteria.""]","[""Not Known""]",Aerodrome,https://airdroparchive.com/projects/aerodrome/,archive-evidence\aerodrome.json,60e52a9371b8efa79980b9f48480f7d71874cdc2cf03f3bcc9cd1da6cf122167,"[""https://medium.com/@aerodromefi/aerodrome-launch-tokenomics-30b546654a91"", ""https://www.aerodrome.finance/ Known""]",unverified_secondary_directory,False
Aethir,aethir,2024-04-25,inside_window_date_type_unverified,Alive,"[""Not Known""]","[""Not Known""]","[""Not Known""]",Aethir,https://airdroparchive.com/projects/aethir/,archive-evidence\aethir.json,b1743e2308b07f83dfcbb8d049bcc2fe7fd8693870e01c5cf0335efa3a325391,"[""https://aethir.com"", ""https://blog.aethir.com/blog-posts/aethir-cloud-drop-is-here-dont-miss-out""]",unverified_secondary_directory,False
Aevo,aevo,2024-03-13,inside_window_date_type_unverified,Alive,"[""30 million AEVO tokens""]","[""Not Known""]","[""126 Collected (current)""]",,https://airdroparchive.com/projects/aevo/,archive-evidence\aevo.json,ab50afae82359af0b75a0c945266a73b9972a34df6a249e3b63dd534c4ab2bb9,"[""https://aevo.mirror.xyz/5LfLIxt_lfdoVBUTtdofAVU6YXioBzGkbhtUWnaRT-U"", ""https://www.aevo.xyz""]",unverified_secondary_directory,False
Ai Arena,ai-arena,2024-10-01,inside_window_date_type_unverified,Alive,"[""80 million NRN tokens (8% of total supply)""]","[""Limited to 8,000 participants in some instances""]","[""Not Known""]",,https://airdroparchive.com/projects/ai-arena/,archive-evidence\ai-arena.json,d76fab0af79cd9369bfaddb8b039e293eec58c0e482776d7de195a3a16b4a39c,"[""https://docs.aiarena.io/everything-you-need-to-know#block-5af654811a8545bea2f4177975c898d8""]",unverified_secondary_directory,False
Aigisos,aigisos,2024-07-30,inside_window_date_type_unverified,Alive,"[""90 million AIG (9% of total supply)""]","[""500,000 wallet addresses""]","[""Not Known""]",,https://airdroparchive.com/projects/aigisos/,archive-evidence\aigisos.json,55afe968e104e21dc7de9a69d438a33abfdca2a449b1e7ccf365016d058334ab,"[""https://aigisos.com"", ""https://aigisos.com/tokenterms.html"", ""https://aigisos.medium.com/aigisos-genesis-rolldrop-8de869192404"", ""https://discord.gg/eECqtybMGZ"", ""https://docs.google.com/spreadsheets/d/1RPdrJTjo_lbK76gv9uwp2gDwwdxS5z_rYcx1g_3-1kE/edit?usp=sharing""]",unverified_secondary_directory,False
Aleo,aleo,2024-09-19,inside_window_date_type_unverified,Alive,"[""Not Known""]","[""Not Known""]","[""Not Known""]",,https://airdroparchive.com/projects/aleo/,archive-evidence\aleo.json,8ea3ad34c655a19336bdfca3cc9aed77acb0c214f7598dfd4b74e386d0c95aca,"[""https://aleo.org"", ""https://aleo.org/post/aleo-mainnet-faq/"", ""https://aleo.org/post/incentives-program-distribution/""]",unverified_secondary_directory,False
AlienX,alienx,2024-10-23,inside_window_date_type_unverified,Alive,"[""98,800,000 AIX (out of 125,000,000 TGE release)""]","[""Not Known""]","[""Not Known""]",,https://airdroparchive.com/projects/alienx/,archive-evidence\alienx.json,c66c6a05b941c04bd9cea07257c90de317ccaf9811821ab2600023e9d7bbc73b,"[""https://alienxchain.io"", ""https://alienxchain.io/claim-aix"", ""https://mirror.xyz/0xA1e3989D59ECCE840c64286B19D50F319b50a82f/HdaSSaC4SWkjuBPm5E4zQQTijzOyFcqy-xnhb7ZrkU4"", ""https://x.com/ALIENXchain/status/1845441702800261399""]",unverified_secondary_directory,False
Aligned Layer,aligned-layer,2024-06-17,inside_window_date_type_unverified,Alive,"[""2.6 billion ALIGN tokens (26% of total supply)""]","[""891,322 addresses""]","[""Not Known""]",,https://airdroparchive.com/projects/aligned-layer/,archive-evidence\aligned-layer.json,19cceb2d0ef002ce488b74ae587e69ec422b5cd472d9dcf0a06c41a3299e5748,"[""https://alignedfoundation.org"", ""https://blog.alignedlayer.com/aligned-monthly-recap-december-24/"", ""https://blog.alignedlayer.com/rewarding-the-loyal-ones-with-a-tsunami-of-align-tokens/"", ""https://genesis.alignedfoundation.org"", ""https://x.com/AlignedFndn/status/1865284878272492027"", ""https://x.com/alignedlayer/status/1867025781676769642"", ""https://x.com/alignedlayer/status/1868019346385347013"", ""https://x.com/alignedlayer/status/1868480361824760301"", ""https://x.com/alignedlayer/status/1868959198689501363"", ""https://x.com/alignedlayer/status/1871284879394267136""]",unverified_secondary_directory,False
AltLayer,altlayer,2024-02-25,inside_window_date_type_unverified,Alive,"[""300,000,000 ALT (3% of total supply)""]","[""Not Known""]","[""Not Known""]",AltLayer,https://airdroparchive.com/projects/altlayer/,archive-evidence\altlayer.json,043a2a85be1238c8dd393fcb22f3dcee26a97893ae4ab442c75e2e17ea8409ef,"[""https://airdrop.altlayer.io/"", ""https://altlayer.io/"", ""https://blog.altlayer.io/altlayer-airdrop-season-one-9148f6114c0b"", ""https://blog.altlayer.io/altlayers-alt-token-launch-f49bf8ac2556"", ""https://docs.eigenlayer.xyz/restaking-guides/restaking-user-guide/restaked-points"", ""https://www.binance.com/en/research/projects/altlayer""]",unverified_secondary_directory,False
Amnis Finance,amnis-finance,2025-03-22,inside_window_date_type_unverified,Alive,"[""80,000,000 AMI tokens (8% of total supply)""]","[""Not Known""]","[""Not Known""]",,https://airdroparchive.com/projects/amnis-finance/,archive-evidence\amnis-finance.json,a39f4a3c4222e2db858fbe7c12c042576995ea38fac2f465721a22e90cde3d9f,"[""https://amnis.finance/"", ""https://docs.amnis.finance/"", ""https://docs.amnis.finance/amnis-protocol/events/amnis-retroactive-airdrop"", ""https://x.com/AmnisFinance/status/1903487149384892559"", ""https://x.com/AmnisFinance/status/1904503689764872221""]",unverified_secondary_directory,False
Ampleforth,ampleforth,2021-04-20,inside_window_date_type_unverified,Alive,"[""15 million FORTH tokens""]","[""75,000""]","[""41,990""]",Ampleforth,https://airdroparchive.com/projects/ampleforth/,archive-evidence\ampleforth.json,069b51ff942e4707e3f2be585d531aba755e96556b8f8e42b20f800f93d60ac6,"[""http://blog.ampleforth.org/ampl-forth-realizing-the-full-ecosystem-e2d88ca01691"", ""https://www.ampleforth.org/"", ""https://www.ampleforth.org/governance/claim""]",unverified_secondary_directory,False
Anime Azuki,anime-azuki,2025-01-23,inside_window_date_type_unverified,Alive,"[""Not Known""]","[""Eligible User information not available""]","[""Number of Claimants information not available""]",,https://airdroparchive.com/projects/anime-azuki/,archive-evidence\anime-azuki.json,3b297259cc9b6063b1aa92a3d2f8f3ff72659228c2e354ca2f050f232355d79f,"[""https://azuki.com/gallery"", ""https://dune.com/entropy_advisors/anime-airdrop-analysis"", ""https://www.anime.xyz/"", ""https://www.anime.xyz/faq#token-allocation-determination""]",unverified_secondary_directory,False
Animeswap,animeswap,2022-10-19,inside_window_date_type_unverified,Alive,"[""10,000,000 ANI""]","[""1,937 (1001 liquidity providers, 936 early backers)""]","[""Not Known""]",,https://airdroparchive.com/projects/animeswap/,archive-evidence\animeswap.json,1d455590f299ff119665669a30fa0ed516b5b56dea3da8709ccde4c960aa01ae,"[""https://animeswap.org"", ""https://docs.animeswap.org/docs/tutorial/Tokenomics""]",unverified_secondary_directory,False
Antcore,antcore,2025-01-24,inside_window_date_type_unverified,Alive,"[""Not Known""]","[""889,678 wallet addresses""]","[""26,493 addresses registered as of January 24, 2025""]",,https://airdroparchive.com/projects/antcore/,archive-evidence\antcore.json,97f2f2ad6566470012cfb68b7c3873f55b7f3191c060ff66601af5fa6079f8e4,"[""https://antcore.finance"", ""https://genesis.antcore.finance"", ""https://portal.antcore.finance"", ""https://x.com/antcorefinance/status/1878069890008912020""]",unverified_secondary_directory,False
Antimatter,antimatter,2023-04-20,inside_window_date_type_unverified,Alive,"[""5,000,000 MATTER (5% of total supply)""]","[""22,368 wallets""]","[""Not Known""]",,https://airdroparchive.com/projects/antimatter/,archive-evidence\antimatter.json,831a202da87970acbcf1f618853f0c05cb9294656c52bf0e2597b3214a1925f0,"[""https://airdrop.antimatter.finance"", ""https://antimatter.finance"", ""https://web.archive.org/web/20230419175938/https://antimatterdefi.medium.com/matter-airdrop-eligibility-distribution-specifications-6dd23ddc61d5""]",unverified_secondary_directory,False
Anzen,anzen,2024-12-13,inside_window_date_type_unverified,Alive,"[""5% of the total 10 billion ANZ supply (500 million ANZ tokens)""]","[""Not Known""]","[""Not Known""]",,https://airdroparchive.com/projects/anzen/,archive-evidence\anzen.json,ae21701d9399d191908de740ab753b2dbc7bdfb988eef9ef88b7311f4416cf1e,"[""https://anzen.finance"", ""https://anzen.finance/anz-is-live"", ""https://anzen.finance/anzen-airdrop-overview"", ""https://app.fjordfoundry.com/token-sales/0x0Ce128bb5B1CBDc433f667905d0493eDc4ECEF80"", ""https://app.sablier.com/?t=recipient"", ""https://app.sablier.com/airstream/0x164cd04a5209cae95bb976aae8abd66ee207f43a-8453/""]",unverified_secondary_directory,False
Apecoin,apecoin,2023-08-18,inside_window_date_type_unverified,Alive,"[""150 million APE (24.2% of the Ecosystem Fund, 15% of total supply)""]","[""Not Known""]","[""Not Known""]",,https://airdroparchive.com/projects/apecoin/,archive-evidence\apecoin.json,ac7c0c0f523ae3815672b0ffc3ce31e151de3d3694daa10a0140a1f54af3bae6,"[""https://apecoin.com/claim""]",unverified_secondary_directory,False
Aptos,aptos,2022-10-24,inside_window_date_type_unverified,Alive,"[""23,454,750 APT tokens""]","[""124,828 participants""]","[""Not Known""]",Aptos,https://airdroparchive.com/projects/aptos/,archive-evidence\aptos.json,1eba02da6a60633b5ac74210ea8f4d8de482f62b2dc538e0d50324262a41f8ee,"[""https://aptosfoundation.org"", ""https://aptosfoundation.org/currents/aptos-airdrop-announcement""]",unverified_secondary_directory,False
APWine,apwine,2021-12-17,inside_window_date_type_unverified,Alive,"[""588,430 APW (1.18% of total supply)""]","[""1,382""]","[""Not Known""]",,https://airdroparchive.com/projects/apwine/,archive-evidence\apwine.json,29d3b5652d3bcb6e4f096693f512f98779deb6a9846fdb119b12dfe4c7f5245d,"[""https://apwine.fi"", ""https://apwine.fi/governance"", ""https://earni.fi/airdrops/apwine"", ""https://medium.com/apwine/apwine-genesis-airdrop-and-apw-locking-749447817687""]",unverified_secondary_directory,False
Arbitrum,arbitrum,2023-03-22,inside_window_date_type_unverified,Alive,"[""Not Known""]","[""625,000""]","[""Claiming not ended yet""]",Arbitrum,https://airdroparchive.com/projects/arbitrum/,archive-evidence\arbitrum.json,1454558956bcc8c94675be3e2eb6df353b9a23abd42ff5c80288ea9c54d6bbab,"[""https://arbitrum.foundation/eligibility"", ""https://arbitrum.io/"", ""https://docs.arbitrum.foundation/airdrop-eligibility-distribution""]",unverified_secondary_directory,False
Arbswap,arbswap,2023-05-22,inside_window_date_type_unverified,Alive,"[""50,000,000 ARBS tokens (5% of total supply)""]","[""Not Known""]","[""Not Known""]",,https://airdroparchive.com/projects/arbswap/,archive-evidence\arbswap.json,80534110cedffe1ef44f2dbd216a275fc69660a59c0b17ff6290179da5b08376,"[""https://arbswap.io/"", ""https://medium.com/@arbswap/arbswaps-arbs-token-launch-campaign-concludes-airdrop-details-and-next-steps-549baf625ed""]",unverified_secondary_directory,False
ArcadiaFi,arcadia,2025-04-10,inside_window_date_type_unverified,Alive,"[""10% of total supply (Season 1); up to 20% if Season 2 passes""]","[""Not specified""]","[""Not specified""]",,https://airdroparchive.com/projects/arcadia/,archive-evidence\arcadia.json,01bef7f0f2e46ac1d9b8acc44274d91f7e48cda2207306f44538f7920c46b411,"[""https://arcadia.finance/"", ""https://arcadiafinance.medium.com/introducing-arcadia-points-092d470793f6"", ""https://arcadiafinance.medium.com/points-season-2-rewards-and-loyalty-2808cc212961"", ""https://arcadiafinance.medium.com/points-season-4-referrals-d4a580c3623d"", ""https://x.com/ArcadiaFi/status/1909720448579064023"", ""https://x.com/Earndrop_io/status/1910705481208955144""]",unverified_secondary_directory,False
Archway,archway,2023-07-06,inside_window_date_type_unverified,Alive,"[""3.6% of the 5% airdrop allocation""]","[""Not Known""]","[""Not Known""]",,https://airdroparchive.com/projects/archway/,archive-evidence\archway.json,629ef94bf5c7e5d5221f8b63558037f754e464154cb5a9821bd4833c9762511c,"[""https://archway.io"", ""https://blog.archway.io/claim-your-archway-airdrop-cc11cc78e45f"", ""https://blog.archway.io/the-archway-genesis-airdrop-7cec4a7b2806"", ""https://twitter.com/archwayHQ""]",unverified_secondary_directory,False
Arkham S1,arkham-s1,2023-07-18,inside_window_date_type_unverified,Alive,"[""Not Known""]","[""Not Known""]","[""Not Known""]",,https://airdroparchive.com/projects/arkham-s1/,archive-evidence\arkham-s1.json,ca848ae61e49a855f0c0536fe5596662329e98ea1f6ca20578a8bebdf9c94ddb,"[""https://arkhamintelligence.com"", ""https://arkm.com"", ""https://arkm.com/wallet/airdrops"", ""https://x.com/arkham/status/1888285507672572029"", ""https://x.com/arkhamintel""]",unverified_secondary_directory,False
Arkham,arkham,2023-07-18,inside_window_date_type_unverified,Alive,"[""Not Known""]","[""Not Known""]","[""Not Known""]",Arkham,https://airdroparchive.com/projects/arkham/,archive-evidence\arkham.json,d396148758766dc95e151e93a23c8e753d621229f461749ffb71ed8e55c0474c,"[""https://arkhamintelligence.com"", ""https://x.com/arkham/status/1678422907821887488"", ""https://x.com/arkhamintel""]",unverified_secondary_directory,False
Artela Network,artela-network,2025-06-22,inside_window_date_type_unverified,Alive,"[""21,000,000 ART tokens""]","[""Over 150,000 addresses""]","[""[Not specified]""]",,https://airdroparchive.com/projects/artela-network/,archive-evidence\artela-network.json,6031e96d04774359aef414c95796eabffe15e04c3db0a875330886fa0ee8d2cf,"[""https://artela.network/"", ""https://artela.network/blog/artela-airdrop-explore-your-art-allocation-step-into-the-fully-on-chain-ai-future"", ""https://arthome.artela.network/arthome"", ""https://arthome.artela.network/arthome/airdrop/aspecta"", ""https://arthome.artela.network/arthome/airdrop/goplus"", ""https://discord.com/invite/artelanetwork"", ""https://x.com/Artela_Network/status/1859080098865180763"", ""https://x.com/Artela_Network/status/1879078766326227281"", ""https://x.com/Artela_Network/status/1879080068359880842""]",unverified_secondary_directory,False
AsMatch,asmatch,2023-12-15,inside_window_date_type_unverified,Alive,"[""10 million ASM tokens""]","[""33,000 addresses""]","[""Not Known""]",,https://airdroparchive.com/projects/asmatch/,archive-evidence\asmatch.json,6ad6ded1cd320bc98e890f312c22a5f65268c023eef1783be1f8bc57efded5ee,"[""https://asmatch.app"", ""https://asmatch.medium.com/asmatch-airdrops-10m-asm-to-linea-manta-network-base-users-efaf168d92e7"", ""https://trustalabs.io""]",unverified_secondary_directory,False
Avail,avail,2024-04-18,inside_window_date_type_unverified,Alive,"[""600 Million AVAIL tokens""]","[""354,605 wallet addresses (plus 10,000 for Avail OG NFT)""]","[""Not Known""]",Avail,https://airdroparchive.com/projects/avail/,archive-evidence\avail.json,9537d2208fa285e1107353a1d3356dc394df0d03b2fdfb40bb6004586251175a,"[""https://availproject.org"", ""https://blog.availproject.org/avail-unification-drop-claims-tutorial/"", ""https://blog.availproject.org/avails-unification-drop/"", ""https://claim.availproject.org""]",unverified_secondary_directory,False
Avalanche,avalanche,2024-12-18,inside_window_date_type_unverified,Alive,"[""Not Known""]","[""Not Known""]","[""Not Known""]",,https://airdroparchive.com/projects/avalanche/,archive-evidence\avalanche.json,7b7da45ca9c456052b84c78349d8174bc4fc61ed83b01c3033125dab16da66aa,"[""https://avax.network"", ""https://www.avax.network/blog/avalanche-foundation-the-community-airdrop"", ""https://www.avax.network/blog/core-airdrop-tool-distribute-tokens-and-reward-your-community-on-avalanche"", ""https://www.avax.network/blog/retro9000-a-40m-grant-program-rewards-developers-building-avalanche-l1s"", ""https://x.com/AvalancheFDN/status/1869429830196048212""]",unverified_secondary_directory,False
Avalon Labs,avalon-labs,2025-02-15,inside_window_date_type_unverified,Alive,"[""20% of AVL’s total supply""]","[""Not Known""]","[""Not Known""]",,https://airdroparchive.com/projects/avalon-labs/,archive-evidence\avalon-labs.json,9f7e86691dd7a07118971b18c7272c5833f8f0ae2865875fa1f98d1af0488e47,"[""https://forms.gle/S7eohBd2Myrxjv2j8"", ""https://medium.com/@avalonlabs/avl-tge-claim-your-airdrop-now-6b09957af071"", ""https://www.avalonfinance.xyz/"", ""https://x.com/avalonfinance_/status/1889116096248308097""]",unverified_secondary_directory,False
Axelar Network,axelar-network,2022-09-27,inside_window_date_type_unverified,Alive,"[""Not Known""]","[""Not Known""]","[""Not Known""]",,https://airdroparchive.com/projects/axelar-network/,archive-evidence\axelar-network.json,f7cf178d643f9ebd8369e9cbedb2fdff7b5d1ec24182663d51d7259a1911c9b0,"[""https://airdrop.axelar.network/"", ""https://axelar.network/"", ""https://x.com/axelar/status/1606280969123778562""]",unverified_secondary_directory,False
Azuro,azuro,2024-06-13,inside_window_date_type_unverified,Alive,"[""60,000,000 AZUR tokens""]","[""45,666 addresses""]","[""Not Known""]",,https://airdroparchive.com/projects/azuro/,archive-evidence\azuro.json,015682073e33f28c646eabbbeaeb0b52167805e0988970966f7ae387c4ad4be3,"[""https://azuro.org/"", ""https://blog.azuro.org/azuro-score-community-airdrop-1-93fb5944bb7a"", ""https://dune.com/azuro/stats"", ""https://gem.azuro.org"", ""https://github.com/Azuro-protocol""]",unverified_secondary_directory,False
B3,b3,2025-02-10,inside_window_date_type_unverified,Alive,"[""Not Known""]","[""Not Known""]","[""Not Known""]",,https://airdroparchive.com/projects/b3/,archive-evidence\b3.json,482da5931c4de557e9149d41442f7a8f47a5d0d9a5d80c4bf54fe36a73f11472,"[""https://b3.fun"", ""https://claim.b3.fun"", ""https://claim.b3.fun/stake"", ""https://x.com/b3dotfun/status/1888984665047908441""]",unverified_secondary_directory,False
Babylon,babylon,2025-04-10,inside_window_date_type_unverified,Alive,"[""600M BABY (6% of total supply)""]","[""Not specified""]","[""Not specified""]",Babylon,https://airdroparchive.com/projects/babylon/,archive-evidence\babylon.json,023917c6ae56d0bf75d7d1ef069867e089e8e88cc9c84203cca79969ad588e8c,"[""https://baby.tech"", ""https://baby.tech/bedrock"", ""https://baby.tech/checker"", ""https://baby.tech/etherfi"", ""https://baby.tech/lombard"", ""https://baby.tech/pumpbtc"", ""https://babylon.foundation/blogs/babylon-early-adopters-airdrop"", ""https://babylonlabs.io/"", ""https://x.com/bbn_foundation/status/1894296363388600382"", ""https://x.com/bbn_foundation/status/1910273641855476179""]",unverified_secondary_directory,False
Badger DAO,badger-dao,2020-12-03,inside_window_date_type_unverified,Alive,"[""Not Known""]","[""32,000""]","[""Not Known""]",,https://airdroparchive.com/projects/badger-dao/,archive-evidence\badger-dao.json,f629021bba40befde8546646655782734a6bdf3d51c330f8a2872dc65d1af159,"[""https://app.badger.com/"", ""https://badgerdao.medium.com/how-to-claim-your-badger-airdrop-bcab0bd3dc25""]",unverified_secondary_directory,False
Balance,balance-fun,2025-04-21,inside_window_date_type_unverified,Alive,"[""3,500 EPT per eligible user""]","[""Not specified""]","[""Not specified""]",,https://airdroparchive.com/projects/balance-fun/,archive-evidence\balance-fun.json,4bae9ca1bef87d57edacec547c458f0eb8794104d2abdfba096c5baac73457ce,"[""https://balance.fun"", ""https://foundation.balance.fun"", ""https://mirror.xyz/0x6F7ce819004184B358E4A0670f6Cd95d1BE0febb/oBummT5_FJlXCmPoTh_Qk_z4kkcXT9q9RvjhYMLS0-w"", ""https://x.com/binance/status/1913127423404614035""]",unverified_secondary_directory,False
Bedrock,bedrock,2025-03-15,inside_window_date_type_unverified,Alive,"[""5.5% of the total BR token supply""]","[""200,000+ addresses""]","[""Not Known""]",,https://airdroparchive.com/projects/bedrock/,archive-evidence\bedrock.json,1f045c140fc55c97ffc4f000071c9c96d045b44258e35cd5cfeb7211cd3651e2,"[""https://docs.bedrockdao.com/governance/usdbr-airdrop/airdrop-season-1"", ""https://mirror.xyz/0xF3c0C25090ae1458FC152947Aab57253cB8E0F0F/XqYtzwPbEEIzDThcuDIXxzj_52hBNc1m7f9iGy2rRgY"", ""https://www.bedrock.technology/"", ""https://x.com/Bedrock_DeFi/status/1901201572841017458""]",unverified_secondary_directory,False
Beoble,beoble,2024-04-15,inside_window_date_type_unverified,Alive,"[""Not Known""]","[""Not Known""]","[""Not Known""]",,https://airdroparchive.com/projects/beoble/,archive-evidence\beoble.json,b2114bfe6ea54a5d6f6375cb70953a12870de9e7d707398dd9694cfd38e28bb5,"[""https://www.beoble.io/"", ""https://x.com/beoble_official/status/1779859653364752884""]",unverified_secondary_directory,False
Bera Chain,bera-chain,2025-02-09,inside_window_date_type_unverified,Alive,"[""15.75% of total BERA supply""]","[""Not Known""]","[""Not Known""]",Berachain,https://airdroparchive.com/projects/bera-chain/,archive-evidence\bera-chain.json,56392c595a99d0709c1c621b29c2bcd5d7af9484dff4244294a0374a8797728d,"[""https://berachain.com/"", ""https://blog.berachain.com/blog/berachain-airdrop-overview"", ""https://checker.berachain.com/""]",unverified_secondary_directory,False
Biconomy,biconomy,2021-02-20,inside_window_date_type_unverified,Alive,"[""Not Known""]","[""First 500 wallets per program (Early Adopter Program II & Forward Swap)""]","[""Not Known""]",,https://airdroparchive.com/projects/biconomy/,archive-evidence\biconomy.json,de7f0b5aed0497e66050066c00a7879e98582e5e0c24828295e8ce265fa46c11,"[""https://biconomy.io"", ""https://forwardswap.io"", ""https://medium.com/biconomy/biconomy-early-adopter-program-ii-e2cf235fc76c"", ""https://medium.com/biconomy/introducing-the-biconomy-rewards-platform-8ab1b2ff535b"", ""https://medium.com/biconomy/tagged/airdrop"", ""https://rewards.biconomy.io/"", ""https://test-hyphen.biconomy.io""]",unverified_secondary_directory,False
Bitcoin Cash,bitcoin-cash,2017-01-26,outside_window_catalog_date_only,Alive,"[""Equivalent to all BTC holdings at the fork (1:1 ratio)""]","[""Not Known""]","[""Not Known""]",,https://airdroparchive.com/projects/bitcoin-cash/,archive-evidence\bitcoin-cash.json,652cc57010aceb7d6fd6e96bce997effbc94e1f12b62c85ff958d1aedf300148,"[""https://bitcoincash.org""]",unverified_secondary_directory,False
Bitoro Network,bitoro-network,2024-09-28,inside_window_date_type_unverified,Alive,"[""100 million $BTX tokens (10% of total supply)""]","[""Not Known""]","[""Not Known""]",,https://airdroparchive.com/projects/bitoro-network/,archive-evidence\bitoro-network.json,9f9ec1e6b004d63c2b6d99f75d07b8f6c6c199d0b6e855e664d32ae144a176d4,"[""https://arbiscan.io/token/0xB6212B633C941E9Be168C4b9C2d9E785F1cD42fb"", ""https://bitoro.network"", ""https://docs.bitoro.network/resources/usdbtoro-tokenomics"", ""https://x.com/bitoro_network/status/1839311486713487683""]",unverified_secondary_directory,False
BitTorrent,bittorrent,2019-01-01,inside_window_date_type_unverified,Alive,"[""99,990,000,000 BTT (10% of total supply)""]","[""Not Known""]","[""Not Known""]",,https://airdroparchive.com/projects/bittorrent/,archive-evidence\bittorrent.json,5a7c21ecc548e32a889d99e4895b0cfd26e623f2dd95f05a811374d88899b8b9,"[""https://medium.com/bittorrent/bittorrent-btt-airdrop-program-for-tron-trx-holders-initiated-1918d352ebf"", ""https://medium.com/bittorrent/bittorrent-foundation-unveils-more-details-regarding-bittorrent-btt-airdrops-for-tron-trx-8bbd194f8a87"", ""https://www.bittorrent.com"", ""https://x.com/BitTorrent/status/1087027478609170434"", ""https://x.com/BitTorrent/status/1095017021727752197""]",unverified_secondary_directory,False
Blast,blast,2024-06-26,inside_window_date_type_unverified,Alive,"[""17 billion BLAST tokens (Phase 1)""]","[""Not Known""]","[""Not Known""]",Blast,https://airdroparchive.com/projects/blast/,archive-evidence\blast.json,e434ef66e2b3ca7fae80bafdb634c7870cc2734a77ebdc3821bfd60a1a35ac7f,"[""https://blast.io"", ""https://blog.blast.io/vision/"", ""https://docs.blast.io/tokenomics""]",unverified_secondary_directory,False
Bluefin,bluefin,2024-11-28,inside_window_date_type_unverified,Alive,"[""19.68% of total BLUE supply (Exact token count not specified)""]","[""Not Known""]","[""Not Known""]",,https://airdroparchive.com/projects/bluefin/,archive-evidence\bluefin.json,f017106f92e35c844e023a2f782d0d4c691a622c24355409470c43a151d5592f,"[""https://bluefin.io"", ""https://docs.google.com/document/d/1lP4nuyVlzW8UzM1kfjsj3Q-GuXBV9Oe3/edit"", ""https://learn.bluefin.io/bluefin/bluefin-airdrop/bluefin-airdrop-explained"", ""https://trade.bluefin.io/liquidity-pools"", ""https://x.com/bluefinapp/status/1862158394733252648"", ""https://x.com/bluefinapp/status/1878078200372236462""]",unverified_secondary_directory,False
Blum,blum,2025-06-22,inside_window_date_type_unverified,unknown,"[""[Not specified; allocation based on user level and badges]""]","[""[Not specified]""]","[""[Not specified]""]",,https://airdroparchive.com/projects/blum/,archive-evidence\blum.json,5e032b720a99ba5dede35cec8c6b0c7844ce4e7b561a357f75c6d44cb55dac1a,"[""https://t.me/Blum"", ""https://www.blum.io/"", ""https://www.blum.io/post/blum-badges"", ""https://x.com/blumcrypto/status/1935746821529440588""]",unverified_secondary_directory,False
Blur,blur,2023-02-13,inside_window_date_type_unverified,Alive,"[""Not Known""]","[""Number of Claimants""]","[""123,914""]",Blur,https://airdroparchive.com/projects/blur/,archive-evidence\blur.json,21b044cc62e700f8290fe1afcf8ffcf30b9b41e2ba0bc1e3ba7d7d411c766700,"[""https://blur.io"", ""https://dune.com/0x_Something/blur-airdrop"", ""https://mirror.xyz/blurdao.eth/2nba-2j0zHPrBX0iPSNGquZ9s_WotNH6B4e5usz85mM"", ""https://mirror.xyz/blurdao.eth/BnVAt_z_6bEr9O4oLIFwyEjCmAGGb02jz8y3G7qJQhA"", ""https://mirror.xyz/blurdao.eth/XgvGOFLwdxpdRIF2BRsQqngvcBw5WMuDOcwUK3KR1AE""]",unverified_secondary_directory,False
Bonk,bonk,2023-01-26,inside_window_date_type_unverified,Alive,"[""50% of total BONK supply""]","[""Not Known""]","[""Not Known""]",Bonk,https://airdroparchive.com/projects/bonk/,archive-evidence\bonk.json,e936c95507ba9e6c5ff3c945386d97b03f52080fbcd6a464f953a7df39aa981b,"[""https://bonk.sfo3.cdn.digitaloceanspaces.com/docs/BONK-Paper.pdf"", ""https://bonkcoin.com/"", ""https://medium.com/@bonk_inu/bonk-origin-overview-mission-1c94ed22d755""]",unverified_secondary_directory,False
Bonsai,bonsai,2024-03-05,inside_window_date_type_unverified,Alive,"[""Not Known""]","[""Not Known""]","[""Not Known""]",,https://airdroparchive.com/projects/bonsai/,archive-evidence\bonsai.json,f5ccc20313b888630a2c5cab1f0805f728d4d9804ffbe35dd9eb314655ca8ede,"[""https://hey.xyz/posts/0x02142f-0x01"", ""https://www.bonsai.meme/""]",unverified_secondary_directory,False
BOOP,boop,2025-05-01,inside_window_date_type_unverified,Alive,"[""291 BOOP per eligible user""]","[""Not specified""]","[""Not specified""]",,https://airdroparchive.com/projects/boop/,archive-evidence\boop.json,b58008024d3ee563e49ce93418415dac335f9a0b8187abb7530b0b714440f77a,"[""https://boop.fun"", ""https://docs.boop.fun/airdrops"", ""https://x.com/binance/status/1919293546730754210"", ""https://x.com/boopdotfun/status/1921578683611095282""]",unverified_secondary_directory,False
Botto,botto,2021-10-07,inside_window_date_type_unverified,Alive,"[""16,407,473 BOTTO""]","[""22,066""]","[""Not Known""]",,https://airdroparchive.com/projects/botto/,archive-evidence\botto.json,917241ce1c5fd15c0404b6276d3e1eeb6490b292a475f958afc2153bd6952317,"[""https://docs.botto.com/details/token-distribution/airdrop"", ""https://www.botto.com/""]",unverified_secondary_directory,False
BounceBit,bouncebit,2024-05-13,inside_window_date_type_unverified,Alive,"[""Not Known""]","[""Not Known""]","[""Airdrop distributed automatically to eligible wallets—no claim needed.""]",,https://airdroparchive.com/projects/bouncebit/,archive-evidence\bouncebit.json,62f89352b9e608d6912229ac7e0972e0469f8f67ca25e520da71dcfdd8d0efe3,"[""https://bbscan.io"", ""https://bouncebit.io"", ""https://club.bouncebit.io"", ""https://discord.gg/bouncebit"", ""https://docs.bouncebit.io"", ""https://docs.bouncebit.io/archived/mainnet-faq"", ""https://docs.bouncebit.io/bridging"", ""https://medium.com/@bouncebit/bb-on-binance-megadrop-live-now-8b0b1104050e"", ""https://medium.com/@bouncebit/bouncebit-mainnet-is-live-dc45e6f56c8c"", ""https://medium.com/@bouncebit/introducing-the-bounceclub-100-000-000-bit-incentive-program-12b3783ed777"", ""https://portal.bouncebit.io/airdrop""]",unverified_secondary_directory,False
BSX Labs,bsx-labs,2025-01-07,inside_window_date_type_unverified,Alive,"[""100,000,000 BSX (10% of total supply)""]","[""~33,000 wallets""]","[""Not Known""]",,https://airdroparchive.com/projects/bsx-labs/,archive-evidence\bsx-labs.json,b7e2dec81be87dd6a8afa4267503a4f19b7b85e0e22247d898b91d0915e38233,"[""https://airdrop.bsxlabs.xyz/en"", ""https://bsxlabs.xyz"", ""https://discord.com/invite/Jg7q3mV37Z"", ""https://docs.bsx.exchange/bsx-docs/usdbsx/bsx-airdrop-complete-guide"", ""https://x.com/bsx_labs/status/1879831023690907759""]",unverified_secondary_directory,False
Bubblemaps,bubblemaps,2025-03-11,inside_window_date_type_unverified,Alive,"[""Not Known""]","[""Approximately 50,000 users have participated in the points campaign so far.""]","[""Not Known""]",,https://airdroparchive.com/projects/bubblemaps/,archive-evidence\bubblemaps.json,d6b778138c2d6d64a602de0704d350e7fbd2943a7f29a94d5b0e8e324c382070,"[""https://blog.bubblemaps.io/its-official-the-incoming-token/"", ""https://bubblemaps.io"", ""https://docs.google.com/spreadsheets/d/1E3sUl0VMn_icqf40xor0zUNOyXk2I6lGtcr6hLheeP8/"", ""https://wiki.bubblemaps.io/bmt/airdrop/v2-users"", ""https://x.com/bubblemaps/status/1899384817734803470""]",unverified_secondary_directory,False
BUCKET Protocol,bucket-protocol,2025-01-07,inside_window_date_type_unverified,Alive,"[""10% of total supply (100,000,000 $BUT)""]","[""Not Known""]","[""Not Known""]",,https://airdroparchive.com/projects/bucket-protocol/,archive-evidence\bucket-protocol.json,88f2c3be6735cb81fe040f5d67d8fcdc139b787601ba22d1efd6b7564faff883,"[""https://bucketprotocol.io/"", ""https://medium.com/@bucketprotocol/bucket-token-but-tokenomics-3d19a3213b34"", ""https://x.com/bucket_protocol/status/1874458007528251762""]",unverified_secondary_directory,False
Burnt (XION),burnt-xion,2024-12-05,inside_window_date_type_unverified,Alive,"[""10,000,000 XION (5% of total supply)""]","[""Hundreds of thousands of wallets across 10+ ecosystems""]","[""Not Known""]",,https://airdroparchive.com/projects/burnt-xion/,archive-evidence\burnt-xion.json,0484671921d0e1fd1336f6155e8816cf3ec1bb97d0cd90c5974d4eba71142a17,"[""https://believe.xion.burnt.com"", ""https://xion.burnt.com"", ""https://xion.burnt.com/blog/xion-airdrop-believe-in-something-the-first-spark""]",unverified_secondary_directory,False
Carv.io,carv.io,2024-10-11,inside_window_date_type_unverified,Alive,"[""40 million CARV (for Season 1)""]","[""Not Known""]","[""Not Known""]",,https://airdroparchive.com/projects/carv.io/,archive-evidence\carv.io.json,b7e2e402c6983868d48fe5041d86e292506e7629f65b338dec6937a938dc0f9f,"[""https://carv.io"", ""https://medium.com/%40Carv/carv-s1-airdrop-frequently-asked-question-a10a73757706"", ""https://x.com/carv_official/status/1844206212180738472""]",unverified_secondary_directory,False
Catizen,catizen,2024-09-20,inside_window_date_type_unverified,Alive,"[""340,000,000 CATI (34% of total supply)""]","[""Not disclosed""]","[""Not disclosed""]",,https://airdroparchive.com/projects/catizen/,archive-evidence\catizen.json,f9b980a8d733974538aef80a101e8585e7b4eb91843ed24c93abb4f9f335e227,"[""https://catizen.ai/"", ""https://docs.catizen.ai/usdcati-tokenomics"", ""https://docs.google.com/document/d/1-f0ArnMH2wrwUvqOR1OdutkAQURSXWMuSqCEtIhhtnY/edit#heading=h.hezh9kcjbfo8"", ""https://docs.google.com/document/d/1SY9BTZQnifj5Zl4Tv5L6O9qD2L4Wp9X09nyTcb4nsCc/edit#heading=h.4y20at2730m3"", ""https://docs.google.com/document/d/1ZJNdpb4xzf7ZHz0CUjwQk3j9kn5oer3I_V9h4vUNWYc/edit#heading=h.bcr1k2mrncmb"", ""https://docs.google.com/document/d/1el1d_c0K7tS0bsSzs576-juvQdnRQ-ZYQG21CUUTqzQ/edit#heading=h.8llzz8ad0pp7"", ""https://docs.google.com/document/d/1gtxz6kdSln9031JIVPeuEwzZJyBb1z3jeuMmrH42SzU/edit#heading=h.ae6e9l7mi9tq"", ""https://docs.google.com/document/d/1t6pJqH8kkOoXUgsFM_jG2Ti-DxY1aPIsqSWTdgt9l50/edit#heading=h.n1ssbdkab8bd"", ""https://docs.google.com/document/d/1w7kGXriHOKMrNmdsmvYACOwY6ig5IMranXrgcjOCmAA/edit#heading=h.lv4kgxb0uggj"", ""https://docs.google.com/document/d/1wG0kNTMR2r1zpzSmRsd3vQyUpe1kdWx7S3Jht4XAI0E/edit#heading=h.4y20at2730m3"", ""https://linktr.ee/catizen"", ""https://t.me/CatizenAnn/196"", ""https://t.me/Catizen_Mntbot/gameapp?startapp=rp_37308798"", ""https://t.me/catizenbot/gameapp?startapp=rp_36743797"", ""https://x.com/CatizenAI/status/1833554571219898749"", ""https://x.com/CatizenAI/status/1835249780664205460"", ""https://x.com/CatizenAI/status/1835263324696793259"", ""https://x.com/CatizenAI/status/1835994066884210947"", ""https://x.com/CatizenAI/status/1836299224839000436"", ""https://x.com/CatizenAI/status/1836728771224948903""]",unverified_secondary_directory,False
Celestia,celestia,2023-10-19,inside_window_date_type_unverified,Alive,"[""60 million TIA (6% of total supply)""]","[""7,579 developers and 576,653 onchain addresses""]","[""Not Known""]",Celestia,https://airdroparchive.com/projects/celestia/,archive-evidence\celestia.json,e189809f65a7312a95fb9da2220d84c1082808b0adeaccfaa4c534045997935b,"[""https://blog.celestia.org/genesis-drop/"", ""https://celestia.org"", ""https://docs.celestia.org"", ""https://genesis.celestia.org""]",unverified_secondary_directory,False
Clipper,clipper,2023-08-22,inside_window_date_type_unverified,Alive,"[""100 million SAIL (10% of total supply)""]","[""Not Known""]","[""Not Known""]",,https://airdroparchive.com/projects/clipper/,archive-evidence\clipper.json,1da2edda3e6fde114cc31e9a4a02734021e5abc4c022f3529b4b4292e29c8c75,"[""https://blog.clipper.exchange/wen-is-now-decentralized-governance-is-coming-to-the-clipper-community/"", ""https://clipper.exchange"", ""https://clipper.exchange/app/claims/sail"", ""https://shipyardsoftware.notion.site/SAIL-Wallet-Qualification-Process-730c3ae3b9714bfab7b6675bc8b5ea10""]",unverified_secondary_directory,False
CollabLand,collabland,2023-02-22,inside_window_date_type_unverified,Alive,"[""250 million COLLAB tokens (25% of total supply)""]","[""Not Known""]","[""Not Known""]",,https://airdroparchive.com/projects/collabland/,archive-evidence\collabland.json,c4496adf4ee95e7ceb35f5892d71ba074abd11c755276ee5acc5c0f3ff4477f9,"[""https://wagmi.collab.land/""]",unverified_secondary_directory,False
Connext,connext,2023-08-18,inside_window_date_type_unverified,Alive,"[""Not Known""]","[""Not Known""]","[""Not Known""]",,https://airdroparchive.com/projects/connext/,archive-evidence\connext.json,c587f0a5db65617cb3156ea870ba7efa8726e4ca3f4e485beb34d3f8bb955939,"[""https://dao-docs.connext.network/next/airdrop-details"", ""https://www.connext.network/""]",unverified_secondary_directory,False
Convex Finance,convex-finance,2023-04-07,inside_window_date_type_unverified,Alive,"[""1% of total CVX supply (for each of the two airdrop categories)""]","[""Not Known""]","[""Not Known""]",Convex Finance,https://airdroparchive.com/projects/convex-finance/,archive-evidence\convex-finance.json,376ac1cc6537b47003ebe9a4c9b6524a58bc974d092c5907150f201314a5aad3,"[""https://convexfinance.medium.com/cvx-airdrop-details-a20ff7448075"", ""https://docs.convexfinance.com/convexfinance/guides/claiming-your-airdrop"", ""https://www.convexfinance.com""]",unverified_secondary_directory,False
CowSwap,cowswap,2022-04-03,inside_window_date_type_unverified,Alive,"[""50,000,000 COW tokens""]","[""55,132""]","[""Not Known""]",,https://airdroparchive.com/projects/cowswap/,archive-evidence\cowswap.json,1b155bd6edd33968d2e85d294fe0865623749e8095af39422247572794c59b92,"[""https://cow-protocol.medium.com/cows-together-strong-welcome-vcow-token-to-the-cow-ecosystem-7689c4391373"", ""https://docs.google.com/spreadsheets/d/1a8R-189LHjXb2_ozBiBF0scYYU8eqDkO9IJcplZPafM/edit#gid=2095434710"", ""https://swap.cow.fi/"", ""https://twitter.com/CoWSwap/status/1487140241102319622?s=20"", ""https://twitter.com/CoWSwap/status/1496916492335857664"", ""https://www.theblock.co/post/139832/cowswap-unlocks-100-million-airdrop-for-its-early-supporters""]",unverified_secondary_directory,False
CreatorBid,creator-bid,2025-01-23,inside_window_date_type_unverified,Alive,"[""50,000,000 BID (5% of total supply)""]","[""Not Known""]","[""Not Known""]",,https://airdroparchive.com/projects/creator-bid/,archive-evidence\creator-bid.json,3baa36bbe389eb901ea2f6a4dfee1a91af7914bba26e07028bd27ab2c7e792f6,"[""https://creator.bid/"", ""https://x.com/CreatorBid/status/1882374039940792511""]",unverified_secondary_directory,False
CyberConnect,cyberconnect,2023-08-15,inside_window_date_type_unverified,Alive,"[""2,400,000 CYBER (2.4% of total supply)""]","[""Not Known""]","[""Not Known""]",,https://airdroparchive.com/projects/cyberconnect/,archive-evidence\cyberconnect.json,1042da8a89f13a39cd1b6af6c4272a10f972c86b37a8c060d6d146323c287a18,"[""https://cyber.co"", ""https://cyber.co/article/it-s-cyber-time-now-live-on-binance-launchpool"", ""https://x.com/BuildOnCyber/status/1687357933477040129""]",unverified_secondary_directory,False
DappRadar,dappradar,2021-12-13,inside_window_date_type_unverified,Alive,"[""10% of total supply (Exact total not specified)""]","[""~148,000 addresses""]","[""49,363 addresses (~33% of eligible users)""]",,https://airdroparchive.com/projects/dappradar/,archive-evidence\dappradar.json,09e454ca0afa7ce6f18e33416889c0a2132f44b9de8dd25a7660b07faa97f43f,"[""https://dappradar.com/"", ""https://dappradar.com/blog/eligibility-requirements-for-the-radar-token-airdrop"", ""https://docs.dappradar.com/radar-token/deprecated-features/radar-airdrop/eligibility-requirements-for-the-radar-token-airdrop"", ""https://snapshot.box/#/s:dappradar.eth/proposal/0x5bfb591e697b0053c19b87cf7a39be1ce5ec45046f4ce83eb0baadd1847861c9"", ""https://whitepaper.dappradar.com/tokenomics-2.0/introducing-radar#radar-distribution"", ""https://x.com/DappRadar/status/1470856578060496897""]",unverified_secondary_directory,False
De.Fi,de-fi,2024-02-15,inside_window_date_type_unverified,Alive,"[""3,800,000 DEFI tokens""]","[""Not Known""]","[""Not Known""]",,https://airdroparchive.com/projects/de-fi/,archive-evidence\de-fi.json,e2cd0bb8fda1f8215393d30a2c43a2723e21739aee3e81a814f1a9b64b944f41,"[""https://de.fi"", ""https://de.fi/airdrop"", ""https://de.fi/blog/de-fi-defi-airdrop-season-1-is-live""]",unverified_secondary_directory,False
deBridge,debridge,2024-10-17,inside_window_date_type_unverified,Alive,"[""6% of DBR supply (600,000,000 DBR)""]","[""Not Known""]","[""Not Known""]",,https://airdroparchive.com/projects/debridge/,archive-evidence\debridge.json,cfae31d25a386ab2c951e769d15d50cc0fd44ff2e6f575aa7059db42354a104a,"[""https://debridge.finance/"", ""https://debridge.finance/learn/blog/debridge-introduces-dbr/"", ""https://debridge.foundation"", ""https://docs.debridge.foundation/""]",unverified_secondary_directory,False
Decred,decred,2016-01-26,outside_window_catalog_date_only,Alive,"[""840,000 DCR (4% of total supply)""]","[""2,972 participants""]","[""2,972 participants""]",,https://airdroparchive.com/projects/decred/,archive-evidence\decred.json,450255617308a2ad881a55a8a030b023fab5e9c812a2257c6f4a0698b1de74a3,"[""https://docs.decred.org/advanced/premine/""]",unverified_secondary_directory,False
DeepBook,deepbook,2024-10-14,inside_window_date_type_unverified,Alive,"[""1,000,000,000 DEEP (10% of total supply)""]","[""~100,000 early adopters (DBClaimNFT recipients)""]","[""Not Known""]",DeepBook,https://airdroparchive.com/projects/deepbook/,archive-evidence\deepbook.json,d742542ba88ae5bbca3fd823b27d725feb14c83c805ffca354d9d10c39e816e6,"[""https://blog.sui.io/deepbook-deep-token-launch/"", ""https://claim.deepbook.tech"", ""https://deepbook.tech/deep-token""]",unverified_secondary_directory,False
Defi App,defi-app,2025-06-10,inside_window_date_type_unverified,Alive,"[""500,000,000 HOME (5% of supply) + potential 500M bonus (community vote)""]","[""[Not specified]""]","[""[Not specified]""]",,https://airdroparchive.com/projects/defi-app/,archive-evidence\defi-app.json,697288e54084c6072032e257bd4e6a1aa07693f14e5071f3e166ec817d448487,"[""https://defi.app"", ""https://docs.defi.app/knowledge-base/home-token/tokenomics"", ""https://x.com/defidotapp/status/1930986187767857427"", ""https://x.com/defidotapp/status/1930986290008248715"", ""https://x.com/defidotapp/status/1932396195944464556""]",unverified_secondary_directory,False
DefinitiveFi,definitivefi,2025-03-13,inside_window_date_type_unverified,Alive,"[""200,000 $EDGE for Last Chance Drawing, full distribution amount not specified""]","[""124,000 addresses""]","[""Not Known""]",,https://airdroparchive.com/projects/definitivefi/,archive-evidence\definitivefi.json,e29de34d4458534a21d07064da25458db870d7f18718b2c84c4693b305118435,"[""https://app.definitive.fi/claim"", ""https://definitive.fi"", ""https://discord.com/invite/definitive"", ""https://docs.definitive.fi"", ""https://docs.definitive.fi/platform/edge-token-airdrop"", ""https://x.com/DefinitiveFi/status/1900212855527608473"", ""https://x.com/DefinitiveFi/status/1901739811872112641""]",unverified_secondary_directory,False
Degen,degen,2024-01-15,inside_window_date_type_unverified,Alive,"[""~70% of 37 billion $DEGEN (distributed in multiple phases)""]","[""Not Known""]","[""Not Known""]",,https://airdroparchive.com/projects/degen/,archive-evidence\degen.json,4542fcd8e963c9925a882f311e9f6a1785655c72f130401c0c89d7f9147aaa2d,"[""https://www.degen.tips"", ""https://www.degen.tips/airdrop2/current"", ""https://www.degen.tips/tokenomics""]",unverified_secondary_directory,False
DeLorean,delorean,2025-06-24,inside_window_date_type_unverified,Alive,"[""[Unknown, millions of $DMC tokens distributed; exact % not disclosed]""]","[""[Not specified; includes Time Capsule NFT holders, Galxe quest participants, Binance Alpha users]""]","[""[Not specified]""]",,https://airdroparchive.com/projects/delorean/,archive-evidence\delorean.json,934bde2c51c792c0aa5adad76f9f136c96ccd52dc3d05f23b5aacd27a04de26a,"[""https://deloreanlabs.com"", ""https://x.com/DeLoreanlabs/status/1889365417061413022"", ""https://x.com/DeLoreanlabs/status/1934030151790010574"", ""https://x.com/DeLoreanlabs/status/1935842065528590540"", ""https://x.com/DeLoreanlabs/status/1936089410052731317"", ""https://x.com/DeLoreanlabs/status/1937515553091952681"", ""https://x.com/binance/status/1936347408239140959""]",unverified_secondary_directory,False
Derive,derive,2025-01-15,inside_window_date_type_unverified,Alive,"[""Up to 77,114,554 DRV tokens (7.71% of total supply)""]","[""Not Known""]","[""Not Known""]",,https://airdroparchive.com/projects/derive/,archive-evidence\derive.json,3ab02ad678918afcb034ab1414aa1a33f7a7d93d5e831da3fc84d181ffddf79c,"[""https://derive.xyz"", ""https://derive.xyz/airdrop"", ""https://forums.derive.xyz/t/dip-drv-token-launch-and-functionality/233"", ""https://x.com/derivexyz/status/1879334816136736887""]",unverified_secondary_directory,False
Developer DAO,developer-dao,2022-08-21,inside_window_date_type_unverified,Alive,"[""10 million CODE tokens""]","[""Not Known""]","[""Not Known""]",,https://airdroparchive.com/projects/developer-dao/,archive-evidence\developer-dao.json,f2af82fc643a452e254619abdc2b478b07b164b673ce1fc6263ae555290ba576,"[""https://developerdao.notion.site/The-CODE-Governance-Token-3c1e14dbc6bd461fa07978bf37d04fd9"", ""https://twitter.com/developer_dao""]",unverified_secondary_directory,False
DexGuru,dexguru,2024-11-27,inside_window_date_type_unverified,Alive,"[""Not Known""]","[""Not Known""]","[""Not Known""]",,https://airdroparchive.com/projects/dexguru/,archive-evidence\dexguru.json,72d02129bc8c7c679bf2cd1188a9027f7450d00ee3bca809bafb844d5298b418,"[""https://docs.gurunetwork.ai/getting-started/ultimate-guide-to-guru-network-for-community-users"", ""https://gov.gurunetwork.ai/t/proposal-003-guru-ecosystem-incentivization-airdrop-mechanism/34"", ""https://gurunetwork.ai"", ""https://x.com/xgurunetwork/status/1859608300100182152""]",unverified_secondary_directory,False
DFYN,dfyn,2021-05-10,inside_window_date_type_unverified,Alive,"[""500,000 DFYN tokens""]","[""5,879 users (5162 traders + 717 liquidity providers)""]","[""Not Known""]",,https://airdroparchive.com/projects/dfyn/,archive-evidence\dfyn.json,512f32ce93e1c566fcefc06a3201e5d152fb02bb9abf4c44965c9d6b73571e04,"[""https://dfyn-network.medium.com/dfyn-early-adopters-airdrop-is-here-e4946cd3d5f5"", ""https://dfyn.network""]",unverified_secondary_directory,False
Diffusion Finance,diffusion-finance,2022-05-02,inside_window_date_type_unverified,Alive,"[""25 million DIFF tokens""]","[""Not Known""]","[""Not Known""]",,https://airdroparchive.com/projects/diffusion-finance/,archive-evidence\diffusion-finance.json,f9cc3f0e60c7a8b0047431226e32f1a4ccdf1750771c16d5ab8ae020a465cbe5,"[""https://.diffusion.fi/docs/diffusion-tokenomics/airdrop"", ""https://diffusion.fi"", ""https://twitter.com/diffusion_fi/status/1494042384384114688"", ""https://web.archive.org/web/20220501164236/https://medium.com/@diffusion_fi/diffusion-is-live-31d12e62f500"", ""https://web.archive.org/web/20220816165016/https://medium.com/@diffusion_fi/diffusion-tokenomics-ae7ee46e36c7""]",unverified_secondary_directory,False
Dmail,dmail,2024-01-30,inside_window_date_type_unverified,Alive,"[""7,500,000 DMAIL (3.75% of total supply)""]","[""Not Known""]","[""Not Known""]",,https://airdroparchive.com/projects/dmail/,archive-evidence\dmail.json,fb496819aeacef2d56af3257c75ca63e4fb883497db8360c8f4b90136c005b2c,"[""https://blog.dmail.ai/dmail-season1-airdrop-eligibility-and-distribution-details/"", ""https://dmail.ai/""]",unverified_secondary_directory,False
Dogs,dogs,2024-08-16,inside_window_date_type_unverified,Alive,"[""Approximately 380 billion DOGS tokens""]","[""Approximately 20.5 million users""]","[""Approximately 17 million users""]",,https://airdroparchive.com/projects/dogs/,archive-evidence\dogs.json,e666f6947e4edf4bb1b398b5138e1b391160329c8b23587275a40c5c13ae57bf,"[""https://www.kucoin.com/fil/news/articles/dogs-dogs-airdrop-listing-and-everything-you-need-to-know"", ""https://x.com/realDogsHouse/status/1861836867479441500""]",unverified_secondary_directory,False
DOLO (Dolomite),dolomite,2025-04-24,inside_window_date_type_unverified,Alive,"[""20% of total supply""]","[""Not specified""]","[""Not specified""]",,https://airdroparchive.com/projects/dolomite/,archive-evidence\dolomite.json,f147845071e31711329af4da8e5ccc5ee12ea553e968c4f3681d2dc2d0affaf3,"[""https://docs.dolomite.io"", ""https://docs.dolomite.io/dolo/airdrop"", ""https://dolomite.io"", ""https://dolomite.io/airdrop"", ""https://dolomite.io/checker"", ""https://x.com/BinanceWallet/status/1914641805322359189"", ""https://x.com/Dolomite_io/status/1915386790523130180""]",unverified_secondary_directory,False
Doodles,doodles,2025-05-09,inside_window_date_type_unverified,Alive,"[""298,865,583 DOOD (Binance Alpha) + 30% of total supply (NFT holders)""]","[""30,271 (Binance Alpha) + NFT holders""]","[""To be determined""]",,https://airdroparchive.com/projects/doodles/,archive-evidence\doodles.json,1e2bf85c17662222059262058e11338e3b92636f8c14c62ba39032a1c8b35b0f,"[""https://dood.doodles.app"", ""https://dood.doodles.app/faq"", ""https://doodles.app"", ""https://dreamnet.doodles.app/tokenomics/distribution-and-value-alignment"", ""https://x.com/binance/status/1920073738676060627"", ""https://x.com/binance/status/1920771570420580551"", ""https://x.com/doodles/status/1920467334516318528"", ""https://x.com/doodles/status/1920824865407263212""]",unverified_secondary_directory,False
Drift,drift,2024-05-16,inside_window_date_type_unverified,Alive,"[""120,000,000 DRIFT tokens (12% of total supply)""]","[""~150,000""]","[""Not Known""]",Drift,https://airdroparchive.com/projects/drift/,archive-evidence\drift.json,0e85e61ef25c83d2f5df6259e9b681b5f1660698b05c35e21db8d3c4d033fe82,"[""https://twitter.com/DriftFDN"", ""https://www.drift.trade"", ""https://www.drift.trade/governance/eligibility-criteria""]",unverified_secondary_directory,False
dYdX,dydx,2021-09-07,inside_window_date_type_unverified,Alive,"[""50,309,197 $ethDYDX""]","[""64,306""]","[""61,075""]",dYdX,https://airdroparchive.com/projects/dydx/,archive-evidence\dydx.json,60559ba5699dce6e30083fc7a68c2312491bea8968e19c366a286d38c102a357,"[""https://docs.dydx.community/dydx-governance/rewards/retroactive-mining-rewards"", ""https://dydx.community""]",unverified_secondary_directory,False
Dymension,dymension,2024-01-02,inside_window_date_type_unverified,Alive,"[""70,000,000 DYM tokens (7% of total supply)""]","[""Not Known""]","[""Not Known""]",Dymension,https://airdroparchive.com/projects/dymension/,archive-evidence\dymension.json,f53eae34621e37bcd283127783712b94d8dfe4f2ae47268527eabefccf4e2553,"[""https://dymension.xyz/"", ""https://genesis.dymension.xyz/"", ""https://medium.com/@dymension/genesis-rolldrop-the-first-rolldrop-season-219c8b5ea16e""]",unverified_secondary_directory,False
EigenLayer Season 2,eigenlayer-s2,2024-09-17,inside_window_date_type_unverified,Alive,"[""~86M EIGEN (~5.15% of the initial EIGEN supply) across all categories in Season 2.""]","[""Not Known""]","[""Not Known""]",,https://airdroparchive.com/projects/eigenlayer-s2/,archive-evidence\eigenlayer-s2.json,ef69886f5409cae61951ca5ce60f3f69ed0c0cb6f1d6e798380aa39bbc8851b6,"[""https://blog.eigenfoundation.org/season-2-stakedrop/"", ""https://claims.eigenfoundation.org"", ""https://s2calculator.eigenfoundation.org"", ""https://verify.eigenfoundation.org"", ""https://www.eigenfoundation.org""]",unverified_secondary_directory,False
EigenLayer,eigenlayer,2024-05-10,inside_window_date_type_unverified,Alive,"[""15% of the initial EIGEN supply allocated across multiple seasons.""]","[""Not Known""]","[""Not Known""]",EigenLayer,https://airdroparchive.com/projects/eigenlayer/,archive-evidence\eigenlayer.json,50ad46c1fc525c012eb7c7b65bd45dd071a0ebca78211aef6341492d22ef5488,"[""https://blog.eigenfoundation.org/announcement/"", ""https://claims.eigenfoundation.org"", ""https://docs.eigenfoundation.org"", ""https://www.eigenfoundation.org""]",unverified_secondary_directory,False
Eigenpie,eigenpie,2024-09-25,inside_window_date_type_unverified,Alive,"[""10% of the total EGP token supply""]","[""Not Known""]","[""Not Known""]",,https://airdroparchive.com/projects/eigenpie/,archive-evidence\eigenpie.json,0e38759465e47bf2abb627e5093575832924cd8e8ea7f86baf000cb3b3664772,"[""https://eigenlayer.magpiexyz.io/"", ""https://eigenlayer.magpiexyz.io/dashboard"", ""https://x.com/Eigenpiexyz_io/status/1836025363979481390"", ""https://x.com/Eigenpiexyz_io/status/1838903878961574056""]",unverified_secondary_directory,False
Ekubo,ekubo,2024-05-14,inside_window_date_type_unverified,Alive,"[""3,333,333 EKUBO tokens (1/3rd of the total supply)""]","[""Not Known""]","[""Not Known""]",,https://airdroparchive.com/projects/ekubo/,archive-evidence\ekubo.json,dcf05eebd0bb8eabf474a563fae3c4993456a08ad4dbb6939ca091a634610f38,"[""https://docs.ekubo.org/user-guides/governance/"", ""https://docs.ekubo.org/user-guides/governance/airdrop_data.csv.zip"", ""https://docs.ekubo.org/user-guides/governance/ekubo-token"", ""https://ekubo.org"", ""https://starkscan.co/contract/0x04bfacd0fcf70f444815de9150008fd12b5fb6721562707e502ce71ccb327d88"", ""https://voyager.online/contract/0x04bfacd0fcf70f444815de9150008fd12b5fb6721562707e502ce71ccb327d88""]",unverified_secondary_directory,False
Element Finance,element-finance,2023-04-07,inside_window_date_type_unverified,Dead,"[""Not Known""]","[""Not Known""]","[""Not Known""]",,https://airdroparchive.com/projects/element-finance/,archive-evidence\element-finance.json,2d6f44ca782f166f99543338080c5ddae9fd2deb8e29c9bb002dbf7540cec399,"[""https://docs-delv.gitbook.io/element-protocol-developer-docs/governance-council/airdrop"", ""https://element.fi"", ""https://gov.element.fi""]",unverified_secondary_directory,False
Elipsis,elipsis,2021-03-24,inside_window_date_type_unverified,Alive,"[""Not Known""]","[""Not Known""]","[""Not Known""]",,https://airdroparchive.com/projects/elipsis/,archive-evidence\elipsis.json,d8ec9178694507e40ed1358958a4170dc29143fd4239edf4e39cd823a1a2b125,"[""https://docs.ellipsis.finance"", ""https://ellipsis.finance/"", ""https://ellipsis.finance/claim"", ""https://ellipsisfinance.medium.com/ellipsis-roadmap-2021-and-first-airdrop-c4e1d332d557"", ""https://t.me/ellipsisfinance"", ""https://twitter.com/ellipsisfi""]",unverified_secondary_directory,False
Elixir,elixir,2025-03-06,inside_window_date_type_unverified,Alive,"[""8% of total ELX supply""]","[""Not Known""]","[""Not Known""]",,https://airdroparchive.com/projects/elixir/,archive-evidence\elixir.json,a8d14c43040e6651adea65e0d929db4ff2db97b59f79609ae56788c555ad6714,"[""https://claim.elixir.xyz"", ""https://discord.com/invite/elixirnetwork"", ""https://elixir.finance"", ""https://mirror.xyz/0x25832C2fC7B7380E5B74Ea280ea2D2C98a0d5644/XXZuIQ1Awjzn2KkNGENrJcl1zvsj2RVUWKunVHFq2rA"", ""https://x.com/elixir/status/1897403017080803427""]",unverified_secondary_directory,False
Elys,elys,2024-12-17,inside_window_date_type_unverified,Alive,"[""14% of total token supply (distributed over 2 years)""]","[""Not Known""]","[""Not Known""]",,https://airdroparchive.com/projects/elys/,archive-evidence\elys.json,a9ae023550fa9c7c580cc4990add15f4a2f1c361084e219deb7e8d940975c19c,"[""https://airdrop.elys.network"", ""https://app.elys.network"", ""https://cosmos.leapwallet.io/airdrops"", ""https://elys.network/"", ""https://elysnetwork.medium.com/elys-networks-january-2024-update-testnet-airdrop-and-more-f842f7452a20"", ""https://linktr.ee/elysnetwork"", ""https://mirror.xyz/elys-network.eth/YbCsO4mjXfCLmNvujCGqfL5oIz1w9_hERpEoEf4q1hc"", ""https://mirror.xyz/elys-network.eth/crB8IIyBmN1BDhhJ0x5uOvKiwrKibC16vWafXi7SkAo"", ""https://mirror.xyz/elys-network.eth/rdGQUK54uKZAHPrrVsdBlE_j4ZiQX0vGAe0u8uSbwEw"", ""https://x.com/elys_network/status/1864087777459212453"", ""https://x.com/elys_network/status/1868635650141888696"", ""https://x.com/elys_network/status/1868956707084550584"", ""https://x.com/elys_network/status/1869177238333338108""]",unverified_secondary_directory,False
Ens domain,ens-domain,2021-11-09,inside_window_date_type_unverified,Alive,"[""25 million ENS tokens (25% of total supply)""]","[""Over 137,000 accounts""]","[""Not Known""]",,https://airdroparchive.com/projects/ens-domain/,archive-evidence\ens-domain.json,1ce8a8d68454494219db7d03753a469de748bc6534659386898d747744a85165,"[""https://ens.domains"", ""https://ens.mirror.xyz/-eaqMv7XPikvXhvjbjzzPNLS4wzcQ8vdOgi9eNXeUuY"", ""https://etherscan.io/address/0xC18360217D8F7Ab5e7c516566761Ea12Ce7F9D72"", ""https://x.com/ensdomains/status/1457862602239926274?s=20""]",unverified_secondary_directory,False
Equilibre,equilibre,2023-03-24,inside_window_date_type_unverified,Alive,"[""400,000 $VARA (1% of supply)""]","[""Not Known""]","[""Not Known""]",,https://airdroparchive.com/projects/equilibre/,archive-evidence\equilibre.json,62e14650e6df941daf4d49a4987e125985cd22e8d357dfd795a6136c814e0aa3,"[""https://equilibrefinance.com/"", ""https://raw.githubusercontent.com/equilibre-finance/wallets-data/main/airdrop.txt""]",unverified_secondary_directory,False
Ethena,ethena,2024-04-02,inside_window_date_type_unverified,Alive,"[""750 million ENA (5% of total supply)""]","[""Over 90,000 users (Top 2000 wallets have vesting conditions)""]","[""Not Known""]",Ethena,https://airdroparchive.com/projects/ethena/,archive-evidence\ethena.json,c517b159f982025f06e9a13c47f15cf5411fa72a4f3a2117505f5d761c33d139,"[""https://app.ethena.fi"", ""https://claim.ethena.fi"", ""https://ethena.fi"", ""https://mirror.xyz/0xF99d0E4E3435cc9C9868D1C6274DfaB3e2721341/uCBp9VeuLWs-ul1b6AOUAoMg5HBB_iizMIi-11N6nT8""]",unverified_secondary_directory,False
EtherFi,etherfi,2024-03-18,inside_window_date_type_unverified,Alive,"[""Season 1: 6% of total supply (60,000,000 ETHFI)""]","[""Not Known""]","[""Not Known""]",ether.fi,https://airdroparchive.com/projects/etherfi/,archive-evidence\etherfi.json,fa071f1415489088d2e0338f7dd50cebe0daadb9c849bc9aa7b3f40d066216f6,"[""https://claim.ether.fi"", ""https://ether.fi"", ""https://etherfi.medium.com/announcing-ethfi-the-ether-fi-governance-token-8cae7327763a"", ""https://x.com/ether_fi/status/1769002585501962253""]",unverified_secondary_directory,False
EtherMail,ethermail,2024-06-25,inside_window_date_type_unverified,Alive,"[""Not Known""]","[""Not Known""]","[""Not Known""]",,https://airdroparchive.com/projects/ethermail/,archive-evidence\ethermail.json,da7ab60e81a405180d7d86954b75b250841277e4b96372b9d6a02768cc52a2c5,"[""https://ethermail.io"", ""https://medium.com/@ethermail_io/launching-emt-the-worlds-first-email-token-e2378336de18""]",unverified_secondary_directory,False
Exactly Protocol,exactly-protocol,2023-07-25,inside_window_date_type_unverified,Alive,"[""100,000 EXA (1% of total supply)""]","[""Not Known""]","[""Not Known""]",,https://airdroparchive.com/projects/exactly-protocol/,archive-evidence\exactly-protocol.json,ed8b79577f574eaa0b4b7482b2fcdc03b847eca65951d6cdf0123c0648300ed9,"[""https://dune.com/exactly/exactly-airdrop"", ""https://exact.ly/"", ""https://github.com/exactly/protocol/blob/main/scripts/airdrop.json"", ""https://medium.com/@exactly_protocol/the-exa-airdrop-is-here-8d55adae7faf"", ""https://x.com/ExactlyProtocol/status/1684182319832399872""]",unverified_secondary_directory,False
Exchange Art,exchange-art,2024-07-29,inside_window_date_type_unverified,Alive,"[""100,000,000 ART (10% of total supply)""]","[""Not Known""]","[""Not Known""]",,https://airdroparchive.com/projects/exchange-art/,archive-evidence\exchange-art.json,1e702a7e79c58bb171eb54afd7cf1d09a4e8278d0e91b5ded7c752fcd826a366,"[""https://blog.exchange.art/art-faq/"", ""https://exchange.art"", ""https://exchange.art/art-claim"", ""https://jup.ag/"", ""https://raydium.io/""]",unverified_secondary_directory,False
Fluidity,fluidity,2024-04-04,inside_window_date_type_unverified,Alive,"[""37,721,883 FLY tokens""]","[""Not Known""]","[""Not Known""]",,https://airdroparchive.com/projects/fluidity/,archive-evidence\fluidity.json,6ac3ad7d33ba45a03e2234e736deb03396d2deea479a9556b1cc4f3f7ec84245,"[""https://blog.fluidity.money/"", ""https://blog.fluidity.money/announcing-the-fluidity-airdrop-and-ico-4c72172acb64"", ""https://discord.gg/fluidity"", ""https://docs.fluidity.money/"", ""https://fluidity.money/"", ""https://github.com/fluidity-money"", ""https://twitter.com/fluiditylabs""]",unverified_secondary_directory,False
Fly,fly-trade,2025-06-07,inside_window_date_type_unverified,Alive,"[""[Not specified; includes airdrop and Earndrop™]""]","[""[Not specified]""]","[""[Not specified]""]",,https://airdroparchive.com/projects/fly-trade/,archive-evidence\fly-trade.json,ce28051c957ff6e449b7dd41b0c4d1fa071dac14f8df5df67c6238ae39363c67,"[""http://app.fly.trade/fly"", ""https://app.fly.trade/swap"", ""https://x.com/flytrade_/status/1915130170672918923"", ""https://x.com/flytrade_/status/1931134273702281451"", ""https://x.com/flytrade_/status/1932485221393264845""]",unverified_secondary_directory,False
ForeFront,forefront,2021-03-12,inside_window_date_type_unverified,Alive,"[""20% of total FF supply""]","[""~6,742 addresses""]","[""Not Known""]",,https://airdroparchive.com/projects/forefront/,archive-evidence\forefront.json,12a248630c733db0b44789b2c4c02599214596f4b4d71c9e5037f5602fb9b0d1,"[""https://forefront.gitbook.io/forefront/token-distribution/community-airdrop"", ""https://forefront.news/"", ""https://github.com/ffdao/ffclaim/blob/main/FFClaim.csv""]",unverified_secondary_directory,False
Forta,forta,2022-06-14,inside_window_date_type_unverified,Alive,"[""Not Known""]","[""26,769""]","[""Not Known""]",,https://airdroparchive.com/projects/forta/,archive-evidence\forta.json,906ee32fdab817ef31ee4d553a9c804d6c92382cda8e019e22fa1951bae19260,"[""https://docs.forta.network/en/latest/airdrop/"", ""https://docs.forta.network/en/latest/fort-token/"", ""https://forta.network""]",unverified_secondary_directory,False
Friend.tech,friend-tech,2024-05-03,inside_window_date_type_unverified,Alive,"[""100,000,000 FRIEND (100% of supply)""]","[""44,000 (first Friday drop); top 10,000 users received at least 840 FRIEND""]","[""Not specified""]",,https://airdroparchive.com/projects/friend-tech/,archive-evidence\friend-tech.json,10bc5689f6d620b7cfdec43545bea2192d0a3865d18e18a489f6bce5683d7336,"[""https://www.friend.tech/"", ""https://x.com/friendtech/status/1692671763535323647"", ""https://x.com/friendtech/status/1783917297523945588"", ""https://x.com/friendtech/status/1784957439877804037""]",unverified_secondary_directory,False
FuruCombo,furucombo,2022-09-03,inside_window_date_type_unverified,Alive,"[""$1,000 in FFST""]","[""Not Known""]","[""Not Known""]",,https://airdroparchive.com/projects/furucombo/,archive-evidence\furucombo.json,17e754b4c246796b19643a9238f4356fcaa0ce854853fd9f9d64e4b9bc9686df,"[""https://docs.furucombo.app/using-furucombo-1/loyalty-program/furucombo-loyalty-airdrop-campaign"", ""https://furucombo.app"", ""https://web.archive.org/web/20220924170057/https://docs.furucombo.app/using-furucombo-1/loyalty-program/furucombo-loyalty-airdrop-campaign"", ""https://web.archive.org/web/20220924171702/https://docs.furucombo.app/using-furucombo-1/loyalty-program""]",unverified_secondary_directory,False
Fyde,fyde,2024-10-09,inside_window_date_type_unverified,Alive,"[""7% of the total $FYDE token supply""]","[""Not Known""]","[""Not Known""]",,https://airdroparchive.com/projects/fyde/,archive-evidence\fyde.json,72d9917e7e6d3e19b56c52b1d2770a6119a3b028952a90eef27d3907f9d3c28c,"[""https://app.fyde.fi"", ""https://app.fyde.fi/verify-airdrop"", ""https://docs.fyde.fi/overview/usdfyde-season-2-airdrop"", ""https://game.fyde.fi""]",unverified_secondary_directory,False
Galxe,galxe,2022-05-04,inside_window_date_type_unverified,Alive,"[""~3.65 million GAL (1.83% of total supply)""]","[""Not Known""]","[""Not Known""]",,https://airdroparchive.com/projects/galxe/,archive-evidence\galxe.json,d8229c154750f136dbe151c965f528175de556aa0f1498e94608451156a4f7c6,"[""https://docs.galxe.com/"", ""https://galxe.com"", ""https://web.archive.org/web/20220926091647/https://docs.galxe.com/the-gal-token/gal%20early%20adopter%20rewards/""]",unverified_secondary_directory,False
GameSwift,gameswift,2023-07-23,inside_window_date_type_unverified,Alive,"[""4% of the total GSWIFT supply""]","[""Not Known""]","[""Not Known""]",,https://airdroparchive.com/projects/gameswift/,archive-evidence\gameswift.json,2247080ffcb2b0ef0f0e3d890937b06196493d666e1e7dff6a7b75afa653e706,"[""https://discord.gg/gameswift"", ""https://gameswift.io"", ""https://gswift.community/airdrop"", ""https://medium.com/@GameSwift/the-ultimate-guide-to-gswift-token-airdrop-distribution-claiming-and-post-claim-strategies-4a9847320d8e"", ""https://t.me/GameSwift"", ""https://twitter.com/GameSwift_io"", ""https://www.linkedin.com/company/gameswift"", ""https://www.youtube.com/c/GameSwift""]",unverified_secondary_directory,False
GammaSwap,gammaswap,2024-09-09,inside_window_date_type_unverified,Alive,"[""48,000,000 GS tokens (3% of total supply)""]","[""Approximately 1,200 wallets""]","[""Not Known""]",,https://airdroparchive.com/projects/gammaswap/,archive-evidence\gammaswap.json,5243822296b738fab1a99a93cd665f0d9309a7b3593b9a6503a0d06f496812dd,"[""https://app.gammaswap.com/airdrop"", ""https://gammaswap.com/"", ""https://gammaswap.com/blog/gammaswap-airdrop""]",unverified_secondary_directory,False
Gearbox,gearbox,2022-12-08,inside_window_date_type_unverified,Alive,"[""Not Known""]","[""Not Known""]","[""Not Known""]",,https://airdroparchive.com/projects/gearbox/,archive-evidence\gearbox.json,796a88b2e520322b0eb59900fd7ac9e6971070ba564590f1168bc6554cd9470f,"[""https://docs.gearbox.finance"", ""https://docs.google.com/spreadsheets/d/1YHkq1TzJhM-WZm0HgfC-QDEnAEUqV8Pdaz3vIxVAQnY/"", ""https://etherscan.io/address/0xbf57539473913685688d224ad4e262684b23dd4c#readContract"", ""https://gearbox.finance"", ""https://github.com/Gearbox-protocol"", ""https://github.com/Gearbox-protocol/launch-snapshot"", ""https://gov.gearbox.fi/t/start-here-forum-rules/"", ""https://medium.com/gearbox-protocol/gear-token-not-yet-live-and-governance-reverse-voting-escrow-75f367985397"", ""https://snapshot.org/#/gearbox.eth""]",unverified_secondary_directory,False
Genie,genie,2022-11-30,inside_window_date_type_unverified,Alive,"[""5 million USDC""]","[""15,823""]","[""Not Known""]",,https://airdroparchive.com/projects/genie/,archive-evidence\genie.json,949e4ca9245ea0d6d3149cff8ed2f318ddcd39d9b49367a76b56233f71b8b554,"[""https://app.uniswap.org"", ""https://blog.uniswap.org/uniswap-nft-aggregator-announcement"", ""https://etherscan.io"", ""https://genie.xyz/"", ""https://web.archive.org/web/20230509145608/https://blog.uniswap.org/uniswap-nft-aggregator-announcement""]",unverified_secondary_directory,False
Gitcoin,gitcoin,2021-04-25,inside_window_date_type_unverified,Alive,"[""15,000,000 GTC""]","[""25,500""]","[""16,169""]",Gitcoin,https://airdroparchive.com/projects/gitcoin/,archive-evidence\gitcoin.json,ae66264b6dcaba9402592a0385dfe8273456722c0480618cd7ec3dce689420f7,"[""https://gitcoin.co"", ""https://gov.gitcoin.co"", ""https://quadraticlands.com"", ""https://web.archive.org/web/20220915084937/https://go.gitcoin.co/blog/introducing-gtc-gitcoins-governance-token""]",unverified_secondary_directory,False
Giza,giza,2025-05-20,inside_window_date_type_unverified,Alive,"[""13,800,000 GIZA (approx. 1.37% of total supply)""]","[""15,882 (across all categories)""]","[""Not specified""]",,https://airdroparchive.com/projects/giza/,archive-evidence\giza.json,5d22e16b1f725012780e213637d2042fecdae8091c289705ef2ba8866d7813c8,"[""https://gizatech.xyz/blog/giza-airdrop"", ""https://www.gizatech.xyz/"", ""https://x.com/gizatechxyz""]",unverified_secondary_directory,False
Goldfinch fi,goldfinch-fi,2022-04-07,inside_window_date_type_unverified,Alive,"[""114,285,715 GFI (Initial Supply)""]","[""Over 13,000 participants""]","[""Not Known""]",,https://airdroparchive.com/projects/goldfinch-fi/,archive-evidence\goldfinch-fi.json,a747ce01426177b4e6244bf1482b5493c48220ca8fa2b040444109ac28686452,"[""https://app.goldfinch.finance/gfi"", ""https://gov.goldfinch.finance/"", ""https://medium.com/goldfinch-fi/introducing-the-goldfinch-protocol-token-gfi-e09579fd9740"", ""https://www.goldfinch.finance/""]",unverified_secondary_directory,False
Gomble,gomble,2024-03-26,inside_window_date_type_unverified,Alive,"[""403 GM per eligible Binance user""]","[""Top 2K holders per eligible game community""]","[""Not specified""]",,https://airdroparchive.com/projects/gomble/,archive-evidence\gomble.json,07db7f520c38bdaf4c8c53024ba6bfd5a0733a2f7bcbeba566a24f59460570e1,"[""https://gomble.io/"", ""https://gomblegames.gitbook.io/vision-paper"", ""https://info.gomble.io/3G9kGDk"", ""https://token.gomblemoney.io/"", ""https://x.com/binance/status/1912819078663745823"", ""https://x.com/gomblegames/status/1909216419998245080"", ""https://x.com/gomblegames/status/1911766558092714157""]",unverified_secondary_directory,False
GooDog,goodog,2025-03-22,inside_window_date_type_unverified,Alive,"[""50% of total supply (various categories, see below)""]","[""Not specified""]","[""Not specified""]",,https://airdroparchive.com/projects/goodog/,archive-evidence\goodog.json,88d81be8d477a1341cfc0a65e9e1868ff9ddd9c2b8d3a56ecd7c97369d0c0893,"[""https://debank.com/stream/3086303"", ""https://debank.com/stream/3090170"", ""https://dex.goodog.io/"", ""https://docs.goodog.io/ignition"", ""https://goodog.io/"", ""https://goodog.io/ignition"", ""https://scan.dbkchain.io/address/0x73871B39c1EBE91fDB5a918098e519A8165A0E9d""]",unverified_secondary_directory,False
GPUnet,gpu-net,2025-06-04,inside_window_date_type_unverified,Alive,"[""[Not specified; includes 1M GPU for future seasons/roadshow]""]","[""11,000+ accounts on GANChain, 294 active validators, 66 providers""]","[""[Not specified]""]",,https://airdroparchive.com/projects/gpu-net/,archive-evidence\gpu-net.json,12c36ca9348a29652434889049c2c70810e9a20532741a851127f3ff9ea8c1f8,"[""http://subnet.gpu.net"", ""https://docs.gpu.net/usdgpu-token-launch"", ""https://www.gpu.net/"", ""https://x.com/gpunet/status/1930208861731868947"", ""https://x.com/gpunet/status/1930222021188956439"", ""https://x.com/gpunet/status/1930975386969768161"", ""https://x.com/gpunet/status/1932862685508743302""]",unverified_secondary_directory,False
Grass,grass,2024-09-05,inside_window_date_type_unverified,Alive,"[""100 million GRASS tokens (10% of total supply)""]","[""Not Known""]","[""Not Known""]",Grass,https://airdroparchive.com/projects/grass/,archive-evidence\grass.json,c09d7416616394a6ad9cfe2c1fd4c68ed99184c6ce8c24589477f26eff918b12,"[""https://grass-foundation.gitbook.io/grass-docs/introduction/grass/grass-airdrop-one"", ""https://grassfoundation.io/"", ""https://grassfoundation.io/claim"", ""https://grassfoundation.io/eligibility"", ""https://x.com/getgrass_io/status/1831380995058073649?s=46""]",unverified_secondary_directory,False
Gro Protocol,gro-protocol,2022-01-21,inside_window_date_type_unverified,Dead,"[""1,000,000 GRO (1% of total supply)""]","[""Not Known""]","[""Not Known""]",,https://airdroparchive.com/projects/gro-protocol/,archive-evidence\gro-protocol.json,28b48643cf40c2af7ee128e20f300073d9b2ad7b85e227581a8a9a0caf94e7f2,"[""https://gro.xyz/"", ""https://medium.com/gro-protocol/gro-4-all-1-of-gro-to-protocol-users-c0d7a0b5670b"", ""https://x.com/gro_dao?lang=en""]",unverified_secondary_directory,False
Gyroscope Protocol,gyroscope-protocol,2025-03-19,inside_window_date_type_unverified,Alive,"[""Up to 15% of total GYFI supply (assuming all users choose GIP-1 Option 3)""]","[""Approximately 12,000 addresses""]","[""Not Known""]",,https://airdroparchive.com/projects/gyroscope-protocol/,archive-evidence\gyroscope-protocol.json,442f38fb00318a886b94dbab29303061d245090c718918aff899b1373c1693ad,"[""https://docs.gyro.finance/governance/gyfi-tokenomics"", ""https://docs.gyro.finance/governance/gyfi-tokenomics/eligibility"", ""https://gyro.finance"", ""https://x.com/GyroStable/status/1902065139031191958""]",unverified_secondary_directory,False
Haedal Protocol,haedal,2025-04-29,inside_window_date_type_unverified,Alive,"[""5% of total HAEDAL supply""]","[""~1 million users on Sui""]","[""Not specified""]",,https://airdroparchive.com/projects/haedal/,archive-evidence\haedal.json,4e80e04672807bb6b43387e3e1b8302a9bc87284890b3a8b65111e637af366b2,"[""https://haedal.io"", ""https://haedal.xyz/airdrop"", ""https://medium.com/@haedal/haedal-airdrop-is-here-a-gift-to-the-sui-ecosystem-f53ebaed792f"", ""https://web3.okx.com/airdrop-checker/3"", ""https://x.com/binance/status/1917133095108563152""]",unverified_secondary_directory,False
Hamster Kombat,hamster-kombat,2024-09-26,inside_window_date_type_unverified,Alive,"[""60,000,000,000 HMSTR (60% of total supply)""]","[""131,000,000""]","[""Not disclosed""]",,https://airdroparchive.com/projects/hamster-kombat/,archive-evidence\hamster-kombat.json,e501ff6818c41235737bb87ca54d1b9a4abf5d9c4e3d471e9da8256d75247121,"[""https://hamsterkombat.io/"", ""https://hamsterkombatgame.io/docs/HK_WP_03.pdf"", ""https://x.com/hamster_kombat/status/1803025528909156356"", ""https://x.com/hamster_kombat/status/1838903714662248534""]",unverified_secondary_directory,False
Hashflow,hashflow,2022-11-06,inside_window_date_type_unverified,Alive,"[""67,500,000 HFT for NFT holders; Additional allocations for trading rewards, LP rewards, and market-making rewards""]","[""Not Known""]","[""Not Known""]",,https://airdroparchive.com/projects/hashflow/,archive-evidence\hashflow.json,4029c14804b337927aa391ed2e21d14393054a39f5f76f34d8e41a4ef31c562d,"[""https://docs.hashflow.com/hashflow/hft-and-governance/community-incentives"", ""https://docs.hashflow.com/hashflow/hft-and-governance/community-incentives/nft-holders-rewards"", ""https://docs.hashflow.com/hashflow/hft-and-governance/community-incentives/rewards-timeline"", ""https://docs.hashflow.com/hashflow/hft-and-governance/community-incentives/trading-rewards"", ""https://hashflow.com""]",unverified_secondary_directory,False
Hats finance,hats-finance,2024-07-25,inside_window_date_type_unverified,Alive,"[""2% of total HATS supply for token airdrop; additional NFTs for eligible users""]","[""Not Known""]","[""Not Known""]",,https://airdroparchive.com/projects/hats-finance/,archive-evidence\hats-finance.json,350521a746bbd7770cab358dba8aab0840332939769a7884aab5bf8d4d1f86d7,"[""https://hats.finance"", ""https://web.archive.org/web/20220922140950/https://docs.hats.finance/general/airdrop-machine""]",unverified_secondary_directory,False
Helio (Lista),helio-lista,2024-06-22,inside_window_date_type_unverified,Alive,"[""85,000,000 LISTA tokens (8.5% of total supply)""]","[""Not Known""]","[""Not Known""]",,https://airdroparchive.com/projects/helio-lista/,archive-evidence\helio-lista.json,efcf0730a3feca3ff0c680de63a92bbf6efb0c5739dd94d5d43e9a350a54ef20,"[""https://listadao.org"", ""https://medium.com/listadao/lista-airdrop-is-coming-62158e6f3fbd""]",unverified_secondary_directory,False
Henlo,henlo,2025-03-03,inside_window_date_type_unverified,Alive,"[""21.4% of total supply for $HENLO, 9.6% for $oHENLO""]","[""50,203 wallets""]","[""Not Known""]",,https://airdroparchive.com/projects/henlo/,archive-evidence\henlo.json,419648a496593a3085fcb0d82ca67f01f385ab3b581f8140de345492ed85c2b8,"[""https://app.ramen.finance/henlo"", ""https://checker.henlo.com/"", ""https://paragraph.xyz/@henlo/henlo-tokenomics"", ""https://www.henlo.com/"", ""https://x.com/henlo/status/1896388928133038168""]",unverified_secondary_directory,False
Holdstation,holdstation,2023-11-26,inside_window_date_type_unverified,Alive,"[""600,000 HOLD tokens""]","[""Not Known""]","[""Not Known""]",,https://airdroparchive.com/projects/holdstation/,archive-evidence\holdstation.json,01d7239ef80ea93f7a16f1ef4b8c7481fc347572dd1737ee617a7ab5d35c4196,"[""https://blog.holdstation.com/holdstation-airdrop-1-and-hst-credits-unveiled/"", ""https://docs.holdstation.com"", ""https://holdstation.com"", ""https://holdstation.exchange"", ""https://static.holdstation.com"", ""https://twitter.com/holdstationw""]",unverified_secondary_directory,False
Holograph,holograph,2024-05-23,inside_window_date_type_unverified,Alive,"[""500,000,000 HLG (5% of total supply)""]","[""Not Known""]","[""1.7K Collected (for HLG Rewards Round 1)""]",,https://airdroparchive.com/projects/holograph/,archive-evidence\holograph.json,4c6054e04339a5d7ce52d0759a7ed7b387133ac8124533168aa6b987e7a8379a,"[""https://mirror.xyz/holographxyz.eth"", ""https://mirror.xyz/holographxyz.eth/4rLnWdpRquokb1KyxMPUPii0MdP04jWHtc4LJc35GLo"", ""https://mirror.xyz/holographxyz.eth/U6QdnpflhQvsiKc1wsHI0ZW9hd8hRWTqRq5Y5Uwcf80"", ""https://mirror.xyz/holographxyz.eth/VwVSwT0BqujmLuq5Xnm4exDnx90Wl7c6WaqX8EuOuQI"", ""https://x.com/holographxyz/status/1792737087130906674""]",unverified_secondary_directory,False
Hooked,hooked,2022-12-14,inside_window_date_type_unverified,Alive,"[""Up to 100 HOOK tokens per eligible participant""]","[""Up to 99,999 Hooked Party Pass NFT holders""]","[""Not Known""]",,https://airdroparchive.com/projects/hooked/,archive-evidence\hooked.json,3e27a66212fba9998303b92710b5aff393df8dd55a896cd257f89df72c45a904,"[""https://bscscan.com/address/0x48c686ed01138b26a8cf2e382b29cde0ea7bae9c"", ""https://bscscan.com/token/0x9e9b768174eF24233BF8AC2f4131F10ff5E72Dee"", ""https://bscscan.com/token/0xa260e12d2b924cb899ae80bb58123ac3fee1e2f0"", ""https://hooked.io/"", ""https://medium.com/hookedprotocolofficial/hooked-airdrop-announcement-4e2223999d77""]",unverified_secondary_directory,False
Hop Protocol,hop-protocol,2022-06-10,inside_window_date_type_unverified,Alive,"[""80,000,000 HOP (8% of total supply)""]","[""145,329""]","[""28,050""]",Hop Protocol,https://airdroparchive.com/projects/hop-protocol/,archive-evidence\hop-protocol.json,204a66899ca665db84d85dceee591c3cffacb478aef659b952019361d9e5f49d,"[""https://app.hop.exchange/"", ""https://dune.com/hildobby/HOP-Airdrop"", ""https://hop.mirror.xyz/AI5fOUR0X_l0mktShDOx3mwr-hsB24gp8GvTWtS-MBc""]",unverified_secondary_directory,False
Huma Finance,huma-finance,2025-05-22,inside_window_date_type_unverified,Alive,"[""5% of total supply (Season 1)""]","[""Not specified""]","[""Not specified""]",,https://airdroparchive.com/projects/huma-finance/,archive-evidence\huma-finance.json,2591a0b8e8362aed0f0caede0c79130206edb665312f2f02df03242f0d52b0ee,"[""https://huma.finance/"", ""https://x.com/binance/status/1926917675105571014"", ""https://x.com/humafinance"", ""https://x.com/humafinance/status/1925439234955255912""]",unverified_secondary_directory,False
Humanity,humanity,2025-06-24,inside_window_date_type_unverified,Alive,"[""[Not specified; includes Fairdrop and Binance Alpha airdrop]""]","[""[Not specified]""]","[""[Not specified]""]",,https://airdroparchive.com/projects/humanity/,archive-evidence\humanity.json,e5efe6714065ed5b499e9a749b0ed5825ee3b608133967dac8b63af5c36574b5,"[""https://fairdrops.com"", ""https://testnet.humanity.org/"", ""https://www.humanity.org/"", ""https://www.humanity.org/blog/h-is-here-introducing-the-first-ever-fairdrop"", ""https://x.com/Humanityprot/status/1937075561358107030"", ""https://x.com/binance/status/1936721860462358771""]",unverified_secondary_directory,False
Hyperlane,hyperlane,2025-04-03,inside_window_date_type_unverified,Alive,"[""75,000,000 HYPER (7.5% of total supply at TGE for Expansion Drop)""]","[""Not specified""]","[""Not specified""]",,https://airdroparchive.com/projects/hyperlane/,archive-evidence\hyperlane.json,fc2264fb562a83fb6d77248474e75a2a61e2457d403035e05fefe72acab04f0a,"[""http://claim.hyperlane.foundation"", ""https://hyper.xyz/checker"", ""https://hyperlane.xyz"", ""https://medium.com/@hyperlane_fdn/introducing-hyper-f3846883f1f5"", ""https://x.com/hyperlane/status/1907796961257992465"", ""https://x.com/hyperlane_fdn/status/1907796297442275549""]",unverified_secondary_directory,False
Hyperliquid,hyperliquid,2024-11-29,inside_window_date_type_unverified,Alive,"[""Not Known""]","[""Not Known""]","[""Not Known""]",Hyperliquid,https://airdroparchive.com/projects/hyperliquid/,archive-evidence\hyperliquid.json,a478bdc10960c3015faaa45c42974d711af3e7a50faf431808597a9092c28be6,"[""https://app.hyperliquid.xyz/trade"", ""https://hyperfoundation.org/"", ""https://hyperliquid.gitbook.io/hyperliquid-docs/points"", ""https://x.com/HyperliquidX/status/1862402701705060486""]",unverified_secondary_directory,False
idriss,idriss,2025-01-01,inside_window_date_type_unverified,Alive,"[""20% of Total Token Supply (TTS)""]","[""71,130""]","[""Not Known""]",,https://airdroparchive.com/projects/idriss/,archive-evidence\idriss.json,244a0d06760f890252e34ea08ea734b6e3985dfd4c1961a842fb497fd068c851,"[""https://docs.idriss.xyz/idriss-token/retroactive-distribution"", ""https://idriss.xyz/"", ""https://x.com/idriss_xyz/status/1884017261708730648""]",unverified_secondary_directory,False
Immortal Rising 2,immortal-rising-2,2025-03-27,inside_window_date_type_unverified,Alive,"[""70 million $IMT (7% of total supply)""]","[""Not Known""]","[""Not Known""]",,https://airdroparchive.com/projects/immortal-rising-2/,archive-evidence\immortal-rising-2.json,5122b39b13fd39af49b5fe7dc6028f68b0fe618fd9937bb790842e383132944c,"[""http://news.immortalrising2.com/news/imtairdrop"", ""https://airdrop.immortalrising2.com"", ""https://immortalrising2.com""]",unverified_secondary_directory,False
Index Cooperative,index-cooperative,2020-10-06,inside_window_date_type_unverified,Alive,"[""100,000 INDEX tokens (1% of total supply)""]","[""Not Known""]","[""Not Known""]",,https://airdroparchive.com/projects/index-cooperative/,archive-evidence\index-cooperative.json,a98ab9bc3277ee974e0169df17020185975eda94af6d6c395c45736d4803a191,"[""https://discord.gg/indexcoop"", ""https://gov.indexcoop.com"", ""https://medium.com/indexcoop/introducing-the-index-cooperative-a4eaaf0bcfe2"", ""https://www.indexcoop.com""]",unverified_secondary_directory,False
Initia,initia,2025-04-24,inside_window_date_type_unverified,Alive,"[""50,000,000 INIT (5% of total supply)""]","[""194,294 (testnet) + partner and social contributors""]","[""Not specified""]",,https://airdroparchive.com/projects/initia/,archive-evidence\initia.json,50945305ffc93e7e7d3cb75da014664d1cf23ae0779e8772f215d6b95e99cd42,"[""https://init.xyz/checker"", ""https://initia.xyz/"", ""https://kaito.ai/"", ""https://x.com/initiaFDN/status/1906666010910060586""]",unverified_secondary_directory,False
intentx,intentx,,unknown,unknown,[],[],[],,https://airdroparchive.com/projects/intentx/,archive-evidence\intentx.json,,[],unverified_secondary_directory,False
Internet Computer,internet-computer,2021-05-10,inside_window_date_type_unverified,Alive,[],[],[],,https://airdroparchive.com/projects/internet-computer/,archive-evidence\internet-computer.json,bd948ebe34330349cd7628b0f2675541f47d847e000517c984c6424159c20394,"[""https://dfinity.org"", ""https://medium.com/dfinity/liftoff-the-dfinity-community-airdrop-is-here-5a11b94a2d03"", ""https://twitter.com/CoinList/status/1388232339600326659?s=20""]",unverified_secondary_directory,False
Inverse Finance,inversefinance,2022-11-03,inside_window_date_type_unverified,Alive,"[""Not Known""]","[""300 raffle winners + INV stakers (exact number not known)""]","[""Not Known""]",,https://airdroparchive.com/projects/inversefinance/,archive-evidence\inversefinance.json,bb1d69c5b5d7be97133542e8a9cc27e1af6e564692747a6cc61102033a6b7531,"[""https://www.inverse.finance"", ""https://www.inverse.finance/blog/posts/en-US/dola-borrowing-rights-dbr-airdrop"", ""https://www.inverse.finance/claim-dbr""]",unverified_secondary_directory,False
ionet,ionet,2024-05-01,inside_window_date_type_unverified,Alive,"[""17.5 million IO tokens in Season 1""]","[""Not Known""]","[""Not Known""]",,https://airdroparchive.com/projects/ionet/,archive-evidence\ionet.json,36314bedb14d80df0b9e0a5b59394398c9ccb95d1b9ad230a568ce9b2204c340,"[""https://cloud.io.net"", ""https://discord.gg/ionet"", ""https://galxe.com/ionet"", ""https://ionet.medium.com/announcing-io-nets-ignition-program-8aa988d8a776"", ""https://t.me/ionet"", ""https://twitter.com/ionet/status/1800268877815017855"", ""https://twitter.com/ionet_official"", ""https://www.io.net""]",unverified_secondary_directory,False
Ionic,ionic,2024-05-03,inside_window_date_type_unverified,Alive,"[""20,000,000 ION tokens""]","[""Not Known""]","[""Not Known""]",,https://airdroparchive.com/projects/ionic/,archive-evidence\ionic.json,52b4e399b79b99f8e170c257eb261d94f5f1dcb12f6ae9fa7f520607998f155b,"[""https://app.ionic.money/claim"", ""https://ionic.money"", ""https://medium.com/@ionicmoney/ionic-szn2-7439f1f34ead""]",unverified_secondary_directory,False
Ironclad,ironclad,2024-07-02,inside_window_date_type_unverified,Alive,"[""10,500,000 ICL (10.5% of total supply)""]","[""888 (top Embers farmers)""]","[""Not disclosed""]",,https://airdroparchive.com/projects/ironclad/,archive-evidence\ironclad.json,b317215a29353679f9932c78aab16036e731992c964533e6002b8737ed5df2e0,"[""https://app.ironclad.finance/airdrop"", ""https://www.geckoterminal.com/mode/pools/0x1349e6986084b65708d68a72c8efcbd7cf4d3fb2?utm_source=coingecko&utm_medium=referral&utm_campaign=searchresults"", ""https://www.ironclad.finance/"", ""https://www.ironclad.finance/ironclad-updates-s1-sale-tokenomics-and-the-future-of-icl/"", ""https://x.com/IroncladFinance/status/1803171066271105235"", ""https://x.com/IroncladFinance/status/1803171069580419073"", ""https://x.com/IroncladFinance/status/1814349292515057726""]",unverified_secondary_directory,False
Islamic Coin,islamic-coin,2023-10-11,inside_window_date_type_unverified,Alive,"[""20,357,500 ISLM (Initial Wave)""]","[""58,376 users (Initial Wave)""]","[""Not Known""]",,https://airdroparchive.com/projects/islamic-coin/,archive-evidence\islamic-coin.json,0e9b141aa7316451d945af7e0d1d626c7ea06e07fccf46e04948c8826789a49a,"[""https://blog.islamiccoin.net/announcing-islamic-community-rewards-46ae0eea5ae6"", ""https://discord.gg/islamiccoin"", ""https://islamiccoin.net"", ""https://shell.haqq.network/airdrop"", ""https://t.me/islamiccoin"", ""https://twitter.com/Islamic_Coin"", ""https://www.youtube.com/@IslamicCoin""]",unverified_secondary_directory,False
Jito,jito,2023-12-05,inside_window_date_type_unverified,Alive,"[""100,000,000 JTO (10% of total supply)""]","[""9,852 unique addresses (JitoSOL users only)""]","[""Not Known""]",Jito,https://airdroparchive.com/projects/jito/,archive-evidence\jito.json,d0006e6ccef8c92868e0df555d6623752466c512c3eef59745c9ea679bb84005,"[""https://github.com/jito-foundation/distributor"", ""https://jito.network/airdrop"", ""https://solscan.io/account/jtojtomepa8beP8AuQc6eXt5FriJwfFMwQx2v2f9mCL"", ""https://www.jito.network"", ""https://www.jito.network/blog/jto-airdrop-eligibility-and-allocation-specifications/""]",unverified_secondary_directory,False
Juicebox DAO,juicebox-dao,2022-02-22,inside_window_date_type_unverified,Alive,"[""100,000,000 JBX tokens""]","[""4,922""]","[""Not Known""]",,https://airdroparchive.com/projects/juicebox-dao/,archive-evidence\juicebox-dao.json,368b6c10a88e0bdc725c456732160586717ac3b3e7c20e4d485f90b2e625c354,"[""https://airdrop.juicebox.money/"", ""https://juicebox.money/"", ""https://snapshot.box/#/s:jbdao.eth/proposal/0xd10c56f453851063665241417642352beaf8816aca062c29f98b1f5154ff3cdd""]",unverified_secondary_directory,False
Jupiter Jupuary,jupiter-jupuary,2025-01-15,inside_window_date_type_unverified,Alive,"[""Not Known""]","[""Not Known""]","[""Not Known""]",,https://airdroparchive.com/projects/jupiter-jupuary/,archive-evidence\jupiter-jupuary.json,61ff35a7260a5aded1e142911a8bec63db25b0433b6cac663fb44921e3135d46,"[""https://jupuary.jup.ag"", ""https://www.jupresear.ch/t/jupiter-airdrop-proposal-for-jupuary-january-2025/23119/1"", ""https://x.com/JupiterExchange/status/1882089551726059548""]",unverified_secondary_directory,False
Jupiter,jupiter,2024-01-31,inside_window_date_type_unverified,Alive,"[""1 billion JUP tokens""]","[""955,000 wallets""]","[""Not Known""]",Jupiter,https://airdroparchive.com/projects/jupiter/,archive-evidence\jupiter.json,b566698c672ed2524cd0eaf84d59ef16e6214336533b430e91abc21d9a5a0c33,"[""https://jup.ag"", ""https://web.archive.org/web/20231106152745/https://station.jup.ag/blog/green-paper"", ""https://web.archive.org/web/20240209030755/https://station.jup.ag/blog"", ""https://www.jupresear.ch/t/archived-grow-the-pie-update-1/21720""]",unverified_secondary_directory,False
Kaito,kaito,2025-02-20,inside_window_date_type_unverified,Alive,"[""19.5% of total supply allocated for community airdrops and incentives""]","[""Not Known""]","[""Not Known""]",,https://airdroparchive.com/projects/kaito/,archive-evidence\kaito.json,5926c65c6c7b82c3402e91bea4d1c85c95bc3a862b4ea4ef1b9e158042319fcc,"[""https://docs.kaito.ai/introducing-usdkaito/tokenomics"", ""https://kaito.ai""]",unverified_secondary_directory,False
Kamino,kamino,2024-03-31,inside_window_date_type_unverified,Alive,"[""Season 1: 750 million KMNO (7.5% of supply)""]","[""Not Known""]","[""Not Known""]",Kamino,https://airdroparchive.com/projects/kamino/,archive-evidence\kamino.json,8cc39d19b61c8d8d8f06ec73fb8b2222068ec5c56a4b8b87e04f8a2825b62f03,"[""https://docs.kamino.finance/kmno/points"", ""https://docs.kamino.finance/kmno/points/seasons"", ""https://kamino.finance""]",unverified_secondary_directory,False
KelpDAO,kelpdao,2025-03-26,inside_window_date_type_unverified,Alive,"[""10% of total KERNEL supply""]","[""Not specified""]","[""Not specified""]",,https://airdroparchive.com/projects/kelpdao/,archive-evidence\kelpdao.json,53f9c80ca29cca77aa023360125d18050fc08ed77a6e4e6a4a64a6c7d0c670b5,"[""https://blogs.kerneldao.com/blog/kernel-airdrop-early-checker-is-live"", ""https://kernel.community/airdrop"", ""https://kernel.community/checker"", ""https://kerneldao.com"", ""https://kerneldao.com/airdrop-checker"", ""https://kerneldao.com/claim-airdrop"", ""https://x.com/KelpDAO/status/1911738596895182945"", ""https://x.com/kernel_dao/status/1904580544140349824""]",unverified_secondary_directory,False
Kiloex,kiloex,2025-03-26,inside_window_date_type_unverified,Alive,"[""100 million KILO (10% of total supply)""]","[""Not specified""]","[""Not specified""]",,https://airdroparchive.com/projects/kiloex/,archive-evidence\kiloex.json,d2b50b181f2990159ace00049dad5ed5360af2254efdb2e461b513580199494f,"[""https://app.kiloex.io/airdrop/claim?chain=opBNB"", ""https://docs.kiloex.io"", ""https://docs.kiloex.io/kiloex/airdrop-and-reward/airdrop-pioneer-season"", ""https://kilo.network""]",unverified_secondary_directory,False
KINTO,kinto,2025-03-31,inside_window_date_type_unverified,Alive,"[""1% of token supply (Sakura Season)""]","[""Not specified""]","[""Not specified""]",,https://airdroparchive.com/projects/kinto/,archive-evidence\kinto.json,5f5733867af8fa0d9eba7d362f6fb127b73a985e5360849688ce983d2494f12b,"[""http://engen.kinto.xyz/explore/K"", ""https://kinto.xyz"", ""https://medium.com/mamori-finance"", ""https://medium.com/mamori-finance/airdrop-season-one-momiji-8aee69b665a1"", ""https://medium.com/mamori-finance/kintos-launch-engen-1755d7cd53d6"", ""https://medium.com/mamori-finance/spring-mining-season-sakura-d529db8399f7"", ""https://medium.com/mamori-finance/⛩️-engen-is-over-kinto-is-launching-d9f2dd49fb2e"", ""https://x.com/KintoXYZ/status/1803143136073662465"", ""https://x.com/KintoXYZ/status/1822229888197153163"", ""https://x.com/KintoXYZ/status/1842979519302717801""]",unverified_secondary_directory,False
KIP,kip,2024-12-10,inside_window_date_type_unverified,Alive,"[""850,000,000 KIP (8.5% of total supply)""]","[""Not disclosed""]","[""Not disclosed""]",,https://airdroparchive.com/projects/kip/,archive-evidence\kip.json,1723600cad6f82d8a6b7fb0c01cc10e13edf5d016d5214a3bc015640753522f1,"[""https://kip.pro"", ""https://uprising.kip.pro/claim"", ""https://uprising.kip.pro/nft"", ""https://www.kip.pro/blog-posts/kip-tokenomics"", ""https://x.com/KIPprotocol/status/1866076757478310285?lang=en""]",unverified_secondary_directory,False
Kontos,kontos,2024-12-01,inside_window_date_type_unverified,Alive,"[""Not disclosed""]","[""Not disclosed""]","[""Not disclosed""]",,https://airdroparchive.com/projects/kontos/,archive-evidence\kontos.json,eb3f9f58cb9ba24c8af753ff53bfa5d4e89f61f73885d9d3e766fc78c253a41e,"[""https://airdrop.kontos.io"", ""https://docs.kontos.io/explore-kontos/events/kontos-airdrop"", ""https://kontosio.medium.com/kontos-december-2024-roundup-a-month-of-milestones-kos-launches-ecosystem-growth-and-bold-7ff1134f6f78"", ""https://www.kontos.io"", ""https://x.com/Kontosio/status/1868854933795356981"", ""https://x.com/Kontosio/status/1869256478185738267""]",unverified_secondary_directory,False
Kroma,kroma,2024-10-30,inside_window_date_type_unverified,Alive,"[""49,150,177.42 KRO (5% of total supply)""]","[""Not Known""]","[""Not Known""]",,https://airdroparchive.com/projects/kroma/,archive-evidence\kroma.json,b6679b5e2beb28d2f2cbf6ba6753e58f117f19759c572492b7fa4de531c02e82,"[""https://blog.kroma.network/kromas-first-airdrop-a-token-of-appreciation-for-our-community-65f8acaf8776"", ""https://kcu.kroma.network/?dialog=airdrop"", ""https://kroma.network"", ""https://x.com/kroma_network/status/1849345785496006732"", ""https://x.com/kroma_network/status/1851429690395034053""]",unverified_secondary_directory,False
Lagrange,lagrange,2025-06-04,inside_window_date_type_unverified,Alive,"[""[Not specified; part of Community & Ecosystem allocation]""]","[""[Not specified]""]","[""[Not specified]""]",,https://airdroparchive.com/projects/lagrange/,archive-evidence\lagrange.json,79dd2139f6422d61c7c40278edb71a2de2fd6aaaa8f9d441507df2383b560061,"[""http://claim.lagrangefoundation.org"", ""http://register.lagrangefoundation.org"", ""https://www.lagrangefoundation.org"", ""https://www.lagrangefoundation.org/blog/introducing-the-lagrange-token"", ""https://www.lagrangefoundation.org/blog/register-for-the-la-token-airdrop"", ""https://x.com/LagrangeFndn/status/1927758012615205180"", ""https://x.com/LagrangeFndn/status/1930233079915831457"", ""https://x.com/LagrangeFndn/status/1930735918668976609""]",unverified_secondary_directory,False
Lava,lava,2024-07-10,inside_window_date_type_unverified,Alive,"[""55,000,000 LAVA (6% of total supply)""]","[""Approximately 70,000 users""]","[""Not Known""]",,https://airdroparchive.com/projects/lava/,archive-evidence\lava.json,b598b692a2d60cd7615178cfc65e5313767dde70ea8094b637124852e5877c96,"[""https://claims.lavanet.xyz"", ""https://discord.gg/4GJbnzSU4w"", ""https://docs.lavanet.xyz/token"", ""https://www.lavanet.xyz"", ""https://www.lavanet.xyz/blog/vesuvius"", ""https://www.lavanet.xyz/whitepaper"", ""https://x.com/0xBreadguy/status/1803824963998167303"", ""https://x.com/consensus128/status/1802753690593370320""]",unverified_secondary_directory,False
Layer3,layer3,2024-07-30,inside_window_date_type_unverified,Alive,"[""5% of total supply (15,000,000 L3)""]","[""Not Known""]","[""Not Known""]",,https://airdroparchive.com/projects/layer3/,archive-evidence\layer3.json,1c9e3d8ce6fd5714382a9432066068d46c0388dcc0bbd6acaae9bb0ffce973e8,"[""https://app.layer3.xyz/"", ""https://layer3foundation.org"", ""https://layer3foundation.org/blog/introducing-l3""]",unverified_secondary_directory,False
LayerZero,layerzero,2024-06-20,inside_window_date_type_unverified,Alive,"[""383,000,000 ZRO (Community Allocation)""]","[""Nearly 6 million unique wallet addresses interacted with the protocol, but exact eligibility numbers are not stated.""]","[""Not Known""]",LayerZero,https://airdroparchive.com/projects/layerzero/,archive-evidence\layerzero.json,f346e54c0d8bb07e09a68e2e1cdf3fc63766f9f40c1af46aaec7f34ec3191a1e,"[""https://commonwealth.im/layerzero/discussion/24973-previously-unreviewed-bounty-hunter-allocations-other-updates"", ""https://info.layerzero.foundation/introducing-zro-d39df554a9b7"", ""https://layerzero.foundation/claim"", ""https://www.layerzero.foundation/"", ""https://www.layerzero.foundation/eligibility"", ""https://x.com/LayerZero_Fndn/status/1837228529282334736""]",unverified_secondary_directory,False
Lend Flare,lend-flare,2022-04-07,inside_window_date_type_unverified,Alive,"[""1% of total LFT supply""]","[""2,000 early participants (Alpha and Beta test)""]","[""Not Known""]",,https://airdroparchive.com/projects/lend-flare/,archive-evidence\lend-flare.json,dec76fa6cc456ae75822cc7ce03d0703bf6039529a4ba9ed93f7653f243f0dc9,"[""https://coinpaprika.com/coin/lft-lend-flare-dao-token/"", ""https://en-docs.lendflare.finance/"", ""https://en-docs.lendflare.finance/guides/how-to-borrow-from-lend-flare"", ""https://en-docs.lendflare.finance/guides/how-to-provide-liquidity-for-lend-flare"", ""https://lendflare.finance/"", ""https://medium.com/@lendflareofficial/lend-flare-alpha-test-airdrop-detail-bd52bc803289"", ""https://t.me/LendFlareOfficialGroup"", ""https://twitter.com/LendFlareOffic""]",unverified_secondary_directory,False
Lido,lido,2021-01-05,inside_window_date_type_unverified,Alive,"[""Not Known""]","[""Not Known""]","[""Not Known""]",Lido,https://airdroparchive.com/projects/lido/,archive-evidence\lido.json,42bdf3519c09b8fd160f8fb38627b99166500658fe58ac144d9f0623fbb509d1,"[""https://blog.lido.fi/introducing-early-adoption-for-community-staking-module/"", ""https://etherscan.io/address/0x4b3EDb22952Fb4A70140E39FB1adD05A6B49622B"", ""https://github.com/lidofinance/community-staking-module/blob/develop/artifacts/mainnet/early-adoption/addresses.json"", ""https://lido.fi""]",unverified_secondary_directory,False
Lisk,lisk,2025-03-20,inside_window_date_type_unverified,Alive,"[""Up to 15 million LSK tokens""]","[""Not Known""]","[""Not Known""]",,https://airdroparchive.com/projects/lisk/,archive-evidence\lisk.json,3ca19b9ba26e22568a465d8a30cfa5f3968ae620ce3318c08ec3b537d4f63dec,"[""https://lisk.com"", ""https://lisk.com/blog/posts/lisk-airdrop-season1-ends/"", ""https://lisk.com/blog/posts/lisk-lsk-airdrop/"", ""https://portal.lisk.com/airdrop"", ""https://x.com/LiskHQ/status/1895512407654723803"", ""https://x.com/LiskHQ/status/1896295019193237983"", ""https://x.com/LiskHQ/status/1901950372178223127""]",unverified_secondary_directory,False
Livepeer,livepeer,2018-07-26,outside_window_catalog_date_only,Alive,"[""Not Known""]","[""Not Known""]","[""Not Known""]",,https://airdroparchive.com/projects/livepeer/,archive-evidence\livepeer.json,aa561a1c62f157e9079c60e4fed6ad432861e619c7c8974595d613241bb2dae2,"[""https://forum.livepeer.org/t/introducing-the-merklemine/204"", ""https://forum.livepeer.org/t/so-youve-got-some-livepeer-tokens-what-next/293"", ""https://livepeer.org"", ""https://www.reddit.com/r/livepeer/comments/r7h1dd/received_2137_lpt_out_of_the_blue_airdrop/""]",unverified_secondary_directory,False
Loaded Lions,loaded-lions,2025-03-03,inside_window_date_type_unverified,Alive,"[""Not Known""]","[""Not Known""]","[""Not Known""]",,https://airdroparchive.com/projects/loaded-lions/,archive-evidence\loaded-lions.json,ab9cfa2f80bfd1de9ae610fbbccd56d746d6153319bf13d4ba0786bf7ff63d5a,"[""https://crypto.com/en/product-news/lion-everything-you-need-to-know"", ""https://crypto.com/nft""]",unverified_secondary_directory,False
Logx,logx,2024-03-06,inside_window_date_type_unverified,Alive,"[""120,000,000 $LOGX (12% of total supply)""]","[""114,000+ users (as of March 2024)""]","[""Not Known""]",,https://airdroparchive.com/projects/logx/,archive-evidence\logx.json,62b445c33a7f9a10b0fe47c3bd731f1cf0a54881c66508749fcca63dd0bfd323,"[""https://app.logx.trade/airdrop"", ""https://discord.gg/logx"", ""https://logxtrade.substack.com/p/logx-airdrop-update-1"", ""https://logxtrade.substack.com/p/logx-airdrop-update-2-road-to-tge"", ""https://pro.logx.trade/rewards"", ""https://twitter.com/LogX_trade"", ""https://www.logx.trade/"", ""https://x.com/LogX_trade/status/1761045734584144165"", ""https://x.com/LogX_trade/status/1771095225332858914""]",unverified_secondary_directory,False
LooksRare,looksrare,2022-01-10,inside_window_date_type_unverified,Alive,"[""120,000,000 LOOKS (12% of total supply)""]","[""185,223""]","[""124,666""]",LooksRare,https://airdroparchive.com/projects/looksrare/,archive-evidence\looksrare.json,8d6d0618ef48c7aad95131091a942f4262492c6a8244babc8acdb2e30e226271,"[""https://docs.looksrare.org/guides/faqs/what-is-the-looks-airdrop"", ""https://looksrare.org""]",unverified_secondary_directory,False
Loomlay,loomlay,2025-01-07,inside_window_date_type_unverified,Alive,"[""300,000,000 LAY (30% of total supply)""]","[""Not Known""]","[""42,947,271 LAY already claimed""]",,https://airdroparchive.com/projects/loomlay/,archive-evidence\loomlay.json,a214873673f635592f97d4199204693d00da7a2876fdb422e558504cd45a649b,"[""http://loomlay.com/claim"", ""https://dev.loomlay.com/tokens/lay-token"", ""https://loomlay.com/"", ""https://x.com/loomlayai/status/1874065758080180269""]",unverified_secondary_directory,False
LoopedHYPE,loopedhype,2025-05-22,inside_window_date_type_unverified,Alive,"[""Not specified (multi-phase, TVL milestone-based)""]","[""Not specified""]","[""Not specified""]",,https://airdroparchive.com/projects/loopedhype/,archive-evidence\loopedhype.json,b2cf8955b75daa77775fb6477cfacb1b9dd88252d5338490adcf7ba5d34c6352,"[""https://docs.loopingcollective.org"", ""https://loopedhype.com/airdrop-registration"", ""https://loopingcollective.org"", ""https://x.com/Looped_HYPE""]",unverified_secondary_directory,False
Lotto Finance,lotto-finance,2021-01-27,inside_window_date_type_unverified,Alive,"[""Not Known""]","[""Not Known""]","[""Not Known""]",,https://airdroparchive.com/projects/lotto-finance/,archive-evidence\lotto-finance.json,840c7d0c9a4592a704cdee72611c5c4566ba9360aecba260179a3cb252f062a2,"[""https://lotto.finance"", ""https://lotto.finance/claim"", ""https://medium.com/lottofinance"", ""https://medium.com/lottofinance/lotto-the-first-ever-lottery-token-goes-live-this-week-via-airdrop-to-defi-users-c6ac14dee9bf"", ""https://t.me/LottoFinance"", ""https://twitter.com/LottoFinance"", ""https://www.facebook.com/lottofinance""]",unverified_secondary_directory,False
Lumoz,lumoz,2024-12-06,inside_window_date_type_unverified,Alive,"[""1,000,000,000 esMOZ (10% of total supply, ~$30M value)""]","[""Over 3 million airdrop queries; 100,000+ OG NFTs claimed""]","[""Not specified""]",,https://airdroparchive.com/projects/lumoz/,archive-evidence\lumoz.json,6b9696314d2475f1449757dee1a4f5f7d0f088ee8142c10913dee336082fbf79,"[""https://lumoz.org/"", ""https://lumoz.org/airdrop"", ""https://mirror.xyz/lumozoLumoz"", ""https://mirror.xyz/lumozorg.eth/pKVKnZxtqR2IhcEsZ2wfShvX8kOz0-Q8VdyboiNGeNo"", ""https://node.lumoz.org/"", ""https://x.com/LumozOrg/status/1864216862218965470"", ""https://x.com/LumozOrg/status/1864688725273530507""]",unverified_secondary_directory,False
Lyra,lyra,2021-12-13,inside_window_date_type_unverified,Alive,"[""13,250,000 LYRA tokens (1.325% of total supply)""]","[""6,145 users (1,711 community members and 4,434 early users)""]","[""Not Known""]",,https://airdroparchive.com/projects/lyra/,archive-evidence\lyra.json,e61aa0c0b99085a0d09ccd7d10110b51d74c8a684bf3f1dd3beb1836ed8d3936,"[""https://blog.lyra.finance/lyra-community-rewards/"", ""https://etherscan.io/token/0x01ba67aac7f75f647d94220cc98fb30fcc5105bf"", ""https://lyra.finance"", ""https://x.com/derivexyz/status/1466222054915522566""]",unverified_secondary_directory,False
Magic Square,magic-square,2024-01-08,inside_window_date_type_unverified,Alive,"[""2,500,000 SQR tokens""]","[""67,000 users""]","[""Not Known""]",,https://airdroparchive.com/projects/magic-square/,archive-evidence\magic-square.json,a1836e16ec19e149f8b246422dbf413bb5094ee36351571e0adb08148299feb0,"[""https://magic.store"", ""https://x.com/MagicSquareio/status/1744302937478742096"", ""https://x.com/MagicSquareio/status/1744426827282575799"", ""https://x.com/search?q=(from%3AMagicSquareio)%20until%3A2024-01-09%20since%3A2024-01-07&src=typed_query""]",unverified_secondary_directory,False
Magic Eden,magiceden,2025-04-17,inside_window_date_type_unverified,Alive,"[""10,000,000 $ME (Season 1)""]","[""Not specified""]","[""Not specified""]",,https://airdroparchive.com/projects/magiceden/,archive-evidence\magiceden.json,10782c272ef50753f18e6d451288b1bbf41fcf1a24a328f712f3baf0bb7af0ee,"[""https://help.magiceden.io/en/articles/10953399-me-airdrop-faq-season-1-quests"", ""https://magiceden.io/"", ""https://x.com/MagicEdenComm/status/1912935273509330969""]",unverified_secondary_directory,False
Mango Network,mango-network,2025-06-24,inside_window_date_type_unverified,Alive,"[""5% of total supply (fully unlocked at once)""]","[""[Not specified]""]","[""[Not specified]""]",,https://airdroparchive.com/projects/mango-network/,archive-evidence\mango-network.json,034d67cb13e5caf1b056dbb6accddeba40890584513429ef743c3cc055118661,"[""https://checker.mangonet.io/"", ""https://mangonet.io/"", ""https://x.com/MangoOS_Network/status/1935912883982045419"", ""https://x.com/MangoOS_Network/status/1937481687358930964"", ""https://x.com/binance/status/1937412093415936412""]",unverified_secondary_directory,False
Manta,manta,2024-01-18,inside_window_date_type_unverified,Alive,"[""50,000,000 MANTA tokens (5% of total supply)""]","[""Not Known""]","[""Not Known""]",,https://airdroparchive.com/projects/manta/,archive-evidence\manta.json,be564f91c774c3466f04dc936362a5fa367465427fe7639dbc4b1114fae8dbf5,"[""https://airdrop.manta.network/"", ""https://manta.network"", ""https://mantanetwork.medium.com/into-the-blue-the-official-manta-airdrop-59dc9f938575""]",unverified_secondary_directory,False
Mantis,mantis,2025-01-27,inside_window_date_type_unverified,Alive,"[""Not Known""]","[""Not Known""]","[""Not Known""]",,https://airdroparchive.com/projects/mantis/,archive-evidence\mantis.json,7c3b6cbc8cc98c17537cafb52f12b5dcbc6cbfe3a986314421644dc7cdacb506,"[""https://www.mantis.app/"", ""https://x.com/mantis/status/1883964113530826947""]",unverified_secondary_directory,False
Mantra,mantra,2017-03-13,outside_window_catalog_date_only,Alive,"[""50,000,000 OM tokens""]","[""350,000+ users""]","[""Not Known""]",,https://airdroparchive.com/projects/mantra/,archive-evidence\mantra.json,62845b129309286a297f8ccee12dd41d1511bb5ec4178151d9fbe98e07335c66,"[""https://checker.mantra.zone/"", ""https://www.mantrachain.io/"", ""https://www.mantrachain.io/resources/announcements/mainnet-gendrop-allocation-revealed"", ""https://x.com/MANTRA_Chain/status/1889957666530726094""]",unverified_secondary_directory,False
MapleStory NEXPACE,maplestory,2025-05-15,inside_window_date_type_unverified,Alive,"[""14,222,857 NXPC (1.422% of total supply)""]","[""Not specified""]","[""Not specified""]",,https://airdroparchive.com/projects/maplestory/,archive-evidence\maplestory.json,94e82207b454df330dcc7710182d74437a1680fbf71ddf0cd2d3c0102b6d7211,"[""https://medium.com/maplestory-universe/press-release-nexpace-launches-maplestory-n-and-nxpc-token-charting-a-new-chapter-for-6076e8af7627"", ""https://msu.io"", ""https://msu.io/claim"", ""https://msu.io/news/notices/2816534"", ""https://x.com/binance/status/1922888013685850437""]",unverified_secondary_directory,False
Masa Finance,masa-finance,2024-05-11,inside_window_date_type_unverified,Alive,"[""59,000,000 MASA (subject to increase based on bonus selections)""]","[""200,000+ (Phase 1), 100,000+ (Phase 2)""]","[""Not Known""]",,https://airdroparchive.com/projects/masa-finance/,archive-evidence\masa-finance.json,7e2fcf65e168729d7e050ba183eff29eceda7649c93985773ca3025425d3aadb,"[""https://masa.finance"", ""https://masafinance.medium.com/the-masa-referral-program-invite-your-friends-earn-masa-tokens-72851e331614"", ""https://medium.com/masa-finance/masa-token-airdrop-claim-rewards-program-1ec84ffca568"", ""https://medium.com/masa-finance/masa-token-airdrop-quest-is-now-live-86a3ce28d153"", ""https://medium.com/masa-finance/masa-token-airdrop-update-5dcf9c47b017"", ""https://x.com/getmasafi/status/1785656656023396396""]",unverified_secondary_directory,False
Mask,mask,2023-04-07,inside_window_date_type_unverified,Alive,"[""1,067,780 MASK""]","[""15,949""]","[""Not Known""]",,https://airdroparchive.com/projects/mask/,archive-evidence\mask.json,b6452f1972f2472586f966fcb88f254a3b03d93751c5848a6b2949d50510b074,"[""https://mask.io/"", ""https://masknetwork.medium.com/check-airdrop-not-claimable-feature-is-live-ed297d5130fc"", ""https://masknetwork.medium.com/introducing-the-mask-token-28d310c57954""]",unverified_secondary_directory,False
Maverick,maverick,2023-06-28,inside_window_date_type_unverified,Alive,"[""30,000,000 MAV (1.5% of total supply, ~4.9% of Liquidity Mining & Airdrop allocation)""]","[""26,155 Ethereum wallets, 96,075 zkSync Era wallets""]","[""Not Known""]",,https://airdroparchive.com/projects/maverick/,archive-evidence\maverick.json,5e7006dcdfd13faa6532abf6853b07bf221cb1c515fad32b6bf4b54ac532865b,"[""https://app.mav.xyz/pools"", ""https://governance.mav.xyz"", ""https://medium.com/maverick-protocol/maverick-incentive-program-pre-season-ae5b6d1ee857"", ""https://www.mav.xyz""]",unverified_secondary_directory,False
Mavia,mavia,2024-02-07,inside_window_date_type_unverified,Alive,"[""2% of the total MAVIA token supply (for Land stakers/holders) + 1% for CEX-related airdrop activities (3% total)""]","[""Not Known""]","[""Not Known""]",,https://airdroparchive.com/projects/mavia/,archive-evidence\mavia.json,4944536c8d0c41fd2a8eaea41a06cf65f1f947c4a8970643803c19b02825e7e0,"[""https://discord.com/invite/mavia"", ""https://medium.com/heroes-of-mavia/mavia-pioneer-airdrop-program-season-1-60527743a5f3"", ""https://twitter.com/maviagame"", ""https://www.mavia.com""]",unverified_secondary_directory,False
Memeland,memeland,2024-03-15,inside_window_date_type_unverified,Alive,"[""17.25 billion MEME tokens (25% of total supply)""]","[""Not Known""]","[""Not Known""]",,https://airdroparchive.com/projects/memeland/,archive-evidence\memeland.json,6082d36102bd55c7be7bf73c323fd7607d4c6f565fd76e2d88b66829abf4c59f,"[""https://www.memeland.com/"", ""https://x.com/Memeland/status/1678443321482682369"", ""https://x.com/Memeland/status/1720340304031814011""]",unverified_secondary_directory,False
Merlin Chain,merlin-chain,2025-05-20,inside_window_date_type_unverified,Alive,"[""1,000 MERL per eligible user""]","[""Not specified""]","[""Not specified""]",,https://airdroparchive.com/projects/merlin-chain/,archive-evidence\merlin-chain.json,a5bb3c09e9b2dd0017224d13b0bfe06c0caca3df7db53a9da123d050636d3b78,"[""https://binance.com/en/support/faq/detail/12e7f2e555704f9c8e852d1c1afb032a"", ""https://medium.com/@merlinchaincrypto/announcement-on-merlins-seal-airdrop-claim-61408e836ca2"", ""https://medium.com/@merlinchaincrypto/introducing-merlin-chain-token-merl-376fe43f180d"", ""https://medium.com/@merlinchaincrypto/merlins-seal-the-biggest-fair-launch-of-layer2-5614001b2582"", ""https://merlinchain.io"", ""https://x.com/binance/status/1924754627322364113""]",unverified_secondary_directory,False
MilkyWay,milk,2025-04-23,inside_window_date_type_unverified,Alive,"[""10% of total supply (100,000,000 MILK)""]","[""Not specified""]","[""Not specified""]",,https://airdroparchive.com/projects/milk/,archive-evidence\milk.json,01dfaff335340c6f599e9eec8f355f59a88fbbd6dabc127d8782754f78292bfb,"[""https://massdrop.milkyway.zone"", ""https://milk.xyz/airdrop"", ""https://milkyway.zone/"", ""https://milkyway.zone/airdrop"", ""https://milkyway.zone/checker"", ""https://x.com/MilkyWayFDN/status/1915095643007389879"", ""https://x.com/milky_way_zone/status/1895546318321566091"", ""https://x.com/milky_way_zone/status/1915096004380275064""]",unverified_secondary_directory,False
Mind Network,mind-network,2025-04-10,inside_window_date_type_unverified,Alive,"[""Not specified""]","[""Not specified""]","[""Not specified""]",,https://airdroparchive.com/projects/mind-network/,archive-evidence\mind-network.json,37d7d3c635b9e2dd4fae34724f3a7f6fae66612de07e8e8870a8ac3d34a440bb,"[""https://agent.mindnetwork.xyz/airdrop"", ""https://forms.gle/5eJD2RmFKrG2UfEw8"", ""https://mindnetwork.medium.com/mind-network-airdrop-188ff3d78fa5"", ""https://mindnetwork.xyz"", ""https://x.com/mindnetwork_xyz/status/1908888827047051764""]",unverified_secondary_directory,False
Mint Blockchain,mint-blockchain,2025-03-06,inside_window_date_type_unverified,Alive,"[""120,000,000 MINT tokens""]","[""Not Known""]","[""Not Known""]",,https://airdroparchive.com/projects/mint-blockchain/,archive-evidence\mint-blockchain.json,954f17edba48b517e1d9e73bc70871c5823b198880adab8ab75a20e050516dde,"[""https://www.mintchain.io"", ""https://www.mintchain.io/airdrop/claim"", ""https://x.com/Mint_Blockchain/status/1897890105156943945""]",unverified_secondary_directory,False
Mirror Protocol,mirror-protocol,2020-12-02,inside_window_date_type_unverified,Alive,"[""18,300,000 MIR tokens""]","[""Not Known""]","[""Not Known""]",,https://airdroparchive.com/projects/mirror-protocol/,archive-evidence\mirror-protocol.json,66e50df77e365e604eea55d1e58f808dcde8c76ad5355ddbecb0840aa9678ebc,"[""https://app.terraswap.io/"", ""https://docs.mirror.finance/"", ""https://medium.com/mirror-protocol/an-introduction-to-mir-token-farming-on-mirror-protocol-21e5c7c0f986"", ""https://mirror.finance/"", ""https://terra.money/""]",unverified_secondary_directory,False
Mocaverse,mocaverse,2024-06-19,inside_window_date_type_unverified,Alive,"[""Not Known""]","[""Not Known""]","[""Not Known""]",,https://airdroparchive.com/projects/mocaverse/,archive-evidence\mocaverse.json,d95301e9af0cebbe4c7177ca82bb9fb94991ca5a52523c24b70d24d91f3a089e,"[""https://medium.com/mocaverse/moca-id-airdrop-af8bd42ca8ee"", ""https://mocaverse.io""]",unverified_secondary_directory,False
Mode,mode,2024-05-07,inside_window_date_type_unverified,Alive,"[""500,000,000 MODE (Airdrop 2)""]","[""Not Known""]","[""Not Known""]",Mode,https://airdroparchive.com/projects/mode/,archive-evidence\mode.json,2458897cac28af53fccb698c6e85d7cbb13abb1d56c4c7fb447835d83d4802c7,"[""https://app.mode.network/"", ""https://claim.mode.network"", ""https://mode.mirror.xyz/2Aom53lrot8KQ143u8lCfyYvTOkR7LJcIChoyP1Q4wI"", ""https://www.mode.network"", ""https://www.mode.network/about-the-airdrop""]",unverified_secondary_directory,False
MON Protocol,mon-protocol,2024-05-25,inside_window_date_type_unverified,Alive,"[""15,000,000 MON""]","[""350,262""]","[""Not Known""]",,https://airdroparchive.com/projects/mon-protocol/,archive-evidence\mon-protocol.json,a1a0f6c2c2e490b709fd8ad02498383b2cb29555c970d0529c6cdde3c04b5753,"[""https://www.monprotocol.ai"", ""https://www.monprotocol.ai/mon-missions-rewards-distribution""]",unverified_secondary_directory,False
Movement,movement,2024-12-09,inside_window_date_type_unverified,Alive,"[""1,000,000,000 MOVE (10% of maximum supply)""]","[""Not Known""]","[""Not Known""]",,https://airdroparchive.com/projects/movement/,archive-evidence\movement.json,69368539f1e64b5f0c8853db6e99e3e74d98e775c86c8d95b55bf010f366c502,"[""https://www.movementnetwork.xyz"", ""https://www.movementnetwork.xyz/article/movement-network-foundation-movedrop-move-token"", ""https://x.com/movementfdn/status/1861472760138211786""]",unverified_secondary_directory,False
MurALL,murall,2021-02-25,inside_window_date_type_unverified,Alive,"[""Not Known""]","[""Not Known""]","[""Not Known""]",,https://airdroparchive.com/projects/murall/,archive-evidence\murall.json,5d38f4d41ec4128398eda9e11122a7869115ec694873ac92f193726a0a446a2f,"[""https://murall.art"", ""https://murall.medium.com/announcing-the-murall-paint-airdrop-your-gateway-to-the-artistic-revolution-49acc28e28cc""]",unverified_secondary_directory,False
Myso Finance,mysofinance,2024-04-26,inside_window_date_type_unverified,Alive,"[""~1,000,000 MYT (1% of total supply)""]","[""Not specified""]","[""Not specified""]",,https://airdroparchive.com/projects/mysofinance/,archive-evidence\mysofinance.json,595b7c5074e38eaedfc2d0bf237776ef2469f4c19630c1ad6d492e3b2582501f,"[""https://app.myso.finance/"", ""https://app.myso.finance/airdrop"", ""https://medium.com/mysofinance/announcing-the-official-myso-token-myt-airdrop-d778802115f2"", ""https://x.com/MysoFinance/status/1783871472772976802""]",unverified_secondary_directory,False
Mystiko Network,mystiko-network,2024-06-18,inside_window_date_type_unverified,Alive,"[""Not Known""]","[""Not Known""]","[""Not Known""]",,https://airdroparchive.com/projects/mystiko-network/,archive-evidence\mystiko-network.json,c9e9fb6c6685aefae238d0fefe7889c9711a55c867741c01167be2755151a72b,"[""https://app.galxe.com/quest/mystikonetwork/leaderboard"", ""https://medium.com/@Expandzk/mystikos-first-airdrop-an-advance-notice-cc6789da52be"", ""https://mystiko.network"", ""https://x.com/Expandzk/status/1897875514737803557""]",unverified_secondary_directory,False
Namada,namada,2023-12-07,inside_window_date_type_unverified,Alive,"[""65,000,000 NAM (6.5% of total supply)""]","[""191,715 on-chain accounts, 7,094 researchers and developers, 2,510 Namada Trusted Setup contributors""]","[""Not Known""]",,https://airdroparchive.com/projects/namada/,archive-evidence\namada.json,ec9a29ac6fb76d6550c675f95559392d3f521781d6b0904728af9ec601d8f53f,"[""https://namada.net"", ""https://namada.net/blog/the-namada-rpgf-drop-is-live"", ""https://rpgfdrop.namada.net""]",unverified_secondary_directory,False
nektar-network,nektar-network,,unknown,unknown,[],[],[],,https://airdroparchive.com/projects/nektar-network/,archive-evidence\nektar-network.json,,[],unverified_secondary_directory,False
Newton Protocol,newton-protocol,2025-06-24,inside_window_date_type_unverified,Alive,"[""10% of total supply (100,000,000 NEWT)""]","[""Not specified""]","[""Not specified""]",,https://airdroparchive.com/projects/newton-protocol/,archive-evidence\newton-protocol.json,04edea0e4059de72de095701b12a49d69181fc80e37d3bd7801b4d0fe0710d8e,"[""https://blog.newt.foundation/"", ""https://blog.newt.foundation/newt-token-airdrop/"", ""https://docs.newt.foundation/"", ""https://docs.newt.foundation/how-to-guides/newt-token-airdrop"", ""https://docs.newt.foundation/newton-protocol/token-distribution-and-vesting"", ""https://docs.newt.foundation/newton-protocol/token-distribution-and-vesting#liquidity-support-community-allocation"", ""https://newt.foundation/"", ""https://newton.xyz/""]",unverified_secondary_directory,False
NFPrompt,nfprompt,2023-12-27,inside_window_date_type_unverified,Alive,"[""Not Known""]","[""Approximately 180,000 unique users participated in the first season of NFPrompt’s airdrop campaign, creating over 1 million AI NFTs.""]","[""Not Known""]",,https://airdroparchive.com/projects/nfprompt/,archive-evidence\nfprompt.json,6d66deb5e19942537f720ff9b9c4e0fbd17bcb5f4746c8700e831fd5cdc86958,"[""https://docs.nfprompt.io/"", ""https://docs.nfprompt.io/usdnfp-tokenomics-and-revenue-model/airdrop"", ""https://nfprompt.io"", ""https://x.com/nfprompt/status/1739943009201148204""]",unverified_secondary_directory,False
NFTfi,nftfi,2024-04-30,inside_window_date_type_unverified,Alive,"[""140,000,000 NFTFI tokens (7% of total supply)""]","[""Over 3,000 wallets""]","[""Not Known""]",,https://airdroparchive.com/projects/nftfi/,archive-evidence\nftfi.json,b35abd7e90c693328384e2d293e835ce43e0406625bd650846b94ba93d13484f,"[""https://app.nftfi.com"", ""https://blog.nftfifoundation.org/nftfi-airdrop-token-claim-explained"", ""https://blog.nftfifoundation.org/nftfi-airdrop-token-claim-explained/"", ""https://nftfi.com"", ""https://www.nftfifoundation.org"", ""https://x.com/NFTfiFoundation/status/1783878934083346939""]",unverified_secondary_directory,False
Nillion,nillion,2025-03-24,inside_window_date_type_unverified,Alive,"[""75,000,000 NIL tokens (7.5% of total supply)""]","[""Not Known""]","[""Not Known""]",,https://airdroparchive.com/projects/nillion/,archive-evidence\nillion.json,284f8c6bd25f3089d1be019e45a402c83c254fed558e4fb3886990bd215ec85a,"[""https://nillion.com/"", ""https://nillion.com/news/nillion-airdrop-is-here/"", ""https://nillion.notion.site/Token-Allocation-FAQs-1b31827799b480fe86c9c336188a4375"", ""https://x.com/nillionnetwork/status/1899811137203458313"", ""https://x.com/nillionnetwork/status/1904157568118722690""]",unverified_secondary_directory,False
Nodepay,nodepay,2025-01-17,inside_window_date_type_unverified,Alive,"[""115,000,000 NC (11.5% of total supply)""]","[""Not specified""]","[""Not specified""]",,https://airdroparchive.com/projects/nodepay/,archive-evidence\nodepay.json,2c31797f39c6457f316f69e2832e22d7dee9e3780e34fbe6e5f1787a1b42c56b,"[""https://claim.nodefoundation.ai/"", ""https://docs.nodepay.ai/nodepay-introduction/nodecoin/nodepay-airdrop-one"", ""https://nodepay.ai/"", ""https://x.com/nodepay_ai/status/1880178328466067968""]",unverified_secondary_directory,False
Nois Randdrop,nois-randdrop,2023-12-21,inside_window_date_type_unverified,Dead,"[""2% of Nois total supply (10% of the circulating supply)""]","[""Not Known""]","[""Not Known""]",,https://airdroparchive.com/projects/nois-randdrop/,archive-evidence\nois-randdrop.json,ad7ad73db72b0924f401578c75f7a505d63646af3f4605fc96b36eefd76070e9,"[""https://github.com/noislabs/randdrop-snapshots/blob/v0.1.0/osmosis-randdrop-1.json"", ""https://nois.network"", ""https://randdrop.nois.network"", ""https://x.com/NoisRNG/status/1737074149242065008""]",unverified_secondary_directory,False
Nostra,nostra,2024-06-17,inside_window_date_type_unverified,Alive,"[""11,000,000 NSTR tokens""]","[""217,789 participants in Nostra Points Program Season 1 and 308 active Discord members""]","[""Not Known""]",,https://airdroparchive.com/projects/nostra/,archive-evidence\nostra.json,4673f21ba4fef9b0d4e918f76a158c1561292db4e0a9603693d7e6f7775c832f,"[""https://mirror.xyz/0x845605C411132BAA06024a521a85B653F3C802dF/kD9A_Kkj65cfeiRwY2Zq8SgtJfCq8sKHwVo8HdFXLdQ""]",unverified_secondary_directory,False
Not Pixel,not-pixel,2025-01-22,inside_window_date_type_unverified,Alive,"[""200 billion PX tokens (80% of total supply) allocated to miners and the community""]","[""Not Known""]","[""Not Known""]",,https://airdroparchive.com/projects/not-pixel/,archive-evidence\not-pixel.json,ecfc0b909955c202f9a5aaabe4dd1338a22bbdf5128c5702443978c656f68ce7,"[""https://telegra.ph/Not-Pixel-FAQs-01-07"", ""https://x.com/notpixelx/status/1876711462611091511""]",unverified_secondary_directory,False
Notcoin,notcoin,2024-05-16,inside_window_date_type_unverified,Alive,"[""Over 80 billion NOT tokens (May 2024); $7 million worth of NOT tokens (July 2024)""]","[""Not Known""]","[""Not Known""]",,https://airdroparchive.com/projects/notcoin/,archive-evidence\notcoin.json,aab0dad6237d910fe7f9c2d4affae73df2522440838c0be0a1457bcdfcda84e6,"[""https://bitpinas.com/learn-how-to-guides/notcoin-airdrop-guide/"", ""https://coinspredictions.com/notcoin-airdrop-everything-you-need-to-know/"", ""https://decrypt.co/230661/notcoin-airdrop-claim-opens-binance-users-stake-14-billion"", ""https://medium.com/@pevekyka/notcoin-airdrop-tutorial-your-tokens-d1ccba58b5ab""]",unverified_secondary_directory,False
NX Finance,nx-finance,2024-11-01,inside_window_date_type_unverified,Alive,"[""Not Known""]","[""Not Known""]","[""Not Known""]",,https://airdroparchive.com/projects/nx-finance/,archive-evidence\nx-finance.json,43dc88d8f0172d74c53610647bc34f53b452deedf17e8b2599fbf91edb964eb3,"[""https://nx-finance.gitbook.io/nx-finance-whitepaper/welcome-to-nx-finance/airdrop"", ""https://x.com/NX_Finance/status/1849782971479519637""]",unverified_secondary_directory,False
Nyan Heroes,nyan-heroes,2024-06-19,inside_window_date_type_unverified,Alive,"[""5 million $NYAN tokens (0.5% of total supply)""]","[""~30,000 participants in Season 2""]","[""18,757,540.38 $NYAN tokens claimed in Airdrop 1""]",,https://airdroparchive.com/projects/nyan-heroes/,archive-evidence\nyan-heroes.json,93d52ad16ca8f3004dd4df71661d3546882b8ce25067c9a52a091ecc2d33a925,"[""https://discord.gg/nyanheroes"", ""https://nyanheroes.com"", ""https://nyanheroes.medium.com/airdrop-season-2-claim-details-fa8b436f4649"", ""https://nyanheroes.medium.com/nyan-heroes-early-access-play-to-airdrop-announcement-2024-11e4a88eecb7"", ""https://resourcehub.nyanheroes.com/portal/airdrop-portal/airdrop/airdrop-4"", ""https://twitter.com/nyanheroes"", ""https://x.com/nyanheroes/status/1763137637270094323""]",unverified_secondary_directory,False
Obol Collective,obol-collective,2025-01-21,inside_window_date_type_unverified,Alive,"[""7.5% of the total OBOL token supply""]","[""Not Known""]","[""Not Known""]",,https://airdroparchive.com/projects/obol-collective/,archive-evidence\obol-collective.json,529575298f1b8fad74e1fd2e1a940c4ef3346c924ebe1315b2f2622e4b9a6330,"[""https://blog.obol.org/airdrop/"", ""https://claim.obol.org"", ""https://obol.org"", ""https://x.com/Obol_Collective/status/1920070181902225409"", ""https://x.com/binance/status/1920047370839986444""]",unverified_secondary_directory,False
Odos Protocol,odos-protocol,2024-12-13,inside_window_date_type_unverified,Alive,"[""Not Known""]","[""532,590 wallets""]","[""Not Known""]",,https://airdroparchive.com/projects/odos-protocol/,archive-evidence\odos-protocol.json,b8eb4137e17a9830c9d6e76f1804e66b198c3008e09fcabec077ee15a6225b40,"[""https://app.odos.xyz/"", ""https://docs.odos.xyz/home/loyalty/"", ""https://www.odos.xyz/"", ""https://x.com/odosdao/status/1867300703401914633""]",unverified_secondary_directory,False
OmiseGo,omisego,2017-01-26,outside_window_catalog_date_only,Alive,"[""5% of total OMG supply (approximately 7,012,269.91 OMG)""]","[""Over 450,000 Ethereum addresses""]","[""Not Known""]",,https://airdroparchive.com/projects/omisego/,archive-evidence\omisego.json,5c573c7f17ef569dadf56b34387d1c542f11ffb82a2e860f70bfd461516a366b,"[""https://etherscan.io/block/3988888"", ""https://www.omise.co/omisego-airdrop-update"", ""https://www.omise.co/omisego-airdrop-update-2""]",unverified_secondary_directory,False
Omni,omni,2024-04-03,inside_window_date_type_unverified,Alive,"[""3,000,000 OMNI (3% of total supply)""]","[""Not Known""]","[""Not Known""]",,https://airdroparchive.com/projects/omni/,archive-evidence\omni.json,1fa17384074a6867bff5debd8c1e72bf662c7c530c64a96ddf89e27743aa73ef,"[""https://discord.gg/omni-network"", ""https://news.omni.network/the-omni-genesis-airdrop/"", ""https://omni.network"", ""https://twitter.com/omni_network""]",unverified_secondary_directory,False
Ooga Booga,oogaboogoa,2025-04-04,inside_window_date_type_unverified,Alive,"[""~10% of total supply""]","[""~3,000 (top fee contributors)""]","[""Not specified""]",,https://airdroparchive.com/projects/oogaboogoa/,archive-evidence\oogaboogoa.json,5d57077ac4f206fbdadfe7a2febff358a859a151446537cc25d35b0a364340b2,"[""https://0xoogabooga.notion.site/faq"", ""https://app.oogabooga.io"", ""https://app.oogabooga.io/airdrop"", ""https://x.com/0xoogabooga/status/1907922854991045061"", ""https://x.com/0xoogabooga/status/1907947831895486568""]",unverified_secondary_directory,False
OpenChat,openchat,2024-01-02,inside_window_date_type_unverified,Alive,"[""Eligible Users""]",[],[],,https://airdroparchive.com/projects/openchat/,archive-evidence\openchat.json,54930894233df5688d57337825516f3f9115951d4e7ba70ec9e1878007f9057c,"[""https://github.com/open-ic/open-chat/blob/master/backend/canisters/user_index/impl/src/model/user.rs#L48"", ""https://oc.app"", ""https://x.com/OpenChat/status/1592565875789660160"", ""https://x.com/OpenChat/status/1630235287941988353"", ""https://x.com/OpenChat/status/1643637056055255043"", ""https://x.com/OpenChat/status/1643920825244962816""]",unverified_secondary_directory,False
Optimism,optimism,2022-03-30,inside_window_date_type_unverified,Alive,"[""Not Known""]","[""248,699 addresses""]","[""Not Known""]",Optimism,https://airdroparchive.com/projects/optimism/,archive-evidence\optimism.json,5c5f87a573c00aec19212255af6e95b495fde5b8b21b322dac972c45a1b2705d,"[""https://app.optimism.io/airdrop/check"", ""https://community.optimism.io"", ""https://community.optimism.io/op-token/airdrops/airdrop-1"", ""https://dune.com/optimismfnd/optimism-airdrop-1"", ""https://etherscan.io/address/0x4200000000000000000000000000000000000042"", ""https://twitter.com/optimismFND""]",unverified_secondary_directory,False
ORA Coin,ora-coin,2024-12-01,inside_window_date_type_unverified,Alive,"[""10% of total supply""]","[""Not disclosed""]","[""Not disclosed""]",,https://airdroparchive.com/projects/ora-coin/,archive-evidence\ora-coin.json,bf9bc5f209191d65aa525b729b2595218a30d470706eed4e75091ce58c845040,"[""https://foundation.ora.io"", ""https://foundation.ora.io/app/airdrop"", ""https://ora.io"", ""https://research.ora.io/t/ora-airdrop-10-of-ora-to-points-program-participants/65""]",unverified_secondary_directory,False
Orbiter,orbiter,2025-01-20,inside_window_date_type_unverified,Alive,"[""22% of total supply (2.2 billion OBT)""]","[""Not Known""]","[""Not Known""]",,https://airdroparchive.com/projects/orbiter/,archive-evidence\orbiter.json,66ad5b2ac622d8ec984911372bcc590e0e5a89f6a0dc46d23755114d2d296775,"[""https://orbiter-finance.medium.com/obtokenomics-and-airdrop-eligibility-guide-3549dd00807a"", ""https://orbiter.finance"", ""https://orbiter.finance/en/airdrop"", ""https://x.com/Orbiter_Finance/status/1880195622286028893"", ""https://x.com/binance/status/1926186427546566839""]",unverified_secondary_directory,False
Orchai,orchai,2024-02-23,inside_window_date_type_unverified,Alive,"[""Up to 2,000,000 OCH tokens""]","[""Not Known""]","[""Not Known""]",,https://airdroparchive.com/projects/orchai/,archive-evidence\orchai.json,eb23e565ccfc1cbcb47834637fe258b556c2342499e16175f3fc9e4a7a3edc65,"[""https://blog.orchai.io/orchai-och-airdrop-program-announcement-01-overall-information-2cdea3e11c96"", ""https://orchai.io"", ""https://t.me/orchai_official"", ""https://twitter.com/orchai_protocol""]",unverified_secondary_directory,False
Orderly,orderly,2024-08-24,inside_window_date_type_unverified,Alive,"[""133,000,000 ORDER tokens (13.3% of total supply)""]","[""Not Known""]","[""Not Known""]",,https://airdroparchive.com/projects/orderly/,archive-evidence\orderly.json,f3af16b8d7f0eed431ca1c7ab612f48b2062b6a3427a0e32b87af92bc0d5a06b,"[""https://airdrop.orderly.network"", ""https://orderly.network"", ""https://orderly.network/blog/orderly-network-increases-airdrop-allocation/"", ""https://orderly.network/blog/the-orderly-network-airdrop-is-coming/"", ""https://orderly.network/docs/introduction/tokenomics/retroactive-airdrop""]",unverified_secondary_directory,False
Ordzaar,ordzaar,2024-05-06,inside_window_date_type_unverified,Alive,"[""Not Known""]","[""Not Known""]","[""Not Known""]",,https://airdroparchive.com/projects/ordzaar/,archive-evidence\ordzaar.json,070f4f633698f680c9d7caae34019da34c563bbf2470e447a815517e82fd5554,"[""https://cointelegraph.com/crypto-bonus/bonus-page/complete-quests-and-provide-liquidity-to-earn-ordzar-airdrop-rewards/"", ""https://ordzaar.com"", ""https://ordzaar.com/marketplace/collections/ordinalslegacy"", ""https://ordzaar.com/rewards"", ""https://www.binance.com/en/square/post/14620360758738"", ""https://www.binance.com/square/post/7780162049778"", ""https://x.com/ordzaar/status/1765992611561525743"", ""https://x.com/ordzaar/status/1821188764481507621""]",unverified_secondary_directory,False
Osmosis,osmosis,2021-06-27,inside_window_date_type_unverified,Alive,"[""Not Known""]","[""Not Known""]","[""Not Known""]",Osmosis,https://airdroparchive.com/projects/osmosis/,archive-evidence\osmosis.json,f32517b4868218d818b7c06f4765a1874f726a382eec39ecd2427628ba9b7c39,"[""https://osmosis.zone"", ""https://web.archive.org/web/20210707063335/https://app.osmosis.zone/airdrop""]",unverified_secondary_directory,False
Overprotocol,overprotocol,2024-12-16,inside_window_date_type_unverified,Alive,"[""10 million OVER tokens for Nethers NFT holders (distribution per NFT varies)""]","[""Not Known""]","[""Not Known""]",,https://airdroparchive.com/projects/overprotocol/,archive-evidence\overprotocol.json,614ba9b6b3d638ab3c6094e958a6447bc989445db5fbfff0e7232d5d67c597fa,"[""https://medium.com/overprotocol/overprotocol-who-is-eligible-for-airdrop-2-63a754909e50"", ""https://overprotocol.io"", ""https://web.archive.org/web/20240525195312/https://medium.com/overprotocol/overprotocol-who-is-eligible-for-the-airdrop-1dfaa5d3460c"", ""https://web.archive.org/web/20240817231852/https://medium.com/overprotocol/overprotocol-who-is-eligible-for-airdrop-2-63a754909e50""]",unverified_secondary_directory,False
Param Labs,param-labs,2024-05-29,inside_window_date_type_unverified,Alive,"[""Not Known""]","[""Not Known""]","[""Not Known""]",,https://airdroparchive.com/projects/param-labs/,archive-evidence\param-labs.json,cb6146f31ceadb572a37b24ef628901ef2c493bafcc00c5768227a7c20c099aa,"[""https://claim.paramgaming.com/"", ""https://docs.paramlabs.io/param-litepaper/ecosystem/modular-gaming-ecosystem/experiences/native-nfts-and-ips"", ""https://paramgaming.com"", ""https://paramgaming.com/blog/param-airdrop-announcement"", ""https://x.com/ParamLaboratory/status/1808324693516341306"", ""https://x.com/paramlaboratory/status/1795729692177183039?s=46&t=JqFWtNHbJ_bCYOgBKG56uw""]",unverified_secondary_directory,False
Paraswap,paraswap,2021-11-15,inside_window_date_type_unverified,Alive,"[""150 million PSP tokens (7.5% of total supply)""]","[""20,000""]","[""14,131""]",ParaSwap,https://airdroparchive.com/projects/paraswap/,archive-evidence\paraswap.json,8a0cdc4c14ad318c626773c1171bad6d78802e66a3fe1d85fa9db225284da2dc,"[""https://medium.com/paraswap/whats-an-active-user-clarifying-psp-token-distribution-filtering-logic-81df6096d410"", ""https://www.paraswap.io""]",unverified_secondary_directory,False
Parcl,parcl,2024-04-16,inside_window_date_type_unverified,Alive,"[""Not Known""]","[""Not Known""]","[""Not Known""]",,https://airdroparchive.com/projects/parcl/,archive-evidence\parcl.json,e1d7221e46f09b6694730468e7b103a147acdb2f01cab16e71d1039d4951030a,"[""https://www.parcl.co"", ""https://www.parcl.co/blog/prcl-community-allocation-update""]",unverified_secondary_directory,False
Particle Network,particle,2025-03-24,inside_window_date_type_unverified,Alive,"[""9% of total supply""]","[""Not specified""]","[""Not specified""]",,https://airdroparchive.com/projects/particle/,archive-evidence\particle.json,94e7b59b7fe956002f60e0e1eed811bc1235b006c1a4fa03f2b38e180d33c66f,"[""https://blog.particle.network/parti-airdrop/"", ""https://universalx.app"", ""https://universalx.app/grow/airdrop"", ""https://x.com/ParticleNtwrk/status/1904515174620422574""]",unverified_secondary_directory,False
Paws,paws,2025-03-10,inside_window_date_type_unverified,Alive,"[""Not Known""]","[""Not Known""]","[""Not Known""]",,https://airdroparchive.com/projects/paws/,archive-evidence\paws.json,d3c69e8a6e49e66fdb7ac4d79d00639d194d43e64662178021a09081a3c91a2d,"[""http://paws.community"", ""http://paws.community/app/solana-og"", ""https://x.com/GOTPAWSED/status/1898802621470654765""]",unverified_secondary_directory,False
Peaq,peaq,2025-03-11,inside_window_date_type_unverified,Alive,"[""210 million PEAQ tokens (~$50M) across multiple seasons""]","[""15,000+ participants in “Get Real” Season 1""]","[""Not Known""]",,https://airdroparchive.com/projects/peaq/,archive-evidence\peaq.json,97284627ba56056c8f75dc45a9e11c6870b0f356d88e29cfbaf7f9e8628c1d98,"[""https://app.hedgey.finance/claim/13a16567-db7b-4a91-8a4a-939faab8348a"", ""https://app.hedgey.finance/claim/a04cde54-16d7-44f6-a220-b5cc758648fe"", ""https://www.krest.network/blog/peaq-airdrop-for-krest-holders-how-to-double-your-rewards"", ""https://www.peaq.network/"", ""https://www.peaq.network/blog/the-peaq-token-launch-all-you-need-to-know"", ""https://x.com/peaq/status/1899166100119867867""]",unverified_secondary_directory,False
Pell Network,pell-network,2025-03-13,inside_window_date_type_unverified,Alive,"[""126,000,000 PELL (6% of total supply)""]","[""Not Known""]","[""Not Known""]",,https://airdroparchive.com/projects/pell-network/,archive-evidence\pell-network.json,63dba5168d8181d6a69a223025925f92b2bfa3d2fb58e256dcbd6d2f71e4afc6,"[""https://app.pell.network/claim"", ""https://docs.pell.network/pell-tokenomics"", ""https://pell.network/"", ""https://pellrestaking.substack.com/p/pell-epoch-1-airdrop-detailed-overview"", ""https://x.com/Pell_Network/status/1900108253738262572""]",unverified_secondary_directory,False
Pencil Protocol,pencil-protocol,2024-09-27,inside_window_date_type_unverified,Alive,"[""3,000,000 DAPP (3% of total supply)""]","[""Not Known""]","[""Not Known""]",,https://airdroparchive.com/projects/pencil-protocol/,archive-evidence\pencil-protocol.json,831810e57351374b3137353c92891d64a6175669e88d29debec5f41a8771a386,"[""https://medium.com/@PencilsProtocol/celebrating-a-key-milestone-dapp-airdrop-day-is-here-e6fdc580d30b"", ""https://medium.com/@PencilsProtocol/leading-defi-on-scroll-introducing-the-dapp-airdrop-details-5702d6845de0"", ""https://pencilsprotocol.io"", ""https://pencilsprotocol.io/airdrop"", ""https://x.com/pencilsprotocol/status/1839517424321958196""]",unverified_secondary_directory,False
Penumbra,penumbra,2024-07-14,inside_window_date_type_unverified,Alive,"[""16,000,000 UM tokens (16% of total supply)""]","[""Not Known""]","[""Not Known""]",,https://airdroparchive.com/projects/penumbra/,archive-evidence\penumbra.json,71b9ea769a4bde2981401d4cbf8d3b106b20011669edb361c07b7c06dd576250,"[""https://forum.penumbra.zone/t/questions-about-the-genesis-allocations/67"", ""https://forum.penumbra.zone/t/the-final-summoning-rites-part-2-mainnet-phase-0/32""]",unverified_secondary_directory,False
Phaver,phaver,2024-09-26,inside_window_date_type_unverified,Alive,"[""Not Known""]","[""Not Known""]","[""Not Known""]",,https://airdroparchive.com/projects/phaver/,archive-evidence\phaver.json,40a53210b8f8ccb3e5b4c8e4956836204403d4e80f0f6d67059351f8c2b0bf2b,"[""http://phairdrop.com"", ""https://app.aevo.xyz/perpetual/social"", ""https://opensea.io/collection/phaver-cred-pass-s1"", ""https://phaver.gitbook.io/whitepaper-phaver/"", ""https://phaver.gitbook.io/whitepaper-phaver/whitepaper-phaver/tokenomics/usdsocial-season-1-airdrop"", ""https://x.com/ai_socialdao/status/1788209976793579864"", ""https://x.com/ai_socialdao/status/1836359917956964741""]",unverified_secondary_directory,False
Pi Network,pi-network,2025-02-20,inside_window_date_type_unverified,Alive,"[""$12.6 billion worth of PI tokens""]","[""Over 19 million KYC-verified Pioneers""]","[""10.14 million Mainnet migrations recorded""]",,https://airdroparchive.com/projects/pi-network/,archive-evidence\pi-network.json,2507bf42af881ca17371fbee838d56f14c442b3bd1c116163bffc7e60f95e3ca,"[""https://minepi.com/"", ""https://minepi.com/blog/open-network-launch-date/"", ""https://x.com/PiCoreTeam"", ""https://x.com/PiCoreTeam/status/1891257712085733567""]",unverified_secondary_directory,False
Piggy Superform,piggy-superform,2024-11-25,inside_window_date_type_unverified,Alive,"[""69,000,000,000 PIGGY""]","[""Not Known""]","[""178 (as of initial collection data)""]",,https://airdroparchive.com/projects/piggy-superform/,archive-evidence\piggy-superform.json,04e6d36cf8b3d8f993127f8ee0e97ea1b1f0cb185cb72868b8bb9a126b0f2e2f,"[""https://basescan.org/address/0xe3CF8dBcBDC9B220ddeaD0bD6342E245DAFF934d"", ""https://mirror.xyz/superform.eth/hOj0XuCCurUYQXpXVFwFs7rWSC_0FmCHTVy0x2a2i5c"", ""https://www.superform.xyz/"", ""https://www.superform.xyz/piggy/claim/"", ""https://x.com/superformxyz/status/1861092778408865956""]",unverified_secondary_directory,False
Pika,pika,2023-06-19,inside_window_date_type_unverified,Alive,"[""~6.2 million esPIKA (6.2% of total supply)""]","[""Not Known""]","[""Not Known""]",,https://airdroparchive.com/projects/pika/,archive-evidence\pika.json,eafd4a4aa6017427293625b17c2159ddc3cd2a7b4442d50f78c19770a4c18c3c,"[""https://pikaprotocol.medium.com/pika-retroactive-airdrop-a986655fa27f"", ""https://www.pikaprotocol.com"", ""https://www.pikaprotocol.com/#/airdrop""]",unverified_secondary_directory,False
Pirate Nation,pirate-nation,2024-06-13,inside_window_date_type_unverified,Alive,"[""1,000,000,000 PIRATE (Total Supply)""]","[""Not Known""]","[""Not Known""]",,https://airdroparchive.com/projects/pirate-nation/,archive-evidence\pirate-nation.json,cc3123dacde75b45a056b31426e991b43acda07e0353731c10c582d54cefd0bc,"[""https://piratenation.game"", ""https://piratenation.medium.com/all-you-need-to-know-for-the-pirate-launch-46b12449554a""]",unverified_secondary_directory,False
Pixels,pixels,2024-02-19,inside_window_date_type_unverified,Alive,"[""20 million PIXEL tokens""]","[""Not Known""]","[""Not Known""]",,https://airdroparchive.com/projects/pixels/,archive-evidence\pixels.json,bb22c86479e24b43b0f49113de3bf82576641208eda189e4596ea27dfbda8fdf,"[""https://play.pixels.xyz"", ""https://x.com/pixels_online/status/1755753721114595478"", ""https://x.com/pixels_online/status/1759030722592137703""]",unverified_secondary_directory,False
Plume,plume,2025-01-21,inside_window_date_type_unverified,Alive,"[""Not Known""]","[""Not Known""]","[""Not Known""]",,https://airdroparchive.com/projects/plume/,archive-evidence\plume.json,22a9f1d44c5521ca3cb164b1fcd057551f5ef2db344230d0517201902dbc9a9f,"[""https://plumenetwork.xyz/"", ""https://plumenetwork.xyz/blog/airdrop""]",unverified_secondary_directory,False
Polyhedra,polyhedra,2024-03-19,inside_window_date_type_unverified,Alive,"[""1 million $ZKJ tokens""]","[""Not Known""]","[""Not Known""]",,https://airdroparchive.com/projects/polyhedra/,archive-evidence\polyhedra.json,db4d33aa87d2225d6b8af1d89f5d962cf0bb84d017a1de910957371fa8bd6a0e,"[""https://binance.com/en/support/faq/detail/12e7f2e555704f9c8e852d1c1afb032a"", ""https://blog.polyhedra.network/tokenomics/"", ""https://polyhedra.network"", ""https://support.bittime.com/hc/en-us/articles/9230390440463-Guide-to-Getting-Polyhedra-Network-ZK-Airdrop-and-How-to-Use-It"", ""https://x.com/binance/status/1920005613867737516""]",unverified_secondary_directory,False
Pontem Network,pontem-network,2024-07-30,inside_window_date_type_unverified,Alive,"[""5% of total token supply""]","[""57,000 wallets considered for airdrop (after filtering)""]","[""Not Known""]",,https://airdroparchive.com/projects/pontem-network/,archive-evidence\pontem-network.json,eb772006349c98174d525fdea4edebee86c65894066aa54ab5c60880db542d7e,"[""https://claim.liquidswap.com"", ""https://form.typeform.com/to/D9w3pLSA"", ""https://pontem.network"", ""https://pontem.network/posts/liquidswap-lsd-token-first-airdrop"", ""https://x.com/PontemNetwork/status/1817662459886399737""]",unverified_secondary_directory,False
Pool Together,pool-together,2021-02-16,inside_window_date_type_unverified,Alive,"[""1,400,000 POOL tokens (14% of total supply) for retroactive distribution, plus 500,000 POOL tokens (5% of total supply) over 14 weeks for depositors""]","[""17,072 unique addresses (retroactive distribution)""]","[""Not Known""]",PoolTogether,https://airdroparchive.com/projects/pool-together/,archive-evidence\pool-together.json,29f9447e944f42654b44d29d064c633104752364254beba159eb4c236542803d,"[""https://discord.gg/pooltogether"", ""https://gov.pooltogether.com/"", ""https://medium.com/pooltogether/introducing-pool-23b09f36db48"", ""https://pooltogether.com""]",unverified_secondary_directory,False
Popsicle Finance,popsicle-finance,2021-03-22,inside_window_date_type_unverified,Alive,"[""2.5% of ICE total supply (0.5% for Darknodes, 0.5% for BadgerDAO voters, 1% for CREAM addresses, 1.5% for cross-chain SushiSwap users)""]","[""808 (Darknodes) + 5377 (BadgerDAO voters) + 241 (CREAM addresses) + Not Known (SushiSwap cross-chain users)""]","[""Not Known""]",,https://airdroparchive.com/projects/popsicle-finance/,archive-evidence\popsicle-finance.json,501145087dcda81146531eee756ffddf50f8c68dec6be6bd42fed4563c83a029,"[""https://disperse.app"", ""https://github.com/Popsicle-Finance/airdrop"", ""https://popsicle.finance"", ""https://popsicle.finance/CREAMsicle-airdrop.pdf"", ""https://popsiclefinance.medium.com/popsicle-finance-tokenomics-proposal-68ef10786d38"", ""https://x.com/wagmicom/status/1372923628996689930"", ""https://x.com/wagmicom/status/1373963288657203202"", ""https://x.com/wagmicom/status/1374737782522970117"", ""https://x.com/wagmicom/status/1388852900236038146""]",unverified_secondary_directory,False
Port3,port3,2024-01-08,inside_window_date_type_unverified,Alive,"[""3% (30 million tokens) in Season 1, 3% in Season 2, and 1% in Season 3 of the total token supply""]","[""Not Known""]","[""Not Known""]",,https://airdroparchive.com/projects/port3/,archive-evidence\port3.json,cdc00d124310c3fa82cb3ccba3058e9f1346646a3ca48822efd0a0aae15904a6,"[""https://medium.com/@Port3/port3-airdrop-program-fb5c9aaa03db"", ""https://www.port3.io""]",unverified_secondary_directory,False
Portal,portal,2024-03-01,inside_window_date_type_unverified,Alive,"[""50 million PORTAL tokens (5% of total supply)""]","[""Not Known""]","[""Not Known""]",,https://airdroparchive.com/projects/portal/,archive-evidence\portal.json,013f56345d91965a1e0f1255f65dfdc60c0e4ef91ad00b75f3f52af72b003e9e,"[""https://crystaldash.co"", ""https://portalgaming.com/products/portal-token"", ""https://x.com/Portalcoin/status/1752079765987561905"", ""https://x.com/Portalcoin/status/1754619548500680729""]",unverified_secondary_directory,False
Prisma Finance,prisma-finance,2023-11-04,inside_window_date_type_unverified,Alive,"[""9,000,000 PRISMA tokens (3% of total supply)""]","[""Not Known""]","[""Not Known""]",,https://airdroparchive.com/projects/prisma-finance/,archive-evidence\prisma-finance.json,15aad44cbb149640d53a07338b1918d071c12ba959b2f9d8c95dc672f14f524d,"[""https://gov.curve.fi/t/whitelist-the-prisma-dao-curveproxy-contract/9494"", ""https://mirror.xyz/prismafinance.eth/BfK-JARBTJoLyVrZFgfuRRC0rqAIHGkpigYuaLrwhyE"", ""https://prismafinance.com/""]",unverified_secondary_directory,False
Privasea AI,privasea-ai,2025-05-14,inside_window_date_type_unverified,Alive,"[""Not specified""]","[""~760,737 wallets""]","[""Not specified""]",,https://airdroparchive.com/projects/privasea-ai/,archive-evidence\privasea-ai.json,c83b6964ab00b88891ef7d08e196278f7c0e6527b68b81d578f2cba6df96457c,"[""https://airdrop.privasea.ai"", ""https://binance.com/en/events/privasea-tge"", ""https://binance.com/en/support/faq/detail/12e7f2e555704f9c8e852d1c1afb032a"", ""https://www.privasea.ai/"", ""https://x.com/BinanceWallet/status/1922561073288548641"", ""https://x.com/Privaseafdn"", ""https://x.com/Privaseafdn/status/1922654431348138025""]",unverified_secondary_directory,False
Pryzm,pryzm,2025-01-26,inside_window_date_type_unverified,Alive,"[""Not Known""]","[""Not Known""]","[""Not Known""]",,https://airdroparchive.com/projects/pryzm/,archive-evidence\pryzm.json,461f1d51c2c916071443f1bcce8047034cfdc762ed557963042888cabfe8c5f9,"[""https://airdrop.pryzm.zone"", ""https://app.pryzm.zone/portfolio"", ""https://x.com/Pryzm_Zone/status/1884030239619051930""]",unverified_secondary_directory,False
Pudgy Penguins,pudgy-penguins,2024-12-17,inside_window_date_type_unverified,Alive,"[""44.8 billion PENGU tokens (allocated to eligible users)""]","[""Over 7 million wallets across Ethereum, Solana, and Web3 communities""]","[""Not Known""]",,https://airdroparchive.com/projects/pudgy-penguins/,archive-evidence\pudgy-penguins.json,a0dc9635699949254a868804d06a4b7acabea8834bccf824090962a5f6579e03,"[""https://claim.pudgypenguins.com"", ""https://pudgypenguins.com/"", ""https://x.com/pudgypenguins/status/1869004989731160153""]",unverified_secondary_directory,False
Puffer Finance,puffer-finance,2024-10-14,inside_window_date_type_unverified,Alive,"[""75 million PUFFER (7.5% of total supply)""]","[""Not Known""]","[""Not Known""]",,https://airdroparchive.com/projects/puffer-finance/,archive-evidence\puffer-finance.json,1d74cade6837a496c3034f078425ea29a83e8530f262da7211a75d009566f47b,"[""https://claims.puffer.fi"", ""https://medium.com/puffer-fi/puffer-tokenomics-utility-c789352629e6"", ""https://quest.puffer.fi"", ""https://www.puffer.fi/"", ""https://x.com/binance/status/1921849600484294946"", ""https://x.com/puffer_finance"", ""https://x.com/puffer_finance/status/1844234772274729416"", ""https://x.com/puffer_unifi""]",unverified_secondary_directory,False
Puffverse (PFVS),puffverse,2025-05-27,inside_window_date_type_unverified,Alive,"[""875 PFVS per eligible user""]","[""Not specified""]","[""Not specified""]",,https://airdroparchive.com/projects/puffverse/,archive-evidence\puffverse.json,033c7c6d17faba6b2742ce4406b03817008643f533b3920583f53fc7e007bb98,"[""https://medium.com/@Puffverse/puffgo-official-league-season-is-ready-together-with-the-pfvs-tge-584f2e2b37fa"", ""https://puffverse.io"", ""https://x.com/Puffverse/status/1927344982702051505"", ""https://x.com/binance/status/1926936504703517105"", ""https://x.com/binance/status/1927311308870873524""]",unverified_secondary_directory,False
PumpBTC,pumpbtc,2025-05-01,inside_window_date_type_unverified,Alive,"[""90,000,000 PUMP (9% of total supply)""]","[""Not specified""]","[""Not specified""]",,https://airdroparchive.com/projects/pumpbtc/,archive-evidence\pumpbtc.json,eadbb0598108951b22d657955c8cbf25c3a6d7fd2f86a5f747bcb8343ffd540e,"[""https://airdrop.pumpbtc.xyz"", ""https://discord.com/invite/pumpbtc"", ""https://mainnet.pumpbtc.xyz/"", ""https://pumpbtc.gitbook.io/"", ""https://x.com/Pumpbtcxyz"", ""https://x.com/Pumpbtcxyz/status/1907072128207536446""]",unverified_secondary_directory,False
Purr,purr,2024-01-01,inside_window_date_type_unverified,Alive,"[""500 million PURR tokens (50% of total supply)""]","[""Not Known""]","[""Not Known""]",,https://airdroparchive.com/projects/purr/,archive-evidence\purr.json,423ba064e0922cf383be0b18cb0b7427b00b3433641bf32508683e23fa712221,"[""https://app.hyperliquid.xyz"", ""https://www.hyperliquid.com"", ""https://x.com/HyperliquidX/status/1773531180815507473"", ""https://x.com/HyperliquidX/status/1780079468918587507""]",unverified_secondary_directory,False
Pyth Network,pyth-network,2023-11-20,inside_window_date_type_unverified,Alive,"[""255 million PYTH Tokens""]","[""Over 90,000 wallets""]","[""Not Known""]",,https://airdroparchive.com/projects/pyth-network/,archive-evidence\pyth-network.json,29fd68dc4b8bdcd4f8094cd9be1c72f923aadacd093774d52d74a94aed5456c5,"[""https://www.pyth.network"", ""https://www.pyth.network/blog/pyth-network-retrospective-airdrop"", ""https://www.pyth.network/blog/pyth-network-retrospective-airdrop-eligibility-and-distribution-specifications?ref=pyth-network.ghost.io"", ""https://www.pyth.network/whitepaper""]",unverified_secondary_directory,False
QnA3,qna3,2024-02-28,inside_window_date_type_unverified,Alive,"[""1.5% of total token supply, distributed over three rounds""]","[""Not Known""]","[""Not Known""]",,https://airdroparchive.com/projects/qna3/,archive-evidence\qna3.json,6cce8610449ac4180383f76935a0b84d8b54d4de3fcd69f5a31ed8caee4bf72d,"[""https://discord.com/invite/6xSCmNBPag"", ""https://docs.qna3.ai/qna3.ai-documents/qna3.ai-docs/about-usdgpt-token"", ""https://docs.qna3.ai/qna3.ai-documents/qna3.ai-docs/activity-rules"", ""https://docs.qna3.ai/qna3.ai-documents/qna3.ai-docs/airdrop-strategy"", ""https://docs.qna3.ai/qna3.ai-documents/qna3.ai-docs/token-sales-and-tokenomics"", ""https://t.me/qna3_official"", ""https://twitter.com/qnaweb3""]",unverified_secondary_directory,False
Quai,quai,2025-02-21,inside_window_date_type_unverified,Alive,"[""38.7M QUAI (Testnet Rewards) + 26M QUAI (Social Media Rewards) + 1M QUAI (Builder Grants)""]","[""Not Known""]","[""Not Known""]",,https://airdroparchive.com/projects/quai/,archive-evidence\quai.json,6bae137d90c28bb81f56ae4623b7ad0a471a5293e88ef956158dee94c05e5a45,"[""https://claims.qu.ai"", ""https://pelaguswallet.io"", ""https://qu.ai"", ""https://qu.ai/blog/announcing-the-quai-network-claims-page/""]",unverified_secondary_directory,False
Quasar,quasar,2023-12-01,inside_window_date_type_unverified,Alive,"[""10,245,750 QSR tokens (Wave 1)""]","[""~2,157 addresses""]","[""Not Known""]",,https://airdroparchive.com/projects/quasar/,archive-evidence\quasar.json,8ae59db45aa774ac21eedf4610dc6711bd965124aa29fe3839bb3f2b707a092f,"[""https://medium.com/@quasar.fi/quasar-airdrop-is-live-elevate-your-qsr-tokens-on-the-first-wave-4d689e223d5f"", ""https://quasar.fi""]",unverified_secondary_directory,False
Raft,raft,2023-10-11,inside_window_date_type_unverified,Alive,"[""37,500,000 RAFT (1.5% of total supply)""]","[""604 wallets""]","[""Not Known""]",,https://airdroparchive.com/projects/raft/,archive-evidence\raft.json,f89106908a6f08a2ca9349f043e642cc4e46c4b9034dc4204682b9756b54d214,"[""https://claim.raft.fi/"", ""https://discord.com/invite/raft-fi"", ""https://docs.raft.fi/"", ""https://mirror.xyz/0xa486d3a7679D56D545dd5d357469Dd5ed4259340/kTaK0LUcsVmNvjGgEdThAepv3OQRQQCln0Hw4_O3ltk"", ""https://t.me/raft"", ""https://t.me/raft_fi"", ""https://twitter.com/raft_fi"", ""https://www.raft.fi/""]",unverified_secondary_directory,False
Rage Trade,rage-trade,2024-08-15,inside_window_date_type_unverified,Alive,"[""6.5M RAGE tokens (6.5% of total supply)""]","[""Not Known""]","[""Not Known""]",,https://airdroparchive.com/projects/rage-trade/,archive-evidence\rage-trade.json,a3616944fc93c0dd16ce10624aff0b1cb9b57b017e7183426300f687cdbcc4f8,"[""https://docs.rage.trade/tokenomics"", ""https://rage.trade"", ""https://x.com/rage_trade/status/1811355608991568216""]",unverified_secondary_directory,False
Rarible,rarible,2020-07-19,inside_window_date_type_unverified,Alive,"[""10% of the total RARI supply""]","[""Not Known""]","[""Not Known""]",,https://airdroparchive.com/projects/rarible/,archive-evidence\rarible.json,477f49032ba0c0a5e5855dc74a9f834261d7d23508e700f2bcad9b1043a65036,"[""http://rarible.typeform.com/to/QuS2XQ9x"", ""https://app.rarible.com/rari"", ""https://rarible.com"", ""https://rarible.com/blog/-rari-airdrop-to-nft-holders--everything-you-need-to-know/""]",unverified_secondary_directory,False
Raw,raw,2022-04-19,inside_window_date_type_unverified,Alive,"[""Not Known""]","[""Not Known""]","[""Not Known""]",,https://airdroparchive.com/projects/raw/,archive-evidence\raw.json,fe41e182b8ab7eb76b5681b7f7eaf6989cb1c6716563be2a30fc03d961f67336,"[""https://gist.githubusercontent.com/dimiandre/0fc21721a0d75b9b1da469e3d0707b8d/raw/726b0fb9681af6034bfb2c27526b39cc23330ab1/RAW_Snapshots.md"", ""https://medium.com/raw-dao/raw-fairdrop-1472c187c245"", ""https://www.rawdao.zone/""]",unverified_secondary_directory,False
Redacted (RDAC),redacted,2025-05-13,inside_window_date_type_unverified,Alive,"[""482 RDAC per eligible user""]","[""Not specified""]","[""Not specified""]",,https://airdroparchive.com/projects/redacted/,archive-evidence\redacted.json,3cc1ac2f8804e30c31e33869017c0fde435dbb203c463bbe725ee68ef07575d4,"[""https://claim.redactedgroup.io"", ""https://redactedgroup.io"", ""https://x.com/binance/status/1922224856843661700"", ""https://x.com/redactedcoin/status/1913201240953250181"", ""https://x.com/redactedcoin/status/1915377798249697662"", ""https://x.com/redactedcoin/status/1915737728454459820"", ""https://x.com/redactedcoin/status/1922231550889836785""]",unverified_secondary_directory,False
Redbelly Network,redbelly-network,2025-01-26,inside_window_date_type_unverified,Alive,"[""Not Known""]","[""Not Known""]","[""Not Known""]",,https://airdroparchive.com/projects/redbelly-network/,archive-evidence\redbelly-network.json,dc5b1d88aa23703a1c3880e352210e3cc614eaff1beb1edcba3c199acfa3fab0,"[""https://medium.com/@redbellyblockchain/redbelly-network-building-the-future-of-tokenomics-with-rbnt-4f1e2667d6ab"", ""https://redbelly.network"", ""https://redbelly.network/rewards-checker"", ""https://redbelly.network/rewards-claim"", ""https://x.com/RedbellyNetwork/status/1884208617601261932""]",unverified_secondary_directory,False
Redbrick,redbrick,2025-06-22,inside_window_date_type_unverified,Alive,"[""3% of total supply (Play to Airdrop); 6% Binance Alpha""]","[""[Not specified]""]","[""[Not specified]""]",,https://airdroparchive.com/projects/redbrick/,archive-evidence\redbrick.json,d495a3ed4fd8b2dad9bd773295627213bd5cfe85f48455ae12ea3f1091ec2c59,"[""https://airdrop.redbrick.land"", ""https://docs.redbrick.land/introduction/what-is-redbrick/usdbric-token-allocation"", ""https://medium.com/redbrick-official/panda-adventure-airdrop-guide-4f15a021c2fb"", ""https://medium.com/redbrick-official/redbrick-airdrop-guide-e13e2071e9b9"", ""https://redbrick.land/"", ""https://x.com/RedbrickLand/status/1936268305624711350"", ""https://x.com/RedbrickLand/status/1937105823672775106"", ""https://x.com/binance/status/1935601587793051780""]",unverified_secondary_directory,False
Reddio,reddio,2025-05-29,inside_window_date_type_unverified,Alive,"[""8% of total supply (800M RDO)""]","[""Not specified""]","[""Not specified""]",,https://airdroparchive.com/projects/reddio/,archive-evidence\reddio.json,a676623fa584ba4c63b0ba39d349711981ef76190b6233b09566ddb110e2416d,"[""https://docs.reddio.com/zkevm/tokeneconomy/tokendistribution"", ""https://reddio.com"", ""https://x.com/BinanceWallet/status/1927666304393392338"", ""https://x.com/reddio_com/status/1834245971997536485"", ""https://x.com/reddio_com/status/1896531055315943530"", ""https://x.com/reddio_com/status/1915050393211715712"", ""https://x.com/reddio_com/status/1928029773995069886""]",unverified_secondary_directory,False
RedStone Oracles,redstone-oracles,2025-03-06,inside_window_date_type_unverified,Alive,"[""5% of total RED supply (initial), additional 2% allocated, further 4.5% in 6 months""]","[""Not Known""]","[""Not Known""]",,https://airdroparchive.com/projects/redstone-oracles/,archive-evidence\redstone-oracles.json,c4d1d4cf1e4ee4b86fefae9a778a447820c75f8691110cc82b902ae0b6420b3e,"[""http://bonus.redstone.finance"", ""http://claim.redstone.finance"", ""https://blog.redstone.finance/2025/02/12/introducing-red-tokenomics/"", ""https://defillama.com/oracles/RedStone"", ""https://redstone.finance"", ""https://x.com/redstone_defi/status/1897647415374872733""]",unverified_secondary_directory,False
Ref Finance,ref-finance,2021-07-21,inside_window_date_type_unverified,Alive,"[""3,000,000 REF""]","[""4,601 (757 LPs + 3,844 Traders)""]","[""Not Known""]",,https://airdroparchive.com/projects/ref-finance/,archive-evidence\ref-finance.json,faf952789180bebf37f26317a434414a57b3d02a23ec9cabffa8f3b8d5b2f565,"[""https://app.ref.finance/account"", ""https://ref.finance"", ""https://rhea-finance.medium.com/ref-airdrop-for-early-adopters-60f27724b61e"", ""https://t.me/ref_finance"", ""https://twitter.com/finance_ref""]",unverified_secondary_directory,False
Reflexer finance,reflexer-finance,2021-04-12,inside_window_date_type_unverified,Alive,"[""3,854 FLX""]","[""Not Known""]","[""3,854""]",,https://airdroparchive.com/projects/reflexer-finance/,archive-evidence\reflexer-finance.json,e35f3f4a7becd742fae96847ccdca3538b772c613c0e7f28319d95e5376f7685,"[""https://web.archive.org/web/20210725032517/https://earni.fi/airdrops/reflexer-ungovernance-token""]",unverified_secondary_directory,False
Renzo,renzo,2024-04-30,inside_window_date_type_unverified,Alive,"[""700M REZ (7% of total supply)""]","[""Not Known""]","[""Not Known""]",Renzo,https://airdroparchive.com/projects/renzo/,archive-evidence\renzo.json,854621515fff217b8b2387007f5b7f8e34202c9d2e922dbc934266abea1c7de9,"[""https://claim.renzoprotocol.com"", ""https://docs.renzoprotocol.com/docs/renzo/usdrez/season-1"", ""https://renzoprotocol.com""]",unverified_secondary_directory,False
Resolv,resolv,2025-05-27,inside_window_date_type_unverified,Alive,"[""Not specified""]","[""Not specified""]","[""Not specified""]",,https://airdroparchive.com/projects/resolv/,archive-evidence\resolv.json,22f271f923eab719239c0e4ec18f1624d38aededb2ee0fde3666986c187dcec0,"[""https://claim.resolv.xyz"", ""https://resolv.xyz"", ""https://resolvlabs.substack.com/p/resolv-weekly-may-16"", ""https://x.com/ResolvCore/status/1927351294580154840""]",unverified_secondary_directory,False
REVOX,revox,2025-05-17,inside_window_date_type_unverified,Alive,"[""1.5M REX total distribution""]","[""Not specified""]","[""Not specified""]",,https://airdroparchive.com/projects/revox/,archive-evidence\revox.json,eefafc6087bf74a28ff6229537edcf8e2605abeeaf70cb341d492f53df03b6ee,"[""https://docs.revox.ai/"", ""https://docs.revox.ai/tokenomics/tokenomics-v2#token-global-allocation"", ""https://readonofficial.medium.com/revox-airdrop-eligibility-criteria-99e25e4f70b7"", ""https://reward.revox.ai/"", ""https://www.revox.ai/"", ""https://x.com/binance/status/1923634605749596413"", ""https://x.com/revoxdotai/status/1924482535754801515""]",unverified_secondary_directory,False
RHEA Finance,rhea-finance,2025-03-22,inside_window_date_type_unverified,Alive,"[""10% of total RHEA supply""]","[""Not Known""]","[""Not Known""]",,https://airdroparchive.com/projects/rhea-finance/,archive-evidence\rhea-finance.json,588472041baa056f6cff0429e84a7fa7fb9306a2ffea548ea21ba8171a614406,"[""https://rhea.finance"", ""https://x.com/rhea_finance/status/1897682652582596670""]",unverified_secondary_directory,False
Ribbon Finance,ribbon-finance,2021-05-24,inside_window_date_type_unverified,Alive,"[""30,000,000 RBN""]","[""1,700""]","[""1,318""]",Ribbon Finance,https://airdroparchive.com/projects/ribbon-finance/,archive-evidence\ribbon-finance.json,2cdfabdb2cbd6cc70562f3133c32885daea5c2780a06492aed699561cde3a1c7,"[""https://ribbon.finance"", ""https://ribbonfinance.medium.com/rbn-airdrop-distribution-70b6cb0b870c""]",unverified_secondary_directory,False
Rivalz,rivalz,2025-02-21,inside_window_date_type_unverified,Alive,"[""350,000,000 RIZ (7% of total supply)""]","[""1,200,000 users""]","[""Not Known""]",,https://airdroparchive.com/projects/rivalz/,archive-evidence\rivalz.json,967ba2b007c4d0e55da54a0a1e26777cda753520d75b4a31815f849d93c6db10,"[""https://blog.rivalz.ai"", ""https://blog.rivalz.ai/rivalz-testnet-airdrop-celebrating-the-community/"", ""https://docs.google.com/forms/d/e/1FAIpQLSe52MPGWjPwpc12XoZqgz9T4aIxktOIdOaLzatP1oYmmgCGaQ/viewform"", ""https://x.com/Rivalz_AI/status/1892938362102686062""]",unverified_secondary_directory,False
Saddle Exchange,saddle-exchange,2023-04-07,inside_window_date_type_unverified,Alive,"[""150,000,000 SDL (vested over 2 years)""]","[""Not Known""]","[""Not Known""]",,https://airdroparchive.com/projects/saddle-exchange/,archive-evidence\saddle-exchange.json,f4ec9a830081d03fe45307f2ffdb4a56dad13aea1b0fd53b53fffa1f0f623415,"[""https://gov.saddle.finance"", ""https://saddle.finance"", ""https://saddle.finance/"", ""https://web.archive.org/web/20211116215332/https://blog.saddle.finance/announcing-the-saddle-sdl-token/"", ""https://x.com/saddlefinance/status/1460727362421616643""]",unverified_secondary_directory,False
Safe,safe,2022-11-26,inside_window_date_type_unverified,Alive,"[""Not Known""]","[""21,935""]","[""Not Known""]",Safe,https://airdroparchive.com/projects/safe/,archive-evidence\safe.json,12c81d95f215ab5bae81bb4355ed707b183069c2cdf9b36afe8a00b610352c25,"[""https://docs.google.com/spreadsheets/d/1kr3OTv44ZW52wJcTTM2axR9jfxT6fiuImWu4xxP9l8U"", ""https://forum.gnosis-safe.io/t/proposal-safe-distribution-for-users/369"", ""https://safe.global/"", ""https://twitter.com/gnosisSafe/status/1491508247966191620""]",unverified_secondary_directory,False
Saga,saga,2024-04-09,inside_window_date_type_unverified,Alive,"[""Not Known""]","[""180,000+ (approximate total from all eligible communities)""]","[""Not Known""]",Saga,https://airdroparchive.com/projects/saga/,archive-evidence\saga.json,b2152f7a8ff7809ee6bae8dfd800588cafa0dc179c744a92675eea1d0ec70764,"[""https://medium.com/sagaxyz/saga-community-genesis-airdrop-e0f94c1f2220"", ""https://saga.xyz""]",unverified_secondary_directory,False
Sahara AI,sahara-ai,2025-06-25,inside_window_date_type_unverified,Alive,"[""8.15% of total supply (Airdrops: 5.00% Knowledge Drop, 0.40% OKX, 2.75% Binance HODLer)""]","[""Not specified""]","[""Not specified""]",,https://airdroparchive.com/projects/sahara-ai/,archive-evidence\sahara-ai.json,f768972777bfdbc2bdcb9731aaf499fd9d7e2adb875bd500efacff247f3d0b8a,"[""http://knowledgedrop.saharaai.com/"", ""https://discord.gg/sahara-ai"", ""https://saharaai.com"", ""https://saharaai.com/blog/knowledge-drop"", ""https://saharaai.com/blog/sahara-token"", ""https://saharalabs.ai/blog/ai-data-collection-and-labeling"", ""https://saharalabs.ai/blog/collaborative-ai-economy"", ""https://t.me/saharaaiofficial""]",unverified_secondary_directory,False
SailDAO,saildao,2024-01-30,inside_window_date_type_unverified,Alive,"[""500,000,000 SAIL tokens""]","[""Not Known""]","[""Not Known""]",,https://airdroparchive.com/projects/saildao/,archive-evidence\saildao.json,5067f8245f9c917bd318703726eb114d39f00c53f6eae82b02ed16a4e7c9b590,"[""https://coinhall.org"", ""https://daodao.zone/dao/osmo106tvcj58rvdn9k36m9m3xcmcwk2c3fgft3ldcst9lgy05gcmjanqexru3h/"", ""https://daodao.zone/dao/osmo106tvcj58rvdn9k36m9m3xcmcwk2c3fgft3ldcst9lgy05gcmjanqexru3h/proposals/A2"", ""https://x.com/Sail_DAO_/status/1745504680409510382""]",unverified_secondary_directory,False
Sanctum,sanctum,2024-07-18,inside_window_date_type_unverified,Alive,"[""100 million CLOUD tokens""]","[""108,185 Profiles""]","[""Not Known""]",Sanctum,https://airdroparchive.com/projects/sanctum/,archive-evidence\sanctum.json,1ff16fba0952c8471bcbe194b9f1a5d7ed5d27a881751304ae120d7ffa0f028c,"[""https://learn.sanctum.so/blog/the-final-cloud-airdrop-post"", ""https://sanctum.so""]",unverified_secondary_directory,False
Scallop,scallop,2024-03-08,inside_window_date_type_unverified,Alive,"[""Not Known""]","[""Not Known""]","[""Not Known""]",,https://airdroparchive.com/projects/scallop/,archive-evidence\scallop.json,e10848b66b46ee150f01bb491a1b9cd228d9563f95f80e69800b9eec4101a7bb,"[""https://airdrop.scallop.io"", ""https://app.scallop.io"", ""https://scallop.io"", ""https://x.com/Scallop_io/status/1761442903555985518"", ""https://x.com/Scallop_io/status/1766062592391631057""]",unverified_secondary_directory,False
Scroll,scroll,2024-10-22,inside_window_date_type_unverified,Alive,"[""70,000,000 SCR (7% of total supply)""]","[""Over 570,000 wallets""]","[""Not Known""]",Scroll,https://airdroparchive.com/projects/scroll/,archive-evidence\scroll.json,d17cbb438691741e577f6ca66e645cf8ffa478f62e5499e3f230a20cd456d56e,"[""https://scroll.io"", ""https://scroll.io/blog/introducing-scrolls-first-airdrop-a-celebration-of-the-global-community"", ""https://scroll.io/blog/scr-token""]",unverified_secondary_directory,False
Seamless,seamless,2023-12-11,inside_window_date_type_unverified,Alive,"[""400,000 SEAM tokens""]","[""Not Known""]","[""Not Known""]",,https://airdroparchive.com/projects/seamless/,archive-evidence\seamless.json,744b7acfd26886d5daf80329bae22198b9272167db68a7e4692bdfa71502bdd1,"[""https://app.seamlessprotocol.com"", ""https://claim.seamlessprotocol.com/"", ""https://claims.seamlessprotocol.com/"", ""https://seamlessprotocol.com"", ""https://seamlessprotocol.medium.com/announcing-the-seamless-genesis-airdrop-31cbd3fb68e8"", ""https://twitter.com/SeamlessFi""]",unverified_secondary_directory,False
Seed Club,seed-club,2021-12-29,inside_window_date_type_unverified,Alive,"[""500,000 $CLUB (5% of total supply)""]","[""586""]","[""Not Known""]",,https://airdroparchive.com/projects/seed-club/,archive-evidence\seed-club.json,f8061d1f1d737b45892a2503bd2727b52d00b3f594dafae3daf8215dde2ab272,"[""https://claim.seedclub.xyz"", ""https://club.mirror.xyz"", ""https://club.mirror.xyz/liTz20oXiY7LYRzwL0LtD5bxsbBzw8Zh9WqBLal3e0U"", ""https://discord.gg/seedclub""]",unverified_secondary_directory,False
Sei 2,sei-2,2024-05-05,inside_window_date_type_unverified,Alive,"[""34,435,600 SEI""]","[""44,445 addresses""]","[""Not Known""]",,https://airdroparchive.com/projects/sei-2/,archive-evidence\sei-2.json,8c8bf71d7b9a02bce5a765c524b791339737cc909806dae852c8d21faac4cfa6,"[""https://airdrop.sei.io/"", ""https://blog.sei.io/the-sei-community-airdrop/"", ""https://sei.io"", ""https://twitter.com/SeiNetwork""]",unverified_secondary_directory,False
Sei,sei,2023-08-15,inside_window_date_type_unverified,Alive,"[""Not Known""]","[""Not Known""]","[""Not Known""]",Sei,https://airdroparchive.com/projects/sei/,archive-evidence\sei.json,639f70359b33d8476dce5768c52fadaf3eda433bb36574d56ca5b569e0348af8,"[""https://app.sei.io/"", ""https://blog.sei.io/sei-whitepaper/"", ""https://blog.sei.io/the-sei-airdrop/"", ""https://blog.sei.io/tokenomics/"", ""https://discord.gg/sei"", ""https://sei.io""]",unverified_secondary_directory,False
Shardeum,shardeum,2025-03-14,inside_window_date_type_unverified,Alive,"[""5,516,575 SHM tokens (2.22% of initial SHM supply)""]","[""63,494""]","[""Not specified""]",Shardeum,https://airdroparchive.com/projects/shardeum/,archive-evidence\shardeum.json,3048c9bfb59f969b4b0a59c1b15a0300f8504b9f572f078fe4e6470bc2ae08b1,"[""https://discord.gg/shardeum"", ""https://docs.shardeum.org"", ""https://shardeum.org"", ""https://shardeum.org/"", ""https://shardeum.org/blog/shardeum-shm-airdrop-eligibility-registration/"", ""https://testnet.shardeum.org"", ""https://twitter.com/shardeum"", ""https://x.com/shardeum/status/1900494642342428756""]",unverified_secondary_directory,False
Sharpe AI,sharpe-ai,2024-08-27,inside_window_date_type_unverified,Alive,"[""10,000,000 $SAI tokens""]","[""Not Known""]","[""Not Known""]",,https://airdroparchive.com/projects/sharpe-ai/,archive-evidence\sharpe-ai.json,ebb0fc7b496b6c7c71121db7f9f5fa5539b90ee922db27170ca25dc019d767ad,"[""https://docs.sharpe.ai/introduction/usdsai-tokenomics/sharpe-season-1-ended"", ""https://www.sharpe.ai""]",unverified_secondary_directory,False
Shell Protocol,shell-protocol,2024-01-22,inside_window_date_type_unverified,Alive,"[""~102M SHELL distributed through stream NFTs""]","[""Not Known""]","[""Not Known""]",,https://airdroparchive.com/projects/shell-protocol/,archive-evidence\shell-protocol.json,43ce503c266406edb1ac715283acdd1a553c5a4f8caf6329e2ad2a965969eb8e,"[""http://alpha-testnet.shellprotocol.io/"", ""https://discord.com/invite/shell-protocol"", ""https://github.com/shell-protocol"", ""https://shellprotocol.io"", ""https://shellprotocol.io/posts/introducing-shell-points/"", ""https://shellprotocol.io/posts/shell-governance-and-tokenomics-part-1/"", ""https://shellprotocol.io/posts/shell-governance-and-tokenomics-part-2/"", ""https://shellprotocol.io/posts/shell-token-launch-explained/"", ""https://t.me/shellprotocol"", ""https://twitter.com/ShellProtocol""]",unverified_secondary_directory,False
Shuffle,shuffle,2024-03-14,inside_window_date_type_unverified,Alive,"[""10% of total supply"", ""90,000,000 SHFL (9% of total supply)"", ""9% of total supply""]","[""Not Known"", ""Over 10 times more than Airdrop 1""]","[""Not Known""]",,https://airdroparchive.com/projects/shuffle/,archive-evidence\shuffle.json,02cd7af94bce3f8b753d47fcc5ea558ae3babaa0f207172d58e99fd57724786f,"[""https://shfl.shuffle.com/"", ""https://shfl.shuffle.com/shuffle-token-shfl/airdrop-campaigns"", ""https://shfl.shuffle.com/shuffle-token-shfl/token-utility"", ""https://shfl.shuffle.com/shuffle-token-shfl/token-utility/shfl-lottery"", ""https://shfl.shuffle.com/shuffle-token-shfl/wager-to-vest"", ""https://x.com/noahdummett/status/1866491298129301807""]",unverified_secondary_directory,False
Side Protocol,side-protocol,2024-11-26,inside_window_date_type_unverified,Alive,"[""100,000,000 SIDE tokens""]","[""764,909 Bitcoin addresses identified in the snapshot (only Bitcoin category mentioned)""]","[""Not Known""]",,https://airdroparchive.com/projects/side-protocol/,archive-evidence\side-protocol.json,0aad4bac5e811052e20241256a433e07f65f5dff08bcae13286761b38253158d,"[""https://discord.gg/sideprotocol"", ""https://genesis.side.one"", ""https://medium.com/%40SideProtocol/side-genesis-drop-3e0989d74628"", ""https://side.one"", ""https://t.me/SideProtocolOfficial"", ""https://twitter.com/SideProtocol""]",unverified_secondary_directory,False
Sign,sign,2024-04-28,inside_window_date_type_unverified,Alive,"[""10% of total supply (1,000,000,000 SIGN)""]","[""Not specified""]","[""Not specified""]",,https://airdroparchive.com/projects/sign/,archive-evidence\sign.json,d86393b7d2cb9db9f3215a10989c5d2916ba96c87e36aa8888d289f368f339d7,"[""https://binance.com/en/support/faq/detail/12e7f2e555704f9c8e852d1c1afb032a"", ""https://ethsign.xyz"", ""https://x.com/binance/status/1916744954505838937"", ""https://x.com/ethsign"", ""https://x.com/ethsign/status/1914310880336158785""]",unverified_secondary_directory,False
Singularity Finance,singularity,2025-03-26,inside_window_date_type_unverified,Alive,"[""Not specified""]","[""Not specified""]","[""Not specified""]",,https://airdroparchive.com/projects/singularity/,archive-evidence\singularity.json,c8c6cac9f11280b486a7bc7316544d6e37ae11060ce90492851a5f34b8e98833,"[""https://singularity.finance/rewards"", ""https://singularityfinance.ai"", ""https://singularityfinance.ai/testnet/claim"", ""https://x.com/Singularity_Fi"", ""https://x.com/Singularity_Fi/status/1877747479032340815"", ""https://x.com/Singularity_Fi/status/1880929949122744653"", ""https://x.com/Singularity_Fi/status/1887441548494692780""]",unverified_secondary_directory,False
Sirath,sirath,2025-03-09,inside_window_date_type_unverified,Alive,"[""20% of total token supply (Exact total supply not specified)""]","[""Not Known""]","[""Not Known""]",,https://airdroparchive.com/projects/sirath/,archive-evidence\sirath.json,cc093b097fef3730ef223f2443185e15acfbbecf1a6008af99ffc5400f3145e8,"[""https://docs.sirath.network/learn/tokenomics/vesting#community-incentive"", ""https://sirath.network/"", ""https://sirath.network/articles/sirath-genesis"", ""https://x.com/SirathNetwork/status/1898773309380333925""]",unverified_secondary_directory,False
Skate,skate,2025-06-09,inside_window_date_type_unverified,Alive,"[""10% of total supply (initial airdrop); additional airdrop reserve for future campaigns""]","[""[Not specified]""]","[""[Not specified]""]",,https://airdroparchive.com/projects/skate/,archive-evidence\skate.json,224438de86320927b314e41f07c747ac03ae669cb545c2a4ff75f6b760765db7,"[""https://claim.skatechain.org"", ""https://www.skatechain.org/"", ""https://x.com/SkateFDN/status/1930555302417449171"", ""https://x.com/SkateFDN/status/1930939249303724494"", ""https://x.com/binance/status/1930864260823081216"", ""https://x.com/skate_chain/status/1925970127754776864"", ""https://x.com/skate_chain/status/1932058963459338705""]",unverified_secondary_directory,False
Smoothy Finance,smoothy-finance,2021-04-27,inside_window_date_type_unverified,Alive,"[""Not Known""]","[""~3,290 (1,640 on ETH + 1,650 on BSC)""]","[""Timeline""]",,https://airdroparchive.com/projects/smoothy-finance/,archive-evidence\smoothy-finance.json,5052ee83aafd66187a4cd6f842e0b3717cc0f6aeac67178dc4b05c04191b44c1,"[""https://discord.gg/8zFZXtx"", ""https://docs.smoothy.finance/"", ""https://smoothy-finance.medium.com/announcement-on-smty-distribution-timeline-initial-mining-rewards-and-roadmap-2550a37bbb67"", ""https://smoothy-finance.medium.com/smoothy-v2-is-coming-initial-mining-and-airdrop-about-to-start-e1ac17015566"", ""https://smoothy.finance"", ""https://smoothy.finance/PeckShield-Audit-SmoothyV1-v1.0rc.pdf"", ""https://t.me/Smoothy_finance""]",unverified_secondary_directory,False
Soarchain,soarchain,2024-01-06,inside_window_date_type_unverified,Alive,"[""51,300,000 SOAR tokens (2.7% of total supply)""]","[""Not Known""]","[""Not Known""]",,https://airdroparchive.com/projects/soarchain/,archive-evidence\soarchain.json,1f4019eb94ad19853e1e6ff48655d4926232d30bff7c01e135a01b1cc47aa94e,"[""https://soarchain.com"", ""https://web.archive.org/web/20240428151127/https://www.blog.soarchain.com/post/soarchain-genesis-drop-details""]",unverified_secondary_directory,False
Solana Name Service,solana-name-service,2025-05-13,inside_window_date_type_unverified,Alive,"[""630 million $SNS (claimed)""]","[""Not specified""]","[""27,000+ wallets""]",,https://airdroparchive.com/projects/solana-name-service/,archive-evidence\solana-name-service.json,4bcbdf06c1a952635d443095e6cd0135f05c114e227d7baf0d3a83e6f5ac1531,"[""https://airdrop.sns.id/"", ""https://docs.sns.id/"", ""https://docs.sns.id/collection/tokenomics/sns-token#usdsns-genesis-airdrop"", ""https://www.sns.id/"", ""https://www.sns.id/blog/sns-tge-lfg-campaign"", ""https://x.com/sns""]",unverified_secondary_directory,False
Solana ID,solanaidentity,2025-01-30,inside_window_date_type_unverified,Alive,"[""Not Known""]","[""Not Known""]","[""Not Known""]",,https://airdroparchive.com/projects/solanaidentity/,archive-evidence\solanaidentity.json,db3046f797904856f6149e5cf792454e18f47501b388a2e990a786583ab60aea,"[""http://airdrop.solana.id"", ""https://x.com/solanaidentity/status/1879532906584158374"", ""https://x.com/solanaidentity/status/1880646635430216137""]",unverified_secondary_directory,False
Solayer,solayer,2025-01-07,inside_window_date_type_unverified,Alive,"[""Not Known""]","[""Not Known""]","[""Not Known""]",,https://airdroparchive.com/projects/solayer/,archive-evidence\solayer.json,00e83b5e19106c139907c30152f5d1584038ce26acdce7f92942e18325d53ae7,"[""https://claim.solayer.foundation"", ""https://solayerfoundation.com"", ""https://x.com/SolayerFdn/status/1887958660166381814"", ""https://x.com/solayer_labs/status/1874881596181897228""]",unverified_secondary_directory,False
Solv Protocol,solv-protocol,2025-01-27,inside_window_date_type_unverified,Alive,"[""7.65% of total SOLV supply""]","[""Not Known""]","[""Not Known""]",,https://airdroparchive.com/projects/solv-protocol/,archive-evidence\solv-protocol.json,e565af54570f6522aca469c826e73ffaab19867f5dcea6e526e923dd353a5b6a,"[""https://solv.finance"", ""https://solv.foundation/claim"", ""https://solvprotocol.medium.com/solv-token-launch-a-step-towards-the-future-of-bitcoin-finance-5fb64a69220b"", ""https://x.com/SolvProtocol/status/1879816281345663474""]",unverified_secondary_directory,False
Sonic Svm,sonic-svm,2025-01-03,inside_window_date_type_unverified,Alive,"[""7% of total $SONIC supply""]","[""Not Known""]","[""Not Known""]",,https://airdroparchive.com/projects/sonic-svm/,archive-evidence\sonic-svm.json,ce9d8a414a86828b1ba83b333bb2507a90384d8cf72db37993404cc100e29ca0,"[""https://airdrop.sonic.game/"", ""https://odyssey.sonic.game/"", ""https://sonic.feather.blog/sonic-initial-claim-a-reward-for-the-community"", ""https://www.sonic.game/"", ""https://x.com/SonicSVM/status/1875069287028912627""]",unverified_secondary_directory,False
Sonic,sonic,2025-06-22,inside_window_date_type_unverified,Alive,"[""80,778,181.95 S (Season 1, 42.4% of 190,500,000 S)""]","[""[Not specified]""]","[""[Not specified]""]",,https://airdroparchive.com/projects/sonic/,archive-evidence\sonic.json,6a2fdba025cce212d795940b6b15b4f0544534887a16ba4c10c671ed1299c135,"[""https://soniclabs.com"", ""https://x.com/SonicAssistant/status/1932855935032074693"", ""https://x.com/SonicAssistant/status/1935378430230470724""]",unverified_secondary_directory,False
SOON,soon,2025-05-23,inside_window_date_type_unverified,Alive,"[""180 SOON per eligible user""]","[""Not specified""]","[""Not specified""]",,https://airdroparchive.com/projects/soon/,archive-evidence\soon.json,cf30dd16f9a610aa43753af8e2fbb5d4954cc6100c22308b5bffc6664e922629,"[""https://airdrop.soo.network"", ""https://medium.com/@soon_SVM/simpfor-fun-v2-launch-with-soon-tokenomics-and-roadmap-bf69dfa15a7e"", ""https://simpfor.fun"", ""https://soo.network/"", ""https://x.com/binance/status/1925824065018741001"", ""https://x.com/soon_svm/status/1924379566531096632""]",unverified_secondary_directory,False
SOPHON,sophon,2025-05-28,inside_window_date_type_unverified,Alive,"[""900,000,000 SOPH (9% of total supply)""]","[""Not specified""]","[""Not specified""]",,https://airdroparchive.com/projects/sophon/,archive-evidence\sophon.json,20993c23a5c09e7f1bfed67e68796851c062dd1a90befd26ec0d00b95da21348,"[""https://blog.sophon.xyz"", ""https://blog.sophon.xyz/soph-token-airdrop/"", ""https://claim.sophon.xyz"", ""https://docs.sophon.xyz"", ""https://sophon.xyz"", ""https://x.com/binance/status/1927678547767796007"", ""https://x.com/sophon/status/1925884343274127757"", ""https://x.com/sophon/status/1927697463655219692""]",unverified_secondary_directory,False
SoSoValue,sosovalue,2025-01-24,inside_window_date_type_unverified,Alive,"[""49 million SOSO tokens""]","[""200,000 users""]","[""Not Known""]",,https://airdroparchive.com/projects/sosovalue/,archive-evidence\sosovalue.json,bf5eb61507bbffbc06e9a933ee7f071e00f589ee277739a724114970fc97e489,"[""https://sosovalue.com"", ""https://x.com/SoSoValueCrypto/status/1882719938043150485""]",unverified_secondary_directory,False
Space and Time,space-and-time,2025-05-08,inside_window_date_type_unverified,Alive,"[""375,000,000 SXT (7.5% of total supply)""]","[""Not specified""]","[""Not specified""]",,https://airdroparchive.com/projects/space-and-time/,archive-evidence\space-and-time.json,96e06d99a04d443d30fb974ebe990d386931687e8b6fc3b1bf8cb34fc5a24f8a,"[""https://blog.chain.link/chainlink-rewards-season-genesis/"", ""https://www.spaceandtime.io/"", ""https://www.spaceandtime.io/blog/gigaclaim-0-eligibility-and-how-to-claim"", ""https://www.spaceandtime.io/blog/introducing-sxt-chain"", ""https://x.com/SpaceandTimeDB/status/1919754683322888636"", ""https://x.com/SpaceandTimeDB/status/1919754707771523235"", ""https://x.com/binance/status/1920418539355193537""]",unverified_secondary_directory,False
Space ID,space-id,2023-03-22,inside_window_date_type_unverified,Alive,"[""47,600,000 ID tokens (~2.38% of total supply)"", ""22,482,583 ID tokens""]","[""~271,000 addresses"", ""~530,000 addresses""]","[""Not Known""]",SPACE ID,https://airdroparchive.com/projects/space-id/,archive-evidence\space-id.json,6643a966f109caaf782cebe73209deff2c24803785e7792d836594eb0a471e5f,"[""https://blog.space.id/space-id-early-adopter-airdrop-voyage-season-2-6865b372d684"", ""https://blog.space.id/the-end-of-space-id-voyage-season-2-airdrop-summary-afae7efe983f"", ""https://docs.space.id/getting-started/programs/space-id-voyage-season-2-calling"", ""https://github.com/Space-ID/airdrop-season1"", ""https://space.id""]",unverified_secondary_directory,False
Spark,spark-fi,2025-06-17,inside_window_date_type_unverified,Alive,"[""300M Ignition + 130.4M Pre-farming Season 1 + Season 2 pool + 500K Layer3 + Overdrive (unclaimed Ignition)""]","[""[Not specified]""]","[""[Not specified]""]",Spark,https://airdroparchive.com/projects/spark-fi/,archive-evidence\spark-fi.json,f0a36498dbcbdb66c1d56ad7d240d3176b107094fff721ad08cf8dc850d95c46,"[""https://app.spark.fi/SPK/airdrop"", ""https://docs.spark.fi/airdrop/"", ""https://docs.spark.fi/airdrop/ignition#spk-ignition-airdrop"", ""https://docs.spark.fi/airdrop/layer3"", ""https://docs.spark.fi/airdrop/overdrive"", ""https://docs.spark.fi/airdrop/pre-farm"", ""https://docs.spark.fi/governance/spk-token"", ""https://spark.fi/"", ""https://x.com/sparkdotfi/status/1934596995303535023"", ""https://x.com/sparkdotfi/status/1934885097184088124"", ""https://x.com/sparkdotfi/status/1934885120332489000""]",unverified_secondary_directory,False
SpartaDEX,spartadex,2023-08-03,inside_window_date_type_unverified,Alive,"[""6% of the total SPARTA supply (Exact total supply not specified)""]","[""Not Known""]","[""Not Known""]",,https://airdroparchive.com/projects/spartadex/,archive-evidence\spartadex.json,39526ab2b0bb748bed1cdec485c8db82f034c6f8c1242e7c74fc8c98f200bd20,"[""https://cdn.spartadex.io/lockdrop_faq.pdf"", ""https://spartadex.io/"", ""https://spartadex.medium.com/spartadex-lockdrop-step-by-step-guide-9f29c2e2577"", ""https://spartadex.medium.com/the-final-challenge-the-spartadex-lockdrop-7aa655eb9165""]",unverified_secondary_directory,False
Spectral Labs,spectral-labs,2024-05-06,inside_window_date_type_unverified,Alive,"[""8% of total supply (8,000,000 SPEC)""]","[""52,992 addresses""]","[""Not Known""]",,https://airdroparchive.com/projects/spectral-labs/,archive-evidence\spectral-labs.json,39ae1ec7f509b1b107cff03be1df10c4ebddc59e29382f16ab5800b1d7245aa5,"[""https://basescan.org/address/0x96419929d7949d6a801a6909c145c8eef6a40431"", ""https://blog.spectral.finance/spectralairdrop/"", ""https://claims.spectrallabs.xyz"", ""https://etherscan.io/token/0xAdF7C35560035944e805D98fF17d58CDe2449389"", ""https://spectral.finance"", ""https://web.archive.org/web/20240518171433/https://blog.spectral.finance/spectralairdrop/"", ""https://x.com/Spectral_Labs/status/1787432801261990145""]",unverified_secondary_directory,False
Spheron Network,spheron-network,2025-01-24,inside_window_date_type_unverified,Alive,"[""Not Known""]","[""Not Known""]","[""Not Known""]",,https://airdroparchive.com/projects/spheron-network/,archive-evidence\spheron-network.json,e9ab26e3e6a23c930e1d30b262937b9b714445a16e8593b0cb302ea5ff790750,"[""https://blog.spheron.network/spon-the-foundational-token-powering-the-ai-agent-economy"", ""https://checker.spheron.network"", ""https://spheron.network"", ""https://x.com/SpheronFDN/status/1882848514423824486""]",unverified_secondary_directory,False
StakeStone,stakestone,2025-04-03,inside_window_date_type_unverified,Alive,"[""74,000,000 STO (7.4% of total supply, first wave)""]","[""Over 330,000""]","[""Not specified""]",,https://airdroparchive.com/projects/stakestone/,archive-evidence\stakestone.json,05ec7b82d97dbcd6649dbe4e973052986c58d2f7b6ce1001efee2ec8da2e8be6,"[""https://airdrop.stakestone.io"", ""https://medium.com/@Stake_Stone_/96b7fb0976f3"", ""https://medium.com/@Stake_Stone_/stakestone-airdrop-deep-dive-96b7fb0976f3"", ""https://stakestone.io"", ""https://x.com/Stake_Stone/status/1907678727129137444""]",unverified_secondary_directory,False
Starknet,starknet,2024-02-10,inside_window_date_type_unverified,Alive,"[""More than 700 million STRK (out of 900 million allocated for Provisions program)""]","[""Nearly 1.3 million addresses""]","[""Not Known""]",Starknet,https://airdroparchive.com/projects/starknet/,archive-evidence\starknet.json,5aec1346adb9348c8753ea6b247c4ea7f221c1d7d3d352eacc326b4cbd3fa18f,"[""https://medium.com/@StarknetFoundation/introducing-the-starknet-provisions-program-05d03ce13970"", ""https://provisions.starknet.io"", ""https://starknet.io""]",unverified_secondary_directory,False
StarryNift,starrynift,2024-09-26,inside_window_date_type_unverified,Alive,"[""100,000,000 SNIFT (10% of total supply)""]","[""Not Known""]","[""Not Known""]",,https://airdroparchive.com/projects/starrynift/,archive-evidence\starrynift.json,290bd5ea6b4a79b9a46a5b3326c66c04e3ae04008e8cf2ef57b22d7678f2c162,"[""https://starrynift.com"", ""https://starrynift.medium.com/treasure-trove-snift-token-airdrop-rules-0d78e49a924e"", ""https://x.com/StarryNift/status/1836991330884727173""]",unverified_secondary_directory,False
Stellar,stellar,2017-01-26,outside_window_catalog_date_only,Alive,"[""16 Billion XLM (Bitcoin holders) + 2 Billion XLM (Keybase users) + 500 Million XLM (Blockchain wallet users)""]","[""Not Known""]","[""Not Known""]",Stellar,https://airdroparchive.com/projects/stellar/,archive-evidence\stellar.json,18ce25e391c43a45101f5250c0e423659942f901309e49822e86bf336a44419c,"[""https://stellar.org"", ""https://stellar.org/blog/foundation-news/bitcoin-claim-lumens-2"", ""https://stellar.org/blog/foundation-news/bringing-lumens-to-millions"", ""https://stellar.org/blog/foundation-news/keybase-stellar-lumens-spacedrop""]",unverified_secondary_directory,False
Story Protocol,story-protocol,2025-02-13,inside_window_date_type_unverified,Alive,"[""Not Known""]","[""Not Known""]","[""Not Known""]",,https://airdroparchive.com/projects/story-protocol/,archive-evidence\story-protocol.json,7069fe9adb49bd79f5f973a116a036dabe15b46b06991026a52f8bbda5f72116,"[""https://www.story.foundation"", ""https://www.story.foundation/blog/introducing-ip"", ""https://x.com/StoryProtocol/status/1889952908697018688""]",unverified_secondary_directory,False
Streamflow,streamflow,2024-12-07,inside_window_date_type_unverified,Alive,"[""Not Known (Total token supply: 1 billion STREAM)""]","[""Approximately 100,000 addresses""]","[""Not Known""]",,https://airdroparchive.com/projects/streamflow/,archive-evidence\streamflow.json,54faa9aea0122ad125b1b9c3cabf02a550d7a41bf35e5d6dbc2b958e961c33d0,"[""https://docs.streamflow.foundation/en/articles/10174556-dynamic-vested-airdrop"", ""https://streamflow.foundation"", ""https://x.com/StreamflowFDN/status/1865039981208846633""]",unverified_secondary_directory,False
Stride,stride,2022-08-15,inside_window_date_type_unverified,Alive,"[""6.3M STRD (6.3% of total supply)""]","[""Not Known""]","[""Not Known""]",Stride,https://airdroparchive.com/projects/stride/,archive-evidence\stride.json,a3a331e1f664399fe5e1fa0d1fed7343cc893297a2e84a721010dfc3e55b2ee8,"[""https://app.stride.zone/"", ""https://www.stride.zone/blog/stride-airdrop-details""]",unverified_secondary_directory,False
Sturdy Finance,sturdy-finance,2022-11-21,inside_window_date_type_unverified,Alive,"[""1,500,000 STRDY (1.5% of total supply)""]","[""Not Known""]","[""Not Known""]",,https://airdroparchive.com/projects/sturdy-finance/,archive-evidence\sturdy-finance.json,6d7efa4782eefdfb40017e489e430927863a0284b5208a97164b354f8da03ae7,"[""https://airdrop.sturdy.finance/"", ""https://sturdy.finance"", ""https://sturdyfinance.medium.com/strdy-tokenomics-13d06233cab1""]",unverified_secondary_directory,False
Sudoswap,sudoswap,2023-01-29,inside_window_date_type_unverified,Alive,"[""60,000,000 SUDO tokens""]","[""Not Known""]","[""Not Known""]",,https://airdroparchive.com/projects/sudoswap/,archive-evidence\sudoswap.json,3a2d0eccf8c4f7c4383a8adb7d0fcbbf975dfc9fc3a451178981f20025a5a7a5,"[""https://sudoswap.xyz"", ""https://x.com/sudoswap/status/1620111347139907584""]",unverified_secondary_directory,False
Suilend,suilend,2024-12-12,inside_window_date_type_unverified,Alive,"[""40% of the $SEND supply (40M SEND)""]","[""Number of Claimants""]","[""Timeline""]",,https://airdroparchive.com/projects/suilend/,archive-evidence\suilend.json,cf3983df813efd27061cc3049d613694f7490070012067f7f7a3378f5ee9f89a,"[""https://blog.suilend.fi/maturing-airdrop-7c8e508846b9"", ""https://docs.suilend.fi/send/tokenomics-and-mdrops"", ""https://suilend.fi""]",unverified_secondary_directory,False
Sui Name Service (SuiNS),suins,2024-11-14,inside_window_date_type_unverified,Alive,"[""50,000,000 NS (10% of total supply, community airdrop)""]","[""183,369 (Airdrop NFT holders)""]","[""Not specified""]",,https://airdroparchive.com/projects/suins/,archive-evidence\suins.json,53f69df8782d3ad2b8e0248a99ae678d3e804f9bb00ed1eed4e092a60b8cb211,"[""http://claim.suins.io"", ""https://suins.io/"", ""https://token.suins.io/"", ""https://x.com/SuiNSdapp/status/1821923674196148480"", ""https://x.com/SuiNSdapp/status/1853861215161766297"", ""https://x.com/SuiNSdapp/status/1854584664633032903"", ""https://x.com/SuiNSdapp/status/1856653355994566854""]",unverified_secondary_directory,False
Superfluid,superfluid,2025-02-19,inside_window_date_type_unverified,Alive,"[""1 billion SUP minted at genesis""]","[""315,000+ wallets (active users)""]","[""Not Known""]",,https://airdroparchive.com/projects/superfluid/,archive-evidence\superfluid.json,ab4da12e826b78540d42de95dea4d8e81d28a1e561ad6b7c527bc76c67b12b3b,"[""https://claim.superfluid.org"", ""https://superfluid.org"", ""https://superfluid.org/post/introducing-sup-the-superfluid-token"", ""https://x.com/Superfluid_HQ/status/1892236026925773206""]",unverified_secondary_directory,False
Supra,supra,2024-11-09,inside_window_date_type_unverified,Alive,"[""Not Known""]","[""Not Known""]","[""Not Known""]",,https://airdroparchive.com/projects/supra/,archive-evidence\supra.json,fc18522cb24d3017df5a458feb326d6939ebedb475a5225323bac2f86e1fa0a1,"[""https://hub.supra.com/supraspartans"", ""https://supra.com"", ""https://supra.com/blastoff/token-claim/en"", ""https://supra.com/news/countdown-to-blast-off-airdrop-updates/""]",unverified_secondary_directory,False
SwanChain,swanchain,2024-12-16,inside_window_date_type_unverified,Alive,"[""20% of total token supply""]","[""Not Known""]","[""Not Known""]",,https://airdroparchive.com/projects/swanchain/,archive-evidence\swanchain.json,636b13b950d14883d09a9d94d2cacaf4df14bd036816c3c8bf17687b02005251,"[""https://mission.swanchain.io/"", ""https://swanchain.medium.com/swan-chain-mission-engage-and-earn-swan-airdrop-8a91d96f9ec7"", ""https://twitter.com/swan_chain"", ""https://www.swanchain.io""]",unverified_secondary_directory,False
Swell Network,swell-network,2024-11-07,inside_window_date_type_unverified,Alive,"[""850,000,000 SWELL (8.5% of total supply) allocated to the Voyage campaign""]","[""Not Known""]","[""Not Known""]",,https://airdroparchive.com/projects/swell-network/,archive-evidence\swell-network.json,c8496dcd3255b96ec371af45c769bac83bc78d4afd2768a978c043f37a9e9dea,"[""https://app.swellnetwork.io/dao/voyage"", ""https://www.swellnetwork.io"", ""https://www.swellnetwork.io/post/swell-token"", ""https://x.com/swellnetworkio/status/1854449625606001044""]",unverified_secondary_directory,False
Symmio,symmio,2025-01-01,inside_window_date_type_unverified,Alive,"[""Not Known""]","[""Not Known""]","[""Not Known""]",,https://airdroparchive.com/projects/symmio/,archive-evidence\symmio.json,7c302021a5d725309c5d2bea75a86fcfaa77a042b6495ef600e0818c5a726d01,"[""https://docs.symmio.foundation/token-related/tokenomics/symmio-points"", ""https://docs.symmio.foundation/token-related/tokenomics/symmio-points/airdrop-distribution"", ""https://docs.symmio.foundation/token-related/tokenomics/symmio-points/season-2"", ""https://symm.io"", ""https://symmio.foundation/points""]",unverified_secondary_directory,False
SynFutures,synfutures,2024-12-06,inside_window_date_type_unverified,Alive,"[""750,000,000 F (7.5% of total supply, Season 1)""]","[""Not specified""]","[""Not specified""]",,https://airdroparchive.com/projects/synfutures/,archive-evidence\synfutures.json,483b544787c1c28d8ec83006405a176a41004dff472b5aefece0d8e55920c1fd,"[""http://synfutures.foundation/airdrop"", ""https://medium.com/synfutures/introducing-synfutures-foundation-and-the-f-token-207bf843f0eb"", ""https://medium.com/synfutures/synfutures-f-airdrop-5a849c464ffb"", ""https://superbridge.app/"", ""https://www.synfutures.com/"", ""https://x.com/SynFuturesDefi/status/1863908060722581640""]",unverified_secondary_directory,False
Taiko,taiko,2024-05-23,inside_window_date_type_unverified,Alive,"[""5% of initial token supply""]","[""Not Known""]","[""Not Known""]",Taiko,https://airdroparchive.com/projects/taiko/,archive-evidence\taiko.json,77dc1de2e93ccd2385f1c53ab161f7eca58b78a6d0fc5908a29562aae0c5ee9c,"[""https://claim.taiko.xyz"", ""https://discord.gg/taikoxyz"", ""https://taiko.mirror.xyz/RjxK3mrDw_ek1w-P768h0Oqghpv8pdfSQ-A51n-izZg"", ""https://taiko.xyz/"", ""https://twitter.com/taikoxyz""]",unverified_secondary_directory,False
Talent Protocol,talent-protocol,2024-10-29,inside_window_date_type_unverified,Alive,"[""10,000,000 $TALENT tokens""]","[""Not Known""]","[""Not Known""]",,https://airdroparchive.com/projects/talent-protocol/,archive-evidence\talent-protocol.json,13317e8dc8db10e3d26dfad283b67a8da198f141de6dae142a7e2fca18fb2121,"[""https://mirror.xyz/talentprotocol.eth/nmvM9HDRHuBox9nZh0RBREc-qA6BL1T6WWEdCrHTynQ"", ""https://talentprotocol.com"", ""https://x.com/TalentProtocol""]",unverified_secondary_directory,False
Tensor,tensor,2024-04-08,inside_window_date_type_unverified,Alive,"[""Not Known""]","[""Not Known""]","[""Not Known""]",,https://airdroparchive.com/projects/tensor/,archive-evidence\tensor.json,b4b6c181b65001a5c1b979fd8d4ace40e405a4dfee4b78ddb5a22872d895e471,"[""https://docs.tensor.trade/welcome/rewards"", ""https://www.tensor.trade"", ""https://x.com/tensor_hq/status/1632803117606764544""]",unverified_secondary_directory,False
Term Finance,term-finance,2025-03-26,inside_window_date_type_unverified,Alive,"[""5,000,000 $TERM (Season One)""]","[""Not specified""]","[""Not specified""]",,https://airdroparchive.com/projects/term-finance/,archive-evidence\term-finance.json,28000df71b8545d2ad8b3ead9c4f944a1a9bb3557b58e63e79d9ae93f4a73bb1,"[""http://app.term.finance/claim-basic"", ""http://app.term.finance/rewards"", ""http://term.finance/rewards"", ""https://app.term.finance/"", ""https://x.com/term_labs/status/1904684778688749572""]",unverified_secondary_directory,False
Tevaera,tevaera,2024-12-27,inside_window_date_type_unverified,Alive,"[""Not Known""]","[""Not Known""]","[""Not Known""]",,https://airdroparchive.com/projects/tevaera/,archive-evidence\tevaera.json,a1f7e667cacb635da2d9d3298d011363a9c2b15236dce07975db8baabd5110db,"[""https://docs.tevaera.com/tokenomics/teva-airdrop"", ""https://docs.tevaera.com/tokenomics/teva-airdrop/airdrop-criteria"", ""https://tevaera.com/"", ""https://x.com/tevaera/status/1861063775920791711""]",unverified_secondary_directory,False
Thales,thales,2021-09-15,inside_window_date_type_unverified,Alive,"[""2,000,000 THALES (2% of total supply)""]","[""~15,000 addresses""]","[""Not Known""]",,https://airdroparchive.com/projects/thales/,archive-evidence\thales.json,0378add822327555711a9eb5fa0d975b1925320eb83686e4e28dd4543e1b8c2e,"[""https://docs.thalesmarket.io/thales-token/thales-tokenomics"", ""https://github.com/thales-markets/contracts/blob/main/contracts/Airdrop/Airdrop.sol"", ""https://thalesmarket.io/"", ""https://thalesmarket.medium.com/thales-tokenomics-introducing-thales-token-3aab321174e7""]",unverified_secondary_directory,False
The Arena,the-arena,2024-10-29,inside_window_date_type_unverified,Alive,"[""2.56 billion $ARENA (initially allocated for distribution)""]","[""Over 100,000 users""]","[""Not Known""]",,https://airdroparchive.com/projects/the-arena/,archive-evidence\the-arena.json,bdd9f6eafed3299b8358e27ef0a138e14b28261b927163d1e2de7889a098d421,"[""https://arena.social/"", ""https://medium.com/@TheArena_App/arena-is-coming-22fa6f6ee010"", ""https://x.com/TheArenaApp/status/1851405478930116918""]",unverified_secondary_directory,False
Thena,thena,2023-01-05,inside_window_date_type_unverified,Alive,"[""26,250,000 tokens ($THE + veTHE)""]","[""Not Known""]","[""Not Known""]",,https://airdroparchive.com/projects/thena/,archive-evidence\thena.json,d1399110f6229ddd76aefc897843dfa5b626da106f445274a3217f25fb390772,"[""https://bscscan.com/token/0xF4C8E32EaDEC4BFe97E0F595AdD0f4450a863a11"", ""https://medium.com/@ThenaFi/the-launch-of-thena-6a489da681c5"", ""https://thena.fi""]",unverified_secondary_directory,False
Thetanuts Fi,thetanuts-fi,2024-05-20,inside_window_date_type_unverified,Alive,"[""2% of total NUTS supply (1.0% for early users, 0.2% for community campaigns)""]","[""Not Known""]","[""Not Known""]",,https://airdroparchive.com/projects/thetanuts-fi/,archive-evidence\thetanuts-fi.json,4131b148b29df141e1fb21251612691424a4eae24b7aef49315de8ceaa3fa1af,"[""https://docs.thetanuts.finance/nuts-token/season-1-airdrop"", ""https://thetanuts.finance"", ""https://x.com/ThetanutsFi/status/1792500037840502791""]",unverified_secondary_directory,False
Thorswap,thorswap,2022-09-08,inside_window_date_type_unverified,Alive,"[""25,000,000 THOR (5% of total supply)""]","[""Not Known""]","[""Not Known""]",,https://airdroparchive.com/projects/thorswap/,archive-evidence\thorswap.json,465fe53801bff8cc50185f3199fcb059473d85914a0d2db38fc7da44b3100048,"[""https://discord.gg/thorswap"", ""https://thorswap.com"", ""https://thorswap.medium.com/thor-airdrop-announcement-e4bbd0c3f758"", ""https://x.com/THORSwap/status/1412823922488360961""]",unverified_secondary_directory,False
Thruster,thruster,2024-10-09,inside_window_date_type_unverified,Alive,"[""35,000,000 THRUST (7% of total supply)""]","["">135,000 users""]","[""Not Known""]",,https://airdroparchive.com/projects/thruster/,archive-evidence\thruster.json,0378036790b7afef4a5eeeb47bc8b053f1835d4662cf7b5ba386fa8a6b7464a7,"[""https://app.thruster.finance/credits"", ""https://blog.thruster.finance/Introducing-THRUST-ffd9f3c7897d4cfdae9c1d8e722f2bb5"", ""https://foundation.thruster.finance"", ""https://thruster.finance"", ""https://x.com/ThrusterFi/status/1843924366540845296""]",unverified_secondary_directory,False
Timeless,timeless,2023-03-01,inside_window_date_type_unverified,Alive,[],[],[],,https://airdroparchive.com/projects/timeless/,archive-evidence\timeless.json,9c184b0a133803496eb75fcd12d4cc1211402bb1559f1b1fd46fa91f24de84a2,"[""https://blog.timelessfi.com/posts/token-launch/"", ""https://bunni.pro/airdrop"", ""https://timelessfi.com"", ""https://x.com/bunni_xyz/status/1618354722385330176""]",unverified_secondary_directory,False
Timeswap,timeswap,2025-01-21,inside_window_date_type_unverified,Alive,"[""10.03% of total supply (1,750,000,000 TIME), equating to 175,525,000 TIME tokens""]","[""Not Known""]","[""Not Known""]",,https://airdroparchive.com/projects/timeswap/,archive-evidence\timeswap.json,e00fa14540545ec6c959fa73baffddbebe8641a1970b333673d2ea8554d0d5dc,"[""https://linity.com/opportunities/timeswap"", ""https://timeswap.io/"", ""https://timeswap.medium.com/time-tokenomics-4e906fefe942""]",unverified_secondary_directory,False
Tokyo Games Token (TGT),tokyo-games-token,2025-05-21,inside_window_date_type_unverified,Alive,"[""500 TGT per eligible user""]","[""Not specified""]","[""Not specified""]",,https://airdroparchive.com/projects/tokyo-games-token/,archive-evidence\tokyo-games-token.json,d10730e5bbd38880cd1e8185503f1f2d9bdaf25078dd3e094f94145c5bcb764d,"[""https://medium.com/@TOKYOBEAST/catizen-tokyo-beast-marketing-partnership-announcement-495568e4245d"", ""https://medium.com/@TOKYOBEAST/how-to-claim-tgt-airdrop-rewards-including-the-tgt-vip-card-and-tokyo-beast-love-drop-f40b98024ff2"", ""https://tokyogamestoken.gitbook.io/tgt-whitepaper"", ""https://tokyogamestoken.io"", ""https://x.com/TOKYOGAMES_FDN/status/1922278432655953969"", ""https://x.com/binance/status/1925130505424408604""]",unverified_secondary_directory,False
Tornado Cash,tornado-cash,2021-10-01,inside_window_date_type_unverified,Alive,"[""500,000 TORN""]","[""7,514""]","[""5,335""]",,https://airdroparchive.com/projects/tornado-cash/,archive-evidence\tornado-cash.json,1684ca53efd75de68084b3114f297a65508ca07157323a1483756aae57705619,"[""https://etherscan.io/block/11400000"", ""https://tornado-cash.medium.com"", ""https://tornado-cash.medium.com/tornado-cash-governance-proposal-a55c5c7d0703"", ""https://tornadocash.eth.link/""]",unverified_secondary_directory,False
Uniswap,uniswap,2020-08-31,inside_window_date_type_unverified,Alive,"[""150,000,000 UNI""]","[""251,534""]","[""220,222""]",Uniswap,https://airdroparchive.com/projects/uniswap/,archive-evidence\uniswap.json,4fa44dbc2b917760ded9955b26348809ce69901342dd23eda3b1084156d74ab5,"[""https://blog.uniswap.org/uni"", ""https://uniswap.org/""]",unverified_secondary_directory,False
Unlock Protocol Season 1,unlock-protocol-s1,2021-08-31,inside_window_date_type_unverified,Alive,"[""4,839 UDT tokens""]","[""Not Known""]","[""4,839""]",,https://airdroparchive.com/projects/unlock-protocol-s1/,archive-evidence\unlock-protocol-s1.json,0eb10ec318eb131ea442312f91a87593dc817467a676dbfc178cd35386e87a5f,"[""https://earni.fi/airdrops/unlock-protocol"", ""https://unlock-protocol.com""]",unverified_secondary_directory,False
Unlock Protocol,unlock-protocol,2025-03-03,inside_window_date_type_unverified,Alive,"[""7,000,000 $UP tokens""]","[""Over 10,000 members""]","[""Not Known""]",,https://airdroparchive.com/projects/unlock-protocol/,archive-evidence\unlock-protocol.json,cd4c48ffe2617452f9141319669246c896ed8727f8ff38971d24ff24816627fb,"[""https://airdrops.unlock-protocol.com"", ""https://app.charmverse.io/unlock-dao/"", ""https://discord.unlock-protocol.com"", ""https://paragraph.xyz/@unlockprotocol/unlock-protocol-airdrop-7m-up-tokens"", ""https://unlock-protocol.com"", ""https://warpcast.com/unlock-protocol"", ""https://x.com/unlockprotocol""]",unverified_secondary_directory,False
Uprock,uprock,2024-05-30,inside_window_date_type_unverified,Alive,"[""Not Known""]","[""Not Known""]","[""Not Known""]",,https://airdroparchive.com/projects/uprock/,archive-evidence\uprock.json,00570ed7d94d94e2cecd1401c0d2cc81234b0b4d179c5e78e1a564341647009d,"[""https://uprock.com"", ""https://uprock.com/blog/fair-distribution-roadmap"", ""https://x.com/JupiterExchange/status/1795136230797213904"", ""https://youtube.com/@uprockcom""]",unverified_secondary_directory,False
Usecorn,usecorn,2025-03-28,inside_window_date_type_unverified,Alive,"[""10% of total supply (210M $CORN)""]","[""Not specified""]","[""Not specified""]",,https://airdroparchive.com/projects/usecorn/,archive-evidence\usecorn.json,8fcc890344d6119709406bd3775294fbcb03fa8cffd0b5fdb3588336d5d2b4c7,"[""https://blog.usecorn.com/corn-tokenomics-e56e73e4580f"", ""https://corn.money/airdrop"", ""https://usecorn.com"", ""https://x.com/use_corn/status/1905261736946712857""]",unverified_secondary_directory,False
Usual,usual,2024-12-18,inside_window_date_type_unverified,Alive,"[""7.5% of the Fully Diluted Valuation (FDV)""]","[""Not Known""]","[""Not Known""]",,https://airdroparchive.com/projects/usual/,archive-evidence\usual.json,c044a7ca3baaf065ed1b0abc3a23de4f283e9b61e3e48e4189a0497cc49da07d,"[""https://app.usual.money"", ""https://docs.usual.money/pre-launch-rules/usual-airdrop"", ""https://usual.money"", ""https://x.com/usualmoney/status/1865039758919159863"", ""https://x.com/usualmoney/status/1869323792486642140""]",unverified_secondary_directory,False
Vana,vana,2024-12-16,inside_window_date_type_unverified,Alive,"[""Not specified (part of 44% community allocation; 400,000 VANA for initial staking rewards)""]","[""Not specified""]","[""Not specified""]",,https://airdroparchive.com/projects/vana/,archive-evidence\vana.json,12773da62918a71e2d3866e4807ad4fa4c260854134fbfa5f4eeeb28e1c704d3,"[""http://datahub.vana.com"", ""https://docs.vana.org/docs/vana-token-overview"", ""https://usevana.typeform.com/to/lnvWJUhM"", ""https://www.vana.org/"", ""https://www.vana.org/posts/introducing-community-rewards"", ""https://x.com/vana/status/1867038751979081923"", ""https://x.com/vana/status/1868590975330947439"", ""https://x.com/vana/status/1868641337052119403""]",unverified_secondary_directory,False
Vela Exchange,vela-exchange,2023-06-30,inside_window_date_type_unverified,Alive,[],[],[],,https://airdroparchive.com/projects/vela-exchange/,archive-evidence\vela-exchange.json,0fe87cec80fbdb7b40184d4d733cc04119158e00a8f8dc56075b4a31b594723a,"[""https://app.vela.exchange"", ""https://app.vela.exchange/staking/vlp"", ""https://vela.exchange"", ""https://vela.exchange/airdrop"", ""https://x.com/_velaexchange/status/1629928563716550663""]",unverified_secondary_directory,False
Velodrome Finance,velodrome-finance,2022-06-21,inside_window_date_type_unverified,Alive,"[""312M VELO (78% of initial supply)""]","[""Not Known""]","[""Not Known""]",,https://airdroparchive.com/projects/velodrome-finance/,archive-evidence\velodrome-finance.json,47b4dff19f71a69b3f69ef71c15df9ff54cdb05ec256fe71cd347958d5841bce,"[""https://docs.velodrome.finance/tokenomics"", ""https://velodrome.finance"", ""https://web.archive.org/web/20230927035615/https://docs.velodrome.finance/tokenomics""]",unverified_secondary_directory,False
Venice AI,venice-ai,2025-01-27,inside_window_date_type_unverified,Alive,"[""50 million VVV (50% of total supply)""]","[""Over 100,000 Venice users + AI community protocol accounts""]","[""Not Known""]",,https://airdroparchive.com/projects/venice-ai/,archive-evidence\venice-ai.json,4a22ecdc107e49e12c9421cb897335dea9301ee43e1b9d8dc7ebe5fc6a541ce3,"[""https://venice.ai"", ""https://venice.ai/claim""]",unverified_secondary_directory,False
Viction,viction,2025-01-05,inside_window_date_type_unverified,Alive,"[""1,250,000 VIC tokens""]","[""178,000+ unique wallet addresses""]","[""Not Known""]",,https://airdroparchive.com/projects/viction/,archive-evidence\viction.json,3ae7da149ad0c1744c0c3f8a2ac622f00e69d16cf165f31357ed18e08bde5718,"[""https://blog.viction.xyz/viction-retrodrop-season-1-by-the-community-for-the-community-2/"", ""https://retrodrop.viction.xyz"", ""https://viction.xyz""]",unverified_secondary_directory,False
Virtuswap,virtuswap,2023-05-22,inside_window_date_type_unverified,Alive,"[""10,000,000 VRSW tokens""]","[""Not Known""]","[""Not Known""]",,https://airdroparchive.com/projects/virtuswap/,archive-evidence\virtuswap.json,f34917e6e5e9c397e4f21096bf8e05750c0a6e521a644c4457cad97b159b2f21,"[""https://airdrop.virtuswap.io"", ""https://medium.com/@virtuswap/virtuswap-initium-airdrop-3d89a8cdd40f"", ""https://virtuswap.io""]",unverified_secondary_directory,False
WalletConnect,walletconnect,2024-11-27,inside_window_date_type_unverified,Alive,"[""50M WCT tokens""]","[""Not Known""]","[""Not Known""]",,https://airdroparchive.com/projects/walletconnect/,archive-evidence\walletconnect.json,798336afb00f5252818927503434fc3bed0419f32654ed5cc54e8d82099249c2,"[""https://airdrop.walletconnect.network"", ""https://docs.walletconnect.network/airdrop-season-1/"", ""https://walletconnect.com"", ""https://x.com/WalletConnect"", ""https://x.com/WalletConnect/status/1859225191580385728""]",unverified_secondary_directory,False
Walrus Protocol,walrus-protocol,2025-03-19,inside_window_date_type_unverified,Alive,"[""500 million WAL tokens (10% of total supply)""]","[""Not Known""]","[""Not Known""]",,https://airdroparchive.com/projects/walrus-protocol/,archive-evidence\walrus-protocol.json,c142f746f8759f3502ff8a1a7019a589f64ee6b2ef0a3f9555f81df51c7e778d,"[""https://claim.walrus.xyz/airdrop/link-social"", ""https://www.walrus.xyz/"", ""https://www.walrus.xyz/blog/wal-mainnet-nft-airdrop"", ""https://x.com/WalrusProtocol/status/1902729820754071740""]",unverified_secondary_directory,False
Wayfinder,wayfinder,2025-04-10,inside_window_date_type_unverified,Alive,"[""490 PROMPT (Binance Alpha) + Social missions (1%) + Wallet missions (1%)""]","[""Not specified""]","[""Not specified""]",,https://airdroparchive.com/projects/wayfinder/,archive-evidence\wayfinder.json,5ce07e66169b73d18754fd8401e5b50c4fe7aae7f234755060a7cb381d5bdf71,"[""http://app.wayfinder.ai"", ""http://cache.wayfinder.ai/claim-prompt"", ""https://cache.wayfinder.ai/claim-prompt"", ""https://www.wayfinder.ai"", ""https://x.com/AIWayfinder/status/1910306083924484521"", ""https://x.com/AIWayfinder/status/1923090665367535712"", ""https://x.com/binance/status/1910317821189640364""]",unverified_secondary_directory,False
Wenwencoin,wenwencoin,2024-01-27,inside_window_date_type_unverified,Alive,"[""700 billion WEN tokens (70% of total supply)""]","[""Over 1 million wallets""]","[""Not Known""]",,https://airdroparchive.com/projects/wenwencoin/,archive-evidence\wenwencoin.json,7252541c5289a775acff6f326c9172a107dc2fc30f4bcd143e10b2b3dfac7e80,"[""https://wenwencoin.com/"", ""https://x.com/wenwencoin/status/1750882795335958775""]",unverified_secondary_directory,False
Wizzwoods,wizzwoods,2025-03-31,inside_window_date_type_unverified,Alive,"[""Not specified (includes $WIZZ tokens and exclusive Morph Card NFTs)""]","[""Not specified""]","[""Not specified""]",,https://airdroparchive.com/projects/wizzwoods/,archive-evidence\wizzwoods.json,3c480976501823ace2b367165def047a41c7af2c904d790a99ed94ca1b3b0941,"[""https://hub.wizzwoods.com/"", ""https://x.com/WizzwoodsGame/status/1905238551698276848""]",unverified_secondary_directory,False
Wombat,wombat,2022-11-01,inside_window_date_type_unverified,Alive,"[""Not Known""]","[""Not Known""]","[""Not Known""]",,https://airdroparchive.com/projects/wombat/,archive-evidence\wombat.json,4c787e827eb22a5361b24589fdba3c37c1bcf758039d2fed77af9159c8c0b05c,"[""https://airdrop.wombat.exchange"", ""https://docs.google.com/spreadsheets/d/e/2PACX-1vRjW7Fv9OHrUobCPtjI8mdsfZ-EPNth_9PVOlSf1oSLkQ3AwZoOdWhCcRC3DQ8A8aWIRzEegWCOSDjp/pubhtml"", ""https://wombat.exchange"", ""https://x.com/WombatExchange/status/1571132125054930949""]",unverified_secondary_directory,False
Worldcoin,worldcoin,2024-11-27,inside_window_date_type_unverified,Alive,"[""Not Known""]","[""Not Known""]","[""Not Known""]",,https://airdroparchive.com/projects/worldcoin/,archive-evidence\worldcoin.json,f1747287bc1bcf217b4ecc80ad4adcd2d35ef7606f16f77d326fea2e330d9e39,"[""https://support.world.org/hc/en-us/articles/16075438470547-When-can-I-start-claiming-WLD"", ""https://support.world.org/hc/en-us/articles/22200067310739-How-much-WLD-can-I-claim"", ""https://support.world.org/hc/en-us/articles/30969185598739-Updates-to-the-Airdrop-Program"", ""https://worldcoin.org""]",unverified_secondary_directory,False
Wormhole,wormhole,2024-04-03,inside_window_date_type_unverified,Alive,"[""678,823,000 W (6.78% of total supply)""]","[""400,000+""]","[""Not Known""]",Wormhole,https://airdroparchive.com/projects/wormhole/,archive-evidence\wormhole.json,733fb5279c61c5adb9a3b173f1d578f67f2ca4b53057b1202a90cfb9d2fc6bc0,"[""https://wormhole.com"", ""https://wormhole.com/blog/from-eligibility-to-sybil-detection-a-deep-dive-into-wormholes-multichain"", ""https://wormhole.com/blog/w-airdrop-explained""]",unverified_secondary_directory,False
x2y2,x2y2,2022-02-15,inside_window_date_type_unverified,Alive,"[""120,000,000 X2Y2 (12% of total supply)""]","[""861,417 wallets""]","[""Not Known""]",,https://airdroparchive.com/projects/x2y2/,archive-evidence\x2y2.json,b782ffd9873822c2c706359d90db2ac1a2a533cca2117bf9e5a08bfa5cd0c26e,"[""https://docs.x2y2.io/tokens/rewards/opensea-airdrop"", ""https://x.com/the_x2y2/status/1493734526610071554"", ""https://x.com/the_x2y2/status/1494563271684329478"", ""https://x2y2.io""]",unverified_secondary_directory,False
XAI,xai,2024-01-09,inside_window_date_type_unverified,Alive,"[""Not Known""]","[""Not Known""]","[""Not Known""]",,https://airdroparchive.com/projects/xai/,archive-evidence\xai.json,a0dcbf1f4925eb507c1090a766e798cb1812e035e2231897f38e69de50a822a1,"[""https://sentry.xai.games/#/claim-token"", ""https://xai-foundation.gitbook.io/xai-network/"", ""https://xai-foundation.gitbook.io/xai-network/xai-vanguard-previous-seasons/xai-token-claim/claim-details""]",unverified_secondary_directory,False
Xterio,xterio,2025-05-19,inside_window_date_type_unverified,Alive,"[""2% of total supply (20,000,000 XTER)""]","[""Not specified""]","[""Not specified""]",,https://airdroparchive.com/projects/xterio/,archive-evidence\xterio.json,57c2cb475c76c55f704c5c67dd3e2fe990737ed44e6d4d3325db92d0dd8cd8e8,"[""https://docs.xter.io/token-economy/token-allocation"", ""https://www.xter.io/"", ""https://x.com/XterioGames/status/1877027068375916856"", ""https://x.com/XterioGames/status/1877688566727459107"", ""https://x.com/XterioGames/status/1890432230280839608"", ""https://x.com/binance/status/1924374642170417472""]",unverified_secondary_directory,False
YieldNest,yieldnest,2025-06-05,inside_window_date_type_unverified,Alive,"[""6.56% of total supply (Genesis Airdrop)""]","[""[Not specified]""]","[""[Not specified]""]",,https://airdroparchive.com/projects/yieldnest/,archive-evidence\yieldnest.json,b651c10a844a92d98d6fe021b890bc655231d6d9bae335f8f849d4900ce28b7c,"[""https://app.yieldnest.finance/claim-ynd"", ""https://app.yieldnest.finance/swap?tokenIn=0xA0b86991c6218b36c1d19D4a2e9Eb0cE3606eB48&tokenOut=0x7159cc276D7d17Ab4b3bEb19959E1F39368a45Ba&ChainId=1"", ""https://docs.yieldnest.finance/governance-and-tokenomics/ynd-and-veynd-tokenomics/ynd-token-distribution"", ""https://gov.yieldnest.finance/t/official-yieldnest-airdrop-everything-you-need-to-know/161"", ""https://medium.com/@yieldnest/yieldnest-ynd-tokenomics-own-govern-earn-7dba54a27960"", ""https://www.yieldnest.finance"", ""https://x.com/YieldNestFi/status/1929917792494727640"", ""https://yieldnest.finance""]",unverified_secondary_directory,False
Zeebu,zeebu,2025-03-26,inside_window_date_type_unverified,Alive,"[""60M ZBU""]","[""39,900 verified users (after Sybil protection)""]","[""8,685 users claimed 69,961.9725 ZBU""]",,https://airdroparchive.com/projects/zeebu/,archive-evidence\zeebu.json,71f2bb298d170daf6ed85b1b430dab9c28693e1527f266d53823f4315a6fae20,"[""https://www.zeebu.com/blog/zbu-season-1-airdrop-official-distribution-timeline-claim-details"", ""https://x.com/zeebuofficial/status/1910347161960694224"", ""https://x.com/zeebuofficial/status/1911124739143418151"", ""https://x.com/zeebuofficial/status/1915444081381302737"", ""https://zeebu.fi""]",unverified_secondary_directory,False
Zerolend,zerolend,2024-05-06,inside_window_date_type_unverified,Alive,"[""18,000,000,000 ZERO tokens (18% of total supply)""]","[""Not Known""]","[""Not Known""]",,https://airdroparchive.com/projects/zerolend/,archive-evidence\zerolend.json,aa5c708072ed870ad6053faca04959a6b905b951cdf42916f2c7384e49bb9a57,"[""https://mirror.xyz/0xb32591b2D8b8129702A4214CE344D2F87A9250F2/H73S6vwsGg0mJZ2O76anO04_ancTScV6RI1eze8pTtM"", ""https://zerolend.xyz/""]",unverified_secondary_directory,False
Zeta Markets,zeta-markets,2024-06-27,inside_window_date_type_unverified,Alive,"[""10 million $ZEX tokens (1% of total supply)""]","[""Not Known""]","[""Not Known""]",,https://airdroparchive.com/projects/zeta-markets/,archive-evidence\zeta-markets.json,3c4772ca08043714eb506ea2569fa0dec1a0322b94ea01434c79d3369cd5238b,"[""https://blog.zeta.markets/blog/introducing-the-z-community-airdrop"", ""https://dex.zeta.markets"", ""https://dex.zeta.markets/competition"", ""https://docs.zeta.markets/rewards-programs/usdzex/usdzex-airdrop/zex-principles"", ""https://docs.zeta.markets/z-score/community-airdrop"", ""https://web.archive.org/web/20240508151445/https://docs.zeta.markets/z-score/community-airdrop""]",unverified_secondary_directory,False
ZetaChain,zetachain,2024-01-25,inside_window_date_type_unverified,Alive,"[""31.5M ZETA tokens""]","[""Over 800,000 users""]","[""Not Known""]",,https://airdroparchive.com/projects/zetachain/,archive-evidence\zetachain.json,34f257235a2fb67d09501e9fc126823fcf4c180b5ea57b0fca197e3461f31360,"[""https://www.zetachain.com"", ""https://www.zetachain.com/blog/the-zetalabs-airdrop-pre-claim"", ""https://www.zetachain.com/zetahub""]",unverified_secondary_directory,False
Zeus,zeus,2024-03-31,inside_window_date_type_unverified,Alive,"[""3% of total ZEUS token supply""]","[""300,000+ users""]","[""Not Known""]",,https://airdroparchive.com/projects/zeus/,archive-evidence\zeus.json,ceca67c5f1595b54aba7f4f40ef28220ff7f4deababdd1554fffae85a9e868cc,"[""https://ilm.jup.ag/design#i=0.3&m=0.85&k=1.2&bps=80&a=5&t=1000"", ""https://lfg.jup.ag/zeus"", ""https://medium.com/@zeus-network/zeus-token-launch-and-airdrop-claiming-on-jupiter-lfg-launchpad-7e5528768f44""]",unverified_secondary_directory,False
ZigZag Exchange,zigzag-exchange,2023-01-17,inside_window_date_type_unverified,Dead,"[""34,000,000 ZZ (34% of total supply)""]","[""~100,000 addresses""]","[""Not Known""]",,https://airdroparchive.com/projects/zigzag-exchange/,archive-evidence\zigzag-exchange.json,ca597a9b9d9075c54977084c045e313bc4a4804af6eea97d7a5b0dedcc3889c2,"[""https://web.archive.org/web/20230304041149/https://docs.zigzag.exchange/zigzag-exchange/airdrops#eligibility-lists"", ""https://zigzag.exchange""]",unverified_secondary_directory,False
Zircuit,zircuit,2024-07-07,inside_window_date_type_unverified,Alive,"[""7% (Season 1) + 3% (Season 2) + 2% (EigenLayer Fairdrop) of total ZRC supply""]","[""262,200 (Season 1)""]","[""Not Known""]",,https://airdroparchive.com/projects/zircuit/,archive-evidence\zircuit.json,a1449d34a1844f359f9289ccc84c5653956c79d112792d73654892d13ed2edeb,"[""https://claim.zircuit.com"", ""https://docs.zircuit.com/tokenomics/zircuit-token-zrc""]",unverified_secondary_directory,False
zkApe,zkape,2023-05-07,inside_window_date_type_unverified,Alive,"[""70% of 100 trillion ZAT tokens""]","[""Not Known""]","[""Not Known""]",,https://airdroparchive.com/projects/zkape/,archive-evidence\zkape.json,1011ab3e975a90f528ca250fad1ba633eb6d6f6ded9a0bda88354c88cac01fc6,"[""https://zkape.medium.com/zkapes-tokenomics-and-dao-airdrop-6d653e6fdcd9""]",unverified_secondary_directory,False
zkFair,zkfair,2024-01-04,inside_window_date_type_unverified,Alive,"[""10 billion ZKF""]","[""Not Known""]","[""Not Known""]",,https://airdroparchive.com/projects/zkfair/,archive-evidence\zkfair.json,bdd8b155f6985de330768097061eddde571b8eda1f447a873c21159927cc22a3,"[""https://docs.zkfair.io/economic-model/zkf-token"", ""https://lumoz.org/leaderboard""]",unverified_secondary_directory,False
ZkLend,zklend,2024-03-14,inside_window_date_type_unverified,Alive,"[""3,890,250 ZEND (approx. 4% of total supply)""]","[""42,695""]","[""Not Known""]",,https://airdroparchive.com/projects/zklend/,archive-evidence\zklend.json,4e5b3a2331a721fdce8ab7a7b133ee7409d23f70bbf09b1473ec8a9241ebe72a,"[""https://app.zklend.com/airdrop"", ""https://medium.com/zklend/the-zend-airdrop-szn-1-has-landed-4925b56e5216"", ""https://zklend.com""]",unverified_secondary_directory,False
zkLink,zklink,2024-07-22,inside_window_date_type_unverified,Alive,"[""5% of the total ZKL supply (50,000,000 ZKL tokens)""]","[""Not Known""]","[""Not Known""]",,https://airdroparchive.com/projects/zklink/,archive-evidence\zklink.json,2e64b8641d7cf47116f9318e64d4484443160cfa5ee0d58702f262023873b354,"[""http://zklink.io/novadrop"", ""https://app.zklink.io/aggregation-parade"", ""https://blog.zk.link/introducing-novadrop-round-one-genesis-b4c0a732cf8a"", ""https://discord.gg/zklink"", ""https://t.me/zkLinkorg"", ""https://twitter.com/zkLink_Official"", ""https://zk.link""]",unverified_secondary_directory,False
zkSync,zksync,2024-06-17,inside_window_date_type_unverified,Alive,"[""3,675,000,000 ZK""]","[""695,232 wallets""]","[""Not Known""]",ZKsync,https://airdroparchive.com/projects/zksync/,archive-evidence\zksync.json,2dd13cac3cc79459fde798fad6e55e49884c8d67810df1a7ed438489081aaa35,"[""https://docs.zknation.io/zk-token/zk-airdrop""]",unverified_secondary_directory,False
ZKX,zkx,2023-10-02,inside_window_date_type_unverified,Alive,"[""4% of total supply (4 million ZKX tokens)""]","[""9,461""]","[""Not Known""]",,https://airdroparchive.com/projects/zkx/,archive-evidence\zkx.json,513414ad634123c0eb9b8fa9157b878554329a198aebf07b38a5f42436900d84,"[""https://bit.ly/3Q9Nv5v"", ""https://web.archive.org/web/20231126223908/https://zkxprotocol.medium.com/zkx-airdrop-phase-1-early-contributors-399bdc1696a3"", ""https://web.archive.org/web/20240203125033/https://zkx.fi/blogs/introducing-og-trade-clans-explore-eligibility-criteria-and-reward-mechanisms"", ""https://zkx.fi""]",unverified_secondary_directory,False
Zora,zora,2025-04-23,inside_window_date_type_unverified,Alive,"[""1,000,000,000 ZORA (10% of total supply)""]","[""2,415,024 unique addresses""]","[""Not specified""]",Zora,https://airdroparchive.com/projects/zora/,archive-evidence\zora.json,f7b8998b2feb7c480aa739058f560f62ff4f61d96bb2ba7f0812e134db9108ab,"[""https://claim.zora.co"", ""https://support.zora.co/en/articles/5653441"", ""https://x.com/binance/status/1914285019268317268"", ""https://x.com/zora/status/1915060861095256356"", ""https://x.com/zora/status/1915060866451697997"", ""https://zora.co"", ""https://zora.co/writings/ZORA-is-live""]",unverified_secondary_directory,False
ZTX,ztx,2023-10-16,inside_window_date_type_unverified,Alive,"[""400,000,000 ZTX tokens (4% of total supply)""]","[""Not Known""]","[""Not Known""]",,https://airdroparchive.com/projects/ztx/,archive-evidence\ztx.json,38403a5dbfc7b83e6c7b2e6140c91fd68b9a574f528cceaf91b4e7110cb4a97f,"[""https://docs.ztx.io"", ""https://medium.com/ztx-official/ztx-token-launch-oct-16th-44324ecb935d"", ""https://ztx.io""]",unverified_secondary_directory,False
