id,title,source_url,source_platform,identity_status,same_name_rows,snapshot_count,launch_status,launch_date,launch_evidence_url,eligibility_status,payout_status,training_eligible,research_status
15,Arc Chain,https://cryptorank.io/ru/drophunting/arc-chain-activity911/,Crypto Fortochka,needs_entity_review,1,0,unknown,,,unverified,unknown,False,catalogue_only
52,Как работать с PayPilot: подробный...,https://incrypted.com/obzor-paypilot/,Incrypted Airdrops TG,needs_entity_review,1,0,unknown,,,unverified,unknown,False,catalogue_only
67,Аирдропы,https://incrypted.com/airdrops/,Incrypted,needs_entity_review,1,0,unknown,,,unverified,unknown,False,catalogue_only
68,Українська,https://incrypted.com/ua/airdrops/,Incrypted,needs_entity_review,1,0,unknown,,,unverified,unknown,False,catalogue_only
69,Polski,https://incrypted.com/pl/airdrops/,Incrypted,needs_entity_review,1,0,unknown,,,unverified,unknown,False,catalogue_only
70,English,https://incrypted.com/en/airdrops/,Incrypted,needs_entity_review,1,0,unknown,,,unverified,unknown,False,catalogue_only
71,Italiano,https://incrypted.com/it/airdrops/,Incrypted,needs_entity_review,1,0,unknown,,,unverified,unknown,False,catalogue_only
72,Türkçe,https://incrypted.com/tr/airdrops/,Incrypted,needs_entity_review,1,0,unknown,,,unverified,unknown,False,catalogue_only
73,Español,https://incrypted.com/es/airdrops/,Incrypted,needs_entity_review,1,0,unknown,,,unverified,unknown,False,catalogue_only
74,हिन्दी,https://incrypted.com/hi/airdrops/,Incrypted,needs_entity_review,1,0,unknown,,,unverified,unknown,False,catalogue_only
75,🏆 Популярные,https://incrypted.com/airdrops/?popular,Incrypted,needs_entity_review,1,0,unknown,,,unverified,unknown,False,catalogue_only
76,⌛ Завершенные,https://incrypted.com/airdrops/ended/,Incrypted,needs_entity_review,1,0,unknown,,,unverified,unknown,False,catalogue_only
77,Тестнеты,https://incrypted.com/airdrops/activity-testnet/,Incrypted,needs_entity_review,1,0,unknown,,,unverified,unknown,False,catalogue_only
78,Контент,https://incrypted.com/airdrops/activity-content/,Incrypted,needs_entity_review,1,0,unknown,,,unverified,unknown,False,catalogue_only
79,Трейдинг,https://incrypted.com/airdrops/activity-trading/,Incrypted,needs_entity_review,1,0,unknown,,,unverified,unknown,False,catalogue_only
80,Баг-Баунти,https://incrypted.com/airdrops/activity-bug-bounty/,Incrypted,needs_entity_review,1,0,unknown,,,unverified,unknown,False,catalogue_only
81,Другое,https://incrypted.com/airdrops/activity-other/,Incrypted,needs_entity_review,1,0,unknown,,,unverified,unknown,False,catalogue_only
82,Стейкинг,https://incrypted.com/airdrops/activity-staking/,Incrypted,needs_entity_review,1,0,unknown,,,unverified,unknown,False,catalogue_only
83,Рефералы,https://incrypted.com/airdrops/activity-referral/,Incrypted,needs_entity_review,1,0,unknown,,,unverified,unknown,False,catalogue_only
84,Коммьюнити,https://incrypted.com/airdrops/activity-community/,Incrypted,needs_entity_review,1,0,unknown,,,unverified,unknown,False,catalogue_only
85,Задания,https://incrypted.com/airdrops/activity-tasks/,Incrypted,needs_entity_review,1,0,unknown,,,unverified,unknown,False,catalogue_only
86,Амбассадоры,https://incrypted.com/airdrops/activity-ambassadors/,Incrypted,needs_entity_review,1,0,unknown,,,unverified,unknown,False,catalogue_only
87,Мейннет,https://incrypted.com/airdrops/activity-mainnet/,Incrypted,needs_entity_review,1,0,unknown,,,unverified,unknown,False,catalogue_only
88,Январь,https://incrypted.com/airdrops/month-january/,Incrypted,needs_entity_review,1,0,unknown,,,unverified,unknown,False,catalogue_only
89,Февраль,https://incrypted.com/airdrops/month-february/,Incrypted,needs_entity_review,1,0,unknown,,,unverified,unknown,False,catalogue_only
90,Апрель,https://incrypted.com/airdrops/month-april/,Incrypted,needs_entity_review,1,0,unknown,,,unverified,unknown,False,catalogue_only
91,Августа,https://incrypted.com/airdrops/month-august/,Incrypted,needs_entity_review,1,0,unknown,,,unverified,unknown,False,catalogue_only
92,Сентябрь,https://incrypted.com/airdrops/month-september/,Incrypted,needs_entity_review,1,0,unknown,,,unverified,unknown,False,catalogue_only
93,Октябрь,https://incrypted.com/airdrops/month-october/,Incrypted,needs_entity_review,1,0,unknown,,,unverified,unknown,False,catalogue_only
94,Ноябрь,https://incrypted.com/airdrops/month-november/,Incrypted,needs_entity_review,1,0,unknown,,,unverified,unknown,False,catalogue_only
95,Декабрь,https://incrypted.com/airdrops/month-december/,Incrypted,needs_entity_review,1,1,unknown,,,unverified,unknown,False,material_available
260,LayerZero,https://cryptorank.io/ru/drophunting/layerzero-activity0,CryptoRank,needs_entity_review,2,0,unknown,,,unverified,unknown,False,catalogue_only
261,Talent Protocol,https://cryptorank.io/ru/drophunting/talent-protocol-activity1,CryptoRank,needs_entity_review,1,0,unknown,,,unverified,unknown,False,catalogue_only
262,Expand,https://cryptorank.io/ru/drophunting/expand-activity3,CryptoRank,needs_entity_review,1,0,unknown,,,unverified,unknown,False,catalogue_only
263,MON Protocol,https://cryptorank.io/ru/drophunting/mon-protocol-activity5,CryptoRank,needs_entity_review,1,0,unknown,,,unverified,unknown,False,catalogue_only
264,OpenGDP (prev. Karak),https://cryptorank.io/ru/drophunting/karak-network-activity6,CryptoRank,needs_entity_review,1,0,unknown,,,unverified,unknown,False,catalogue_only
265,Fuel Network,https://cryptorank.io/ru/drophunting/fuel-labs-activity7,CryptoRank,needs_entity_review,1,0,unknown,,,unverified,unknown,False,catalogue_only
266,Taho,https://cryptorank.io/ru/drophunting/taho-activity10,CryptoRank,needs_entity_review,1,0,unknown,,,unverified,unknown,False,catalogue_only
267,io.net,https://cryptorank.io/ru/drophunting/io-net-activity11,CryptoRank,needs_entity_review,1,0,unknown,,,unverified,unknown,False,catalogue_only
268,Layer3,https://cryptorank.io/ru/drophunting/layer-3-activity12,CryptoRank,needs_entity_review,1,0,unknown,,,unverified,unknown,False,catalogue_only
269,Phi,https://cryptorank.io/ru/drophunting/phi-activity13,CryptoRank,needs_entity_review,1,0,unknown,,,unverified,unknown,False,catalogue_only
270,Backpack,https://cryptorank.io/ru/drophunting/backpack-activity16,CryptoRank,needs_entity_review,1,0,unknown,,,unverified,unknown,False,catalogue_only
271,Berachain,https://cryptorank.io/ru/drophunting/berachain-activity16,CryptoRank,needs_entity_review,1,0,unknown,,,unverified,unknown,False,catalogue_only
272,Revolving Games,https://cryptorank.io/ru/drophunting/revolving-games-activity17,CryptoRank,needs_entity_review,1,0,unknown,,,unverified,unknown,False,catalogue_only
273,Kinza,https://cryptorank.io/ru/drophunting/kinza-activity18,CryptoRank,needs_entity_review,1,0,unknown,,,unverified,unknown,False,catalogue_only
274,KiloEx,https://cryptorank.io/ru/drophunting/kiloex-activity20,CryptoRank,needs_entity_review,1,0,unknown,,,unverified,unknown,False,catalogue_only
275,MyShell,https://cryptorank.io/ru/drophunting/myshell-activity21,CryptoRank,needs_entity_review,1,0,unknown,,,unverified,unknown,False,catalogue_only
276,Scroll,https://cryptorank.io/ru/drophunting/scroll-activity24,CryptoRank,needs_entity_review,1,0,unknown,,,unverified,unknown,False,catalogue_only
277,Elys Network,https://cryptorank.io/ru/drophunting/elys-network-activity25,CryptoRank,needs_entity_review,1,0,unknown,,,unverified,unknown,False,catalogue_only
278,Blackwing,https://cryptorank.io/ru/drophunting/blackwing-activity26,CryptoRank,needs_entity_review,1,0,unknown,,,unverified,unknown,False,catalogue_only
279,Morph,https://cryptorank.io/ru/drophunting/morph-activity28,CryptoRank,needs_entity_review,1,0,unknown,,,unverified,unknown,False,catalogue_only
280,Succinct,https://cryptorank.io/ru/drophunting/succinct-activity29,CryptoRank,needs_entity_review,1,0,unknown,,,unverified,unknown,False,catalogue_only
281,Planet Mojo,https://cryptorank.io/ru/drophunting/planet-mojo-activity30,CryptoRank,needs_entity_review,1,0,unknown,,,unverified,unknown,False,catalogue_only
282,Zora,https://cryptorank.io/ru/drophunting/zoraco-activity31,CryptoRank,needs_entity_review,1,0,unknown,,,unverified,unknown,False,catalogue_only
283,Aark Digital,https://cryptorank.io/ru/drophunting/aark-digital-activity32,CryptoRank,needs_entity_review,1,0,unknown,,,unverified,unknown,False,catalogue_only
284,Umoja Labs,https://cryptorank.io/ru/drophunting/umoja-labs-activity33,CryptoRank,needs_entity_review,1,0,unknown,,,unverified,unknown,False,catalogue_only
285,zkSync,https://cryptorank.io/ru/drophunting/zksync-activity34,CryptoRank,needs_entity_review,2,0,unknown,,,unverified,unknown,False,catalogue_only
286,Avail,https://cryptorank.io/ru/drophunting/avail-activity35,CryptoRank,needs_entity_review,1,0,unknown,,,unverified,unknown,False,catalogue_only
287,ZeroLend,https://cryptorank.io/ru/drophunting/zero-lend-activity37,CryptoRank,needs_entity_review,1,0,unknown,,,unverified,unknown,False,catalogue_only
288,Eclipse,https://cryptorank.io/ru/drophunting/eclipse-fnd-activity39,CryptoRank,needs_entity_review,1,0,unknown,,,unverified,unknown,False,catalogue_only
289,Partisia,https://cryptorank.io/ru/drophunting/patrisia-activity40,CryptoRank,needs_entity_review,1,0,unknown,,,unverified,unknown,False,catalogue_only
290,Sender AI,https://cryptorank.io/ru/drophunting/sender-activity41,CryptoRank,needs_entity_review,1,0,unknown,,,unverified,unknown,False,catalogue_only
291,Nirvana,https://cryptorank.io/ru/drophunting/nirvana-activity43,CryptoRank,needs_entity_review,1,0,unknown,,,unverified,unknown,False,catalogue_only
292,Overlay Protocol,https://cryptorank.io/ru/drophunting/overlay-activity43,CryptoRank,needs_entity_review,1,0,unknown,,,unverified,unknown,False,catalogue_only
293,NIM Network,https://cryptorank.io/ru/drophunting/nim-network-activity44,CryptoRank,needs_entity_review,1,0,unknown,,,unverified,unknown,False,catalogue_only
294,Warden Protocol,https://cryptorank.io/ru/drophunting/warden-protocol-activity45,CryptoRank,needs_entity_review,1,0,unknown,,,unverified,unknown,False,catalogue_only
295,Sputnik,https://cryptorank.io/ru/drophunting/sputnik-activity46,CryptoRank,needs_entity_review,1,0,unknown,,,unverified,unknown,False,catalogue_only
296,Aigisos,https://cryptorank.io/ru/drophunting/aigisos-activity47,CryptoRank,needs_entity_review,1,0,unknown,,,unverified,unknown,False,catalogue_only
297,dogmond,https://cryptorank.io/ru/drophunting/dogmond-activity49,CryptoRank,needs_entity_review,1,0,unknown,,,unverified,unknown,False,catalogue_only
298,Grass,https://cryptorank.io/ru/drophunting/grass-activity51,CryptoRank,needs_entity_review,1,0,unknown,,,unverified,unknown,False,catalogue_only
299,Neuron,https://cryptorank.io/ru/drophunting/ai-arena-activity51,CryptoRank,needs_entity_review,1,0,unknown,,,unverified,unknown,False,catalogue_only
300,Base,https://cryptorank.io/ru/drophunting/base-activity52,CryptoRank,needs_entity_review,1,0,unknown,,,unverified,unknown,False,catalogue_only
301,zkLink,https://cryptorank.io/ru/drophunting/zklink-activity54,CryptoRank,needs_entity_review,1,0,unknown,,,unverified,unknown,False,catalogue_only
302,Mezo,https://cryptorank.io/ru/drophunting/mezo-activity55,CryptoRank,needs_entity_review,1,0,unknown,,,unverified,unknown,False,catalogue_only
303,Kasu,https://cryptorank.io/ru/drophunting/kasu-activity56,CryptoRank,needs_entity_review,1,0,unknown,,,unverified,unknown,False,catalogue_only
304,DFlow,https://cryptorank.io/ru/drophunting/dflow-activity57,CryptoRank,needs_entity_review,1,0,unknown,,,unverified,unknown,False,catalogue_only
305,FLock,https://cryptorank.io/ru/drophunting/flock-activity58,CryptoRank,needs_entity_review,1,0,unknown,,,unverified,unknown,False,catalogue_only
306,MANTRA,https://cryptorank.io/ru/drophunting/mantra-dao-activity59,CryptoRank,needs_entity_review,1,0,unknown,,,unverified,unknown,False,catalogue_only
307,tea,https://cryptorank.io/ru/drophunting/tea-activity60,CryptoRank,needs_entity_review,1,0,unknown,,,unverified,unknown,False,catalogue_only
308,Taiko,https://cryptorank.io/ru/drophunting/taikoxyz-activity61,CryptoRank,needs_entity_review,2,0,unknown,,,unverified,unknown,False,catalogue_only
309,deBridge,https://cryptorank.io/ru/drophunting/debridge-activity62,CryptoRank,needs_entity_review,1,0,unknown,,,unverified,unknown,False,catalogue_only
310,Xterio,https://cryptorank.io/ru/drophunting/xterio-activity63,CryptoRank,needs_entity_review,1,0,unknown,,,unverified,unknown,False,catalogue_only
311,Puffer Finance,https://cryptorank.io/ru/drophunting/puffer-finance-activity64,CryptoRank,needs_entity_review,1,0,unknown,,,unverified,unknown,False,catalogue_only
312,Renzo,https://cryptorank.io/ru/drophunting/renzo-protocol-activity65,CryptoRank,needs_entity_review,1,0,unknown,,,unverified,unknown,False,catalogue_only
313,Sanctum,https://cryptorank.io/ru/drophunting/sanctum-activity66,CryptoRank,needs_entity_review,1,0,unknown,,,unverified,unknown,False,catalogue_only
314,0G Labs,https://cryptorank.io/ru/drophunting/0-g-labs-activity67,CryptoRank,needs_entity_review,1,0,unknown,,,unverified,unknown,False,catalogue_only
315,BounceBit,https://cryptorank.io/ru/drophunting/bouncebit-activity68,CryptoRank,needs_entity_review,1,0,unknown,,,unverified,unknown,False,catalogue_only
316,GEB,https://cryptorank.io/ru/drophunting/bevm-activity69,CryptoRank,needs_entity_review,1,0,unknown,,,unverified,unknown,False,catalogue_only
317,Espresso,https://cryptorank.io/ru/drophunting/espresso-activity70,CryptoRank,needs_entity_review,1,0,unknown,,,unverified,unknown,False,catalogue_only
318,Ellipsis Labs (Phoenix Trade),https://cryptorank.io/ru/drophunting/ellipsis-labs-activity71,CryptoRank,needs_entity_review,2,0,unknown,,,unverified,unknown,False,catalogue_only
319,Polyhedra Network,https://cryptorank.io/ru/drophunting/polyhedra-network-activity73,CryptoRank,needs_entity_review,2,0,unknown,,,unverified,unknown,False,catalogue_only
320,RSIC•GENESIS•RUNE,https://cryptorank.io/ru/drophunting/runecoin-activity73,CryptoRank,needs_entity_review,1,0,unknown,,,unverified,unknown,False,catalogue_only
321,BOB,https://cryptorank.io/ru/drophunting/build-on-bitcoin-activity74,CryptoRank,needs_entity_review,1,0,unknown,,,unverified,unknown,False,catalogue_only
322,Engines of Fury,https://cryptorank.io/ru/drophunting/engines-of-fury-activity75,CryptoRank,needs_entity_review,1,0,unknown,,,unverified,unknown,False,catalogue_only
323,SynFutures,https://cryptorank.io/ru/drophunting/synfutures-activity76,CryptoRank,needs_entity_review,2,0,unknown,,,unverified,unknown,False,catalogue_only
324,Babylon,https://cryptorank.io/ru/drophunting/babylon-chain-activity77,CryptoRank,needs_entity_review,1,0,unknown,,,unverified,unknown,False,catalogue_only
325,Satori,https://cryptorank.io/ru/drophunting/satori-activity78,CryptoRank,needs_entity_review,1,0,unknown,,,unverified,unknown,False,catalogue_only
326,Linea,https://cryptorank.io/ru/drophunting/linea-activity79,CryptoRank,needs_entity_review,1,0,unknown,,,unverified,unknown,False,catalogue_only
327,Project 0 (prev. marginfi),https://cryptorank.io/ru/drophunting/marginfi-activity80,CryptoRank,needs_entity_review,1,0,unknown,,,unverified,unknown,False,catalogue_only
328,Hyperliquid,https://cryptorank.io/ru/drophunting/hyperliquid-activity81,CryptoRank,needs_entity_review,1,0,unknown,,,unverified,unknown,False,catalogue_only
329,Mint Blockchain,https://cryptorank.io/ru/drophunting/mint-blockchain-activity83,CryptoRank,needs_entity_review,2,0,unknown,,,unverified,unknown,False,catalogue_only
330,Kelp DAO,https://cryptorank.io/ru/drophunting/kelp-dao-activity83,CryptoRank,needs_entity_review,1,0,unknown,,,unverified,unknown,False,catalogue_only
331,IYK,https://cryptorank.io/ru/drophunting/iyk-activity85,CryptoRank,needs_entity_review,1,0,unknown,,,unverified,unknown,False,catalogue_only
332,Bsquared Network,https://cryptorank.io/ru/drophunting/b-2-network-activity88,CryptoRank,needs_entity_review,1,0,unknown,,,unverified,unknown,False,catalogue_only
333,XAI,https://cryptorank.io/ru/drophunting/xai-games-activity89,CryptoRank,needs_entity_review,1,0,unknown,,,unverified,unknown,False,catalogue_only
334,XSwap,https://cryptorank.io/ru/drophunting/xswap-link-activity90,CryptoRank,needs_entity_review,1,0,unknown,,,unverified,unknown,False,catalogue_only
335,Moongate,https://cryptorank.io/ru/drophunting/moongate-activity91,CryptoRank,needs_entity_review,1,0,unknown,,,unverified,unknown,False,catalogue_only
336,Quai Network,https://cryptorank.io/ru/drophunting/quai-network-activity93,CryptoRank,needs_entity_review,1,0,unknown,,,unverified,unknown,False,catalogue_only
337,Param Labs,https://cryptorank.io/ru/drophunting/param-labs-activity94,CryptoRank,needs_entity_review,1,0,unknown,,,unverified,unknown,False,catalogue_only
338,Tabi,https://cryptorank.io/ru/drophunting/tabichain-activity95,CryptoRank,needs_entity_review,2,0,unknown,,,unverified,unknown,False,catalogue_only
339,Orderly Network,https://cryptorank.io/ru/drophunting/orderly-network-activity96,CryptoRank,needs_entity_review,1,0,unknown,,,unverified,unknown,False,catalogue_only
340,Atleta Network,https://cryptorank.io/ru/drophunting/atleta-network-activity97,CryptoRank,needs_entity_review,4,0,unknown,,,unverified,unknown,False,catalogue_only
341,Kamino,https://cryptorank.io/ru/drophunting/kamino-activity98,CryptoRank,needs_entity_review,1,0,unknown,,,unverified,unknown,False,catalogue_only
342,Delabs Games,https://cryptorank.io/ru/drophunting/delabs-games-activity99,CryptoRank,needs_entity_review,1,0,unknown,,,unverified,unknown,False,catalogue_only
343,Velocity (prev. Drift Protocol),https://cryptorank.io/ru/drophunting/drift-protocol-activity100,CryptoRank,needs_entity_review,1,0,unknown,,,unverified,unknown,False,catalogue_only
344,SQD,https://cryptorank.io/ru/drophunting/subsquid-activity101,CryptoRank,needs_entity_review,1,0,unknown,,,unverified,unknown,False,catalogue_only
345,Blum,https://cryptorank.io/ru/drophunting/blum-activity102,CryptoRank,needs_entity_review,1,0,unknown,,,unverified,unknown,False,catalogue_only
346,Gasp,https://cryptorank.io/ru/drophunting/gasp-activity103,CryptoRank,needs_entity_review,1,0,unknown,,,unverified,unknown,False,catalogue_only
347,Movement,https://cryptorank.io/ru/drophunting/movement-labs-activity105,CryptoRank,needs_entity_review,1,0,unknown,,,unverified,unknown,False,catalogue_only
348,Elixir Games,https://cryptorank.io/ru/drophunting/elixir-games-activity115,CryptoRank,needs_entity_review,1,0,unknown,,,unverified,unknown,False,catalogue_only
349,PRYSM Network,https://cryptorank.io/ru/drophunting/prysm-network-activity117,CryptoRank,needs_entity_review,1,0,unknown,,,unverified,unknown,False,catalogue_only
350,Supra,https://cryptorank.io/ru/drophunting/supra-oracles-activity118,CryptoRank,needs_entity_review,1,0,unknown,,,unverified,unknown,False,catalogue_only
351,Hyperlane,https://cryptorank.io/ru/drophunting/hyperlane-activity119,CryptoRank,needs_entity_review,1,0,unknown,,,unverified,unknown,False,catalogue_only
352,Astaria,https://cryptorank.io/ru/drophunting/astaria-activity120,CryptoRank,needs_entity_review,1,0,unknown,,,unverified,unknown,False,catalogue_only
353,NATIX Network,https://cryptorank.io/ru/drophunting/natix-network-activity121,CryptoRank,needs_entity_review,1,0,unknown,,,unverified,unknown,False,catalogue_only
354,Rivalz Network,https://cryptorank.io/ru/drophunting/rivalz-network-activity122,CryptoRank,needs_entity_review,1,0,unknown,,,unverified,unknown,False,catalogue_only
355,Intella X,https://cryptorank.io/ru/drophunting/intella-x-activity123,CryptoRank,needs_entity_review,1,0,unknown,,,unverified,unknown,False,catalogue_only
356,EigenCloud,https://cryptorank.io/ru/drophunting/eigenlayer-activity124,CryptoRank,needs_entity_review,1,0,unknown,,,unverified,unknown,False,catalogue_only
357,MilkyWay,https://cryptorank.io/ru/drophunting/milkyway-zone-activity126,CryptoRank,needs_entity_review,1,0,unknown,,,unverified,unknown,False,catalogue_only
358,Kontos,https://cryptorank.io/ru/drophunting/kontos-activity127,CryptoRank,needs_entity_review,1,0,unknown,,,unverified,unknown,False,catalogue_only
359,Blast,https://cryptorank.io/ru/drophunting/blast-l-2-activity128,CryptoRank,needs_entity_review,1,0,unknown,,,unverified,unknown,False,catalogue_only
360,Magic Eden,https://cryptorank.io/ru/drophunting/magic-eden-activity129,CryptoRank,needs_entity_review,1,0,unknown,,,unverified,unknown,False,catalogue_only
361,Aperture Finance,https://cryptorank.io/ru/drophunting/aperture-finance-activity130,CryptoRank,needs_entity_review,1,0,unknown,,,unverified,unknown,False,catalogue_only
362,Mande Network,https://cryptorank.io/ru/drophunting/mande-network-activity131,CryptoRank,needs_entity_review,1,0,unknown,,,unverified,unknown,False,catalogue_only
363,Particle Network,https://cryptorank.io/ru/drophunting/particle-network-activity133,CryptoRank,needs_entity_review,1,0,unknown,,,unverified,unknown,False,catalogue_only
364,Rumble Kong League,https://cryptorank.io/ru/drophunting/rumble-kong-league-activity134,CryptoRank,needs_entity_review,1,0,unknown,,,unverified,unknown,False,catalogue_only
365,Nyan Heroes,https://cryptorank.io/ru/drophunting/nyan-heroes-activity135,CryptoRank,needs_entity_review,1,0,unknown,,,unverified,unknown,False,catalogue_only
366,Elfin Kingdom,https://cryptorank.io/ru/drophunting/elfin-kingdom-activity136,CryptoRank,needs_entity_review,1,0,unknown,,,unverified,unknown,False,catalogue_only
367,Pryzm,https://cryptorank.io/ru/drophunting/pryzm-activity137,CryptoRank,needs_entity_review,1,0,unknown,,,unverified,unknown,False,catalogue_only
368,Prom,https://cryptorank.io/ru/drophunting/prometeus-activity138,CryptoRank,needs_entity_review,1,0,unknown,,,unverified,unknown,False,catalogue_only
369,SYNTHR,https://cryptorank.io/ru/drophunting/synthr-activity139,CryptoRank,needs_entity_review,1,0,unknown,,,unverified,unknown,False,catalogue_only
370,Mayan,https://cryptorank.io/ru/drophunting/mayan-activity140,CryptoRank,needs_entity_review,1,0,unknown,,,unverified,unknown,False,catalogue_only
371,Iskra,https://cryptorank.io/ru/drophunting/iskra-activity141,CryptoRank,needs_entity_review,1,0,unknown,,,unverified,unknown,False,catalogue_only
372,Inco Network,https://cryptorank.io/ru/drophunting/inco-network-activity142,CryptoRank,needs_entity_review,1,0,unknown,,,unverified,unknown,False,catalogue_only
373,Tevaera,https://cryptorank.io/ru/drophunting/tevaera-zk-activity143,CryptoRank,needs_entity_review,1,0,unknown,,,unverified,unknown,False,catalogue_only
374,Mode,https://cryptorank.io/ru/drophunting/mode-l-2-activity144,CryptoRank,needs_entity_review,1,0,unknown,,,unverified,unknown,False,catalogue_only
375,Nimble Network,https://cryptorank.io/ru/drophunting/nimble-network-activity145,CryptoRank,needs_entity_review,1,0,unknown,,,unverified,unknown,False,catalogue_only
376,Initia,https://cryptorank.io/ru/drophunting/initia-activity146,CryptoRank,needs_entity_review,1,0,unknown,,,unverified,unknown,False,catalogue_only
377,Aethir,https://cryptorank.io/ru/drophunting/aethir-activity147,CryptoRank,needs_entity_review,1,0,unknown,,,unverified,unknown,False,catalogue_only
378,LI.FI,https://cryptorank.io/ru/drophunting/li-fi-activity148,CryptoRank,needs_entity_review,1,0,unknown,,,unverified,unknown,False,catalogue_only
379,Azuro,https://cryptorank.io/ru/drophunting/azuro-activity149,CryptoRank,needs_entity_review,1,0,unknown,,,unverified,unknown,False,catalogue_only
380,Zeta Markets,https://cryptorank.io/ru/drophunting/zeta-markets-activity150,CryptoRank,needs_entity_review,1,0,unknown,,,unverified,unknown,False,catalogue_only
381,Saltwater Games,https://cryptorank.io/ru/drophunting/saltwater-games-activity151,CryptoRank,needs_entity_review,1,0,unknown,,,unverified,unknown,False,catalogue_only
382,FireStarter,https://cryptorank.io/ru/drophunting/firestarter-activity152,CryptoRank,needs_entity_review,1,0,unknown,,,unverified,unknown,False,catalogue_only
383,Ekubo Protocol,https://cryptorank.io/ru/drophunting/ekubo-protocol-activity153,CryptoRank,needs_entity_review,1,0,unknown,,,unverified,unknown,False,catalogue_only
384,Ordzaar,https://cryptorank.io/ru/drophunting/ordzaar-activity154,CryptoRank,needs_entity_review,1,0,unknown,,,unverified,unknown,False,catalogue_only
385,Side Protocol,https://cryptorank.io/ru/drophunting/side-rotocol-activity155,CryptoRank,needs_entity_review,1,0,unknown,,,unverified,unknown,False,catalogue_only
386,Neura,https://cryptorank.io/ru/drophunting/neura-activity156,CryptoRank,needs_entity_review,1,0,unknown,,,unverified,unknown,False,catalogue_only
387,Astar,https://cryptorank.io/ru/drophunting/astar-network-activity157,CryptoRank,needs_entity_review,1,0,unknown,,,unverified,unknown,False,catalogue_only
388,Persona,https://cryptorank.io/ru/drophunting/persona-activity158,CryptoRank,needs_entity_review,1,0,unknown,,,unverified,unknown,False,catalogue_only
389,Analog,https://cryptorank.io/ru/drophunting/analog-activity159,CryptoRank,needs_entity_review,1,0,unknown,,,unverified,unknown,False,catalogue_only
390,Kiosk,https://cryptorank.io/ru/drophunting/kiosk-activity160,CryptoRank,needs_entity_review,1,0,unknown,,,unverified,unknown,False,catalogue_only
391,Superform,https://cryptorank.io/ru/drophunting/superform-activity161,CryptoRank,needs_entity_review,1,0,unknown,,,unverified,unknown,False,catalogue_only
392,Nostra,https://cryptorank.io/ru/drophunting/nostra-activity162,CryptoRank,needs_entity_review,1,0,unknown,,,unverified,unknown,False,catalogue_only
393,Eoracle,https://cryptorank.io/ru/drophunting/eoracle-activity164,CryptoRank,needs_entity_review,2,0,unknown,,,unverified,unknown,False,catalogue_only
394,Eoracle,https://cryptorank.io/ru/drophunting/eoracle-activity165,CryptoRank,needs_entity_review,2,0,unknown,,,unverified,unknown,False,catalogue_only
395,Sending Network,https://cryptorank.io/ru/drophunting/sending-labs-activity167,CryptoRank,needs_entity_review,2,0,unknown,,,unverified,unknown,False,catalogue_only
396,Nesa,https://cryptorank.io/ru/drophunting/nesa-activity168,CryptoRank,needs_entity_review,1,0,unknown,,,unverified,unknown,False,catalogue_only
397,Aligned,https://cryptorank.io/ru/drophunting/aligned-layer-activity169,CryptoRank,needs_entity_review,1,0,unknown,,,unverified,unknown,False,catalogue_only
398,Avalon,https://cryptorank.io/ru/drophunting/avalon-activity170,CryptoRank,needs_entity_review,1,0,unknown,,,unverified,unknown,False,catalogue_only
399,StarryNift,https://cryptorank.io/ru/drophunting/starrynift-activity171,CryptoRank,needs_entity_review,1,0,unknown,,,unverified,unknown,False,catalogue_only
400,Allora,https://cryptorank.io/ru/drophunting/allora-activity172,CryptoRank,needs_entity_review,1,0,unknown,,,unverified,unknown,False,catalogue_only
401,Aevo,https://cryptorank.io/ru/drophunting/aevo-activity174,CryptoRank,needs_entity_review,1,0,unknown,,,unverified,unknown,False,catalogue_only
402,Pirate Nation,https://cryptorank.io/ru/drophunting/proof-of-play-activity175,CryptoRank,needs_entity_review,1,0,unknown,,,unverified,unknown,False,catalogue_only
403,Caldera,https://cryptorank.io/ru/drophunting/caldera-activity176,CryptoRank,needs_entity_review,1,0,unknown,,,unverified,unknown,False,catalogue_only
404,Mitosis,https://cryptorank.io/ru/drophunting/mitosis-activity177,CryptoRank,needs_entity_review,1,0,unknown,,,unverified,unknown,False,catalogue_only
405,Catalyst,https://cryptorank.io/ru/drophunting/catalyst-activity178,CryptoRank,needs_entity_review,1,0,unknown,,,unverified,unknown,False,catalogue_only
406,Nexis,https://cryptorank.io/ru/drophunting/nexis-activity179,CryptoRank,needs_entity_review,1,0,unknown,,,unverified,unknown,False,catalogue_only
407,Botanix Labs,https://cryptorank.io/ru/drophunting/botanix-labs-activity180,CryptoRank,needs_entity_review,1,0,unknown,,,unverified,unknown,False,catalogue_only
408,Tari,https://cryptorank.io/ru/drophunting/tarii-activity181,CryptoRank,needs_entity_review,1,0,unknown,,,unverified,unknown,False,catalogue_only
409,Thruster,https://cryptorank.io/ru/drophunting/thruster-activity182,CryptoRank,needs_entity_review,1,0,unknown,,,unverified,unknown,False,catalogue_only
410,Pixelverse,https://cryptorank.io/ru/drophunting/pixelverse-pixfi-activity183,CryptoRank,needs_entity_review,1,0,unknown,,,unverified,unknown,False,catalogue_only
411,CertiK,https://cryptorank.io/ru/drophunting/certik-activity184,CryptoRank,needs_entity_review,1,0,unknown,,,unverified,unknown,False,catalogue_only
412,DIN (Previously Web3Go),https://cryptorank.io/ru/drophunting/web-3-go-activity186,CryptoRank,needs_entity_review,1,0,unknown,,,unverified,unknown,False,catalogue_only
413,Cysic,https://cryptorank.io/ru/drophunting/cysic-activity187,CryptoRank,needs_entity_review,2,0,unknown,,,unverified,unknown,False,catalogue_only
414,Panoptic,https://cryptorank.io/ru/drophunting/panoptic-activity188,CryptoRank,needs_entity_review,1,0,unknown,,,unverified,unknown,False,catalogue_only
415,KIP Protocol,https://cryptorank.io/ru/drophunting/kip-protocol-activity189,CryptoRank,needs_entity_review,1,0,unknown,,,unverified,unknown,False,catalogue_only
416,Polymarket,https://cryptorank.io/ru/drophunting/polymarket-activity190,CryptoRank,needs_entity_review,1,0,unknown,,,unverified,unknown,False,catalogue_only
417,Orbiter Finance,https://cryptorank.io/ru/drophunting/orbiter-finance-activity191,CryptoRank,needs_entity_review,1,0,unknown,,,unverified,unknown,False,catalogue_only
418,Farcaster,https://cryptorank.io/ru/drophunting/farcaster-activity192,CryptoRank,needs_entity_review,1,0,unknown,,,unverified,unknown,False,catalogue_only
419,Cookie DAO,https://cryptorank.io/ru/drophunting/cookiedao-activity193,CryptoRank,needs_entity_review,1,0,unknown,,,unverified,unknown,False,catalogue_only
420,Dune,https://cryptorank.io/ru/drophunting/dune-analytics-activity194,CryptoRank,needs_entity_review,1,0,unknown,,,unverified,unknown,False,catalogue_only
421,Solayer,https://cryptorank.io/ru/drophunting/solayer-activity195,CryptoRank,needs_entity_review,1,0,unknown,,,unverified,unknown,False,catalogue_only
422,Units.Network,https://cryptorank.io/ru/drophunting/units-network-activity196,CryptoRank,needs_entity_review,1,0,unknown,,,unverified,unknown,False,catalogue_only
423,Grindery,https://cryptorank.io/ru/drophunting/grindery-activity197,CryptoRank,needs_entity_review,1,0,unknown,,,unverified,unknown,False,catalogue_only
424,Ithaca Protocol,https://cryptorank.io/ru/drophunting/ithaca-protocol-activity198,CryptoRank,needs_entity_review,1,0,unknown,,,unverified,unknown,False,catalogue_only
425,Nodepay,https://cryptorank.io/ru/drophunting/nodepay-activity199,CryptoRank,needs_entity_review,1,0,unknown,,,unverified,unknown,False,catalogue_only
426,Atleta Network,https://cryptorank.io/ru/drophunting/atleta-network-activity200,CryptoRank,needs_entity_review,4,0,unknown,,,unverified,unknown,False,catalogue_only
427,Nillion,https://cryptorank.io/ru/drophunting/nillion-activity201,CryptoRank,needs_entity_review,1,0,unknown,,,unverified,unknown,False,catalogue_only
428,Hana Network,https://cryptorank.io/ru/drophunting/hana-network-activity203,CryptoRank,needs_entity_review,1,0,unknown,,,unverified,unknown,False,catalogue_only
429,Hamster Kombat,https://cryptorank.io/ru/drophunting/hamster-kombat-activity204,CryptoRank,needs_entity_review,1,0,unknown,,,unverified,unknown,False,catalogue_only
430,Ten (Obscuro),https://cryptorank.io/ru/drophunting/tenprotocol-activity205,CryptoRank,needs_entity_review,1,0,unknown,,,unverified,unknown,False,catalogue_only
431,VOOI,https://cryptorank.io/ru/drophunting/vooi-activity206,CryptoRank,needs_entity_review,1,0,unknown,,,unverified,unknown,False,catalogue_only
432,ChronosWorlds,https://cryptorank.io/ru/drophunting/chronosworlds-activity207,CryptoRank,needs_entity_review,1,0,unknown,,,unverified,unknown,False,catalogue_only
433,Saga,https://cryptorank.io/ru/drophunting/saga-xyz-activity209,CryptoRank,needs_entity_review,1,0,unknown,,,unverified,unknown,False,catalogue_only
434,Nubit,https://cryptorank.io/ru/drophunting/nubit-activity210,CryptoRank,needs_entity_review,2,0,unknown,,,unverified,unknown,False,catalogue_only
435,Fhenix,https://cryptorank.io/ru/drophunting/fhenix-activity211,CryptoRank,needs_entity_review,1,0,unknown,,,unverified,unknown,False,catalogue_only
436,Taiko,https://cryptorank.io/ru/drophunting/taikoxyz-activity212,CryptoRank,needs_entity_review,2,0,unknown,,,unverified,unknown,False,catalogue_only
437,Monad,https://cryptorank.io/ru/drophunting/monad-activity213,CryptoRank,needs_entity_review,1,0,unknown,,,unverified,unknown,False,catalogue_only
438,Rabby Wallet,https://cryptorank.io/ru/drophunting/rabby-wallet-activity215,CryptoRank,needs_entity_review,1,0,unknown,,,unverified,unknown,False,catalogue_only
439,Photon,https://cryptorank.io/ru/drophunting/photon-labs-activity216,CryptoRank,needs_entity_review,1,0,unknown,,,unverified,unknown,False,catalogue_only
440,Glacier Network,https://cryptorank.io/ru/drophunting/glacier-network-activity217,CryptoRank,needs_entity_review,1,0,unknown,,,unverified,unknown,False,catalogue_only
441,Mellow Protocol,https://cryptorank.io/ru/drophunting/mellow-protocol-activity218,CryptoRank,needs_entity_review,1,0,unknown,,,unverified,unknown,False,catalogue_only
442,Symbiotic,https://cryptorank.io/ru/drophunting/symbiotic-activity219,CryptoRank,needs_entity_review,1,0,unknown,,,unverified,unknown,False,catalogue_only
443,Sui,https://cryptorank.io/ru/drophunting/sui-activity220,CryptoRank,needs_entity_review,1,0,unknown,,,unverified,unknown,False,catalogue_only
444,AlienSwap,https://cryptorank.io/ru/drophunting/alienswap-activity222,CryptoRank,needs_entity_review,1,0,unknown,,,unverified,unknown,False,catalogue_only
445,Treasure,https://cryptorank.io/ru/drophunting/magic-activity223,CryptoRank,needs_entity_review,1,0,unknown,,,unverified,unknown,False,catalogue_only
446,Zircuit,https://cryptorank.io/ru/drophunting/zircuit-activity225,CryptoRank,needs_entity_review,1,0,unknown,,,unverified,unknown,False,catalogue_only
447,Veranta,https://cryptorank.io/ru/drophunting/avantis-activity226,CryptoRank,needs_entity_review,1,0,unknown,,,unverified,unknown,False,catalogue_only
448,SynFutures,https://cryptorank.io/ru/drophunting/synfutures-activity228,CryptoRank,needs_entity_review,2,0,unknown,,,unverified,unknown,False,catalogue_only
449,Mint Blockchain,https://cryptorank.io/ru/drophunting/mint-activity229,CryptoRank,needs_entity_review,2,0,unknown,,,unverified,unknown,False,catalogue_only
450,The Beacon,https://cryptorank.io/ru/drophunting/the-beacon-activity230,CryptoRank,needs_entity_review,1,0,unknown,,,unverified,unknown,False,catalogue_only
451,Zeus Network,https://cryptorank.io/ru/drophunting/zeus-network-activity231,CryptoRank,needs_entity_review,1,0,unknown,,,unverified,unknown,False,catalogue_only
452,Citrea,https://cryptorank.io/ru/drophunting/citrea-activity232,CryptoRank,needs_entity_review,1,0,unknown,,,unverified,unknown,False,catalogue_only
453,fantasy.top,https://cryptorank.io/ru/drophunting/fantasy-top-activity233,CryptoRank,needs_entity_review,1,0,unknown,,,unverified,unknown,False,catalogue_only
454,LogX,https://cryptorank.io/ru/drophunting/log-x-activity234,CryptoRank,needs_entity_review,1,0,unknown,,,unverified,unknown,False,catalogue_only
455,Zoth,https://cryptorank.io/ru/drophunting/zoth-activity235,CryptoRank,needs_entity_review,1,0,unknown,,,unverified,unknown,False,catalogue_only
456,Privasea,https://cryptorank.io/ru/drophunting/privasea-activity236,CryptoRank,needs_entity_review,2,0,unknown,,,unverified,unknown,False,catalogue_only
457,Olive,https://cryptorank.io/ru/drophunting/polysynth-activity237,CryptoRank,needs_entity_review,1,0,unknown,,,unverified,unknown,False,catalogue_only
458,GorplesCoin,https://cryptorank.io/ru/drophunting/borpatoken-activity238,CryptoRank,needs_entity_review,1,0,unknown,,,unverified,unknown,False,catalogue_only
459,Aleo,https://cryptorank.io/ru/drophunting/aleo-activity239,CryptoRank,needs_entity_review,2,0,unknown,,,unverified,unknown,False,catalogue_only
460,Elixir,https://cryptorank.io/ru/drophunting/elixir-finance-activity240,CryptoRank,needs_entity_review,1,0,unknown,,,unverified,unknown,False,catalogue_only
461,OneFootball,https://cryptorank.io/ru/drophunting/onefootballcom-activity241,CryptoRank,needs_entity_review,1,0,unknown,,,unverified,unknown,False,catalogue_only
462,Archway,https://cryptorank.io/ru/drophunting/archway-activity242,CryptoRank,needs_entity_review,1,0,unknown,,,unverified,unknown,False,catalogue_only
463,Sonic SVM,https://cryptorank.io/ru/drophunting/mirrorworld-activity243,CryptoRank,needs_entity_review,2,0,unknown,,,unverified,unknown,False,catalogue_only
464,TapSwap,https://cryptorank.io/ru/drophunting/tapswap-activity244,CryptoRank,needs_entity_review,1,0,unknown,,,unverified,unknown,False,catalogue_only
465,Rango Exchange,https://cryptorank.io/ru/drophunting/rango-exchange-activity245,CryptoRank,needs_entity_review,1,0,unknown,,,unverified,unknown,False,catalogue_only
466,Plume Network,https://cryptorank.io/ru/drophunting/plume-network-activity246,CryptoRank,needs_entity_review,2,0,unknown,,,unverified,unknown,False,catalogue_only
467,Shardeum,https://cryptorank.io/ru/drophunting/shardeum-activity247,CryptoRank,needs_entity_review,1,0,unknown,,,unverified,unknown,False,catalogue_only
468,Sophon,https://cryptorank.io/ru/drophunting/sophon-xyz-activity248,CryptoRank,needs_entity_review,2,0,unknown,,,unverified,unknown,False,catalogue_only
469,ORA,https://cryptorank.io/ru/drophunting/hyper-oracle-activity249,CryptoRank,needs_entity_review,1,0,unknown,,,unverified,unknown,False,catalogue_only
470,Union,https://cryptorank.io/ru/drophunting/union-labs-activity250,CryptoRank,needs_entity_review,1,0,unknown,,,unverified,unknown,False,catalogue_only
471,Infrared,https://cryptorank.io/ru/drophunting/infrared-activity251,CryptoRank,needs_entity_review,1,0,unknown,,,unverified,unknown,False,catalogue_only
472,Redacted,https://cryptorank.io/ru/drophunting/redacted-coin-activity253,CryptoRank,needs_entity_review,1,0,unknown,,,unverified,unknown,False,catalogue_only
473,MegaETH,https://cryptorank.io/ru/drophunting/megaeth-activity254,CryptoRank,needs_entity_review,1,0,unknown,,,unverified,unknown,False,catalogue_only
474,Superposition,https://cryptorank.io/ru/drophunting/superposition-activity255,CryptoRank,needs_entity_review,1,0,unknown,,,unverified,unknown,False,catalogue_only
475,GameSwift,https://cryptorank.io/ru/drophunting/gameswift-activity256,CryptoRank,needs_entity_review,1,0,unknown,,,unverified,unknown,False,catalogue_only
476,Towns,https://cryptorank.io/ru/drophunting/towns-activity257,CryptoRank,needs_entity_review,1,0,unknown,,,unverified,unknown,False,catalogue_only
477,Mantle,https://cryptorank.io/ru/drophunting/mantlexyz-activity259,CryptoRank,needs_entity_review,2,0,unknown,,,unverified,unknown,False,catalogue_only
478,Kakarot zkEVM,https://cryptorank.io/ru/drophunting/kakarot-zkevm-activity260,CryptoRank,needs_entity_review,1,0,unknown,,,unverified,unknown,False,catalogue_only
479,LiveArt,https://cryptorank.io/ru/drophunting/live-art-x-activity261,CryptoRank,needs_entity_review,1,0,unknown,,,unverified,unknown,False,catalogue_only
480,U2U Network,https://cryptorank.io/ru/drophunting/unicorn-ultra-activity262,CryptoRank,needs_entity_review,1,0,unknown,,,unverified,unknown,False,catalogue_only
481,Backwoods,https://cryptorank.io/ru/drophunting/backwoods-activity263,CryptoRank,needs_entity_review,1,0,unknown,,,unverified,unknown,False,catalogue_only
482,PancakeSwap,https://cryptorank.io/ru/drophunting/pancakeswap-activity264,CryptoRank,needs_entity_review,1,0,unknown,,,unverified,unknown,False,catalogue_only
483,Ancient8,https://cryptorank.io/ru/drophunting/ancient-8-activity265,CryptoRank,needs_entity_review,1,0,unknown,,,unverified,unknown,False,catalogue_only
484,Brahma,https://cryptorank.io/ru/drophunting/brahma-activity266,CryptoRank,needs_entity_review,1,0,unknown,,,unverified,unknown,False,catalogue_only
485,TanX,https://cryptorank.io/ru/drophunting/tanx-activity267,CryptoRank,needs_entity_review,1,0,unknown,,,unverified,unknown,False,catalogue_only
486,Community Gaming,https://cryptorank.io/ru/drophunting/community-gaming-activity268,CryptoRank,needs_entity_review,1,0,unknown,,,unverified,unknown,False,catalogue_only
487,Nifty Island,https://cryptorank.io/ru/drophunting/nifty-island-activity269,CryptoRank,needs_entity_review,1,0,unknown,,,unverified,unknown,False,catalogue_only
488,Sunrise,https://cryptorank.io/ru/drophunting/sunrise-layer-activity270,CryptoRank,needs_entity_review,2,0,unknown,,,unverified,unknown,False,catalogue_only
489,DeBank,https://cryptorank.io/ru/drophunting/debank-activity271,CryptoRank,needs_entity_review,1,0,unknown,,,unverified,unknown,False,catalogue_only
490,DOGS,https://cryptorank.io/ru/drophunting/dogs-activity273,CryptoRank,needs_entity_review,1,0,unknown,,,unverified,unknown,False,catalogue_only
491,Usual,https://cryptorank.io/ru/drophunting/usual-activity274,CryptoRank,needs_entity_review,1,0,unknown,,,unverified,unknown,False,catalogue_only
492,Mind Network,https://cryptorank.io/ru/drophunting/mind-network-activity275,CryptoRank,needs_entity_review,1,0,unknown,,,unverified,unknown,False,catalogue_only
493,Term Finance,https://cryptorank.io/ru/drophunting/term-finance-activity276,CryptoRank,needs_entity_review,1,0,unknown,,,unverified,unknown,False,catalogue_only
494,Solv Protocol,https://cryptorank.io/ru/drophunting/solv-protocol-activity277,CryptoRank,needs_entity_review,1,0,unknown,,,unverified,unknown,False,catalogue_only
495,Sentient,https://cryptorank.io/ru/drophunting/sentient-activity278,CryptoRank,needs_entity_review,1,0,unknown,,,unverified,unknown,False,catalogue_only
496,Xociety,https://cryptorank.io/ru/drophunting/xociety-activity280,CryptoRank,needs_entity_review,1,0,unknown,,,unverified,unknown,False,catalogue_only
497,Celo,https://cryptorank.io/ru/drophunting/celo-activity281,CryptoRank,needs_entity_review,1,0,unknown,,,unverified,unknown,False,catalogue_only
498,Privasea,https://cryptorank.io/ru/drophunting/privasea-activity282,CryptoRank,needs_entity_review,2,0,unknown,,,unverified,unknown,False,catalogue_only
499,Build,https://cryptorank.io/ru/drophunting/build-2-activity284,CryptoRank,needs_entity_review,1,0,unknown,,,unverified,unknown,False,catalogue_only
500,Gram,https://cryptorank.io/ru/drophunting/toncoin-activity285,CryptoRank,needs_entity_review,1,0,unknown,,,unverified,unknown,False,catalogue_only
501,Linera,https://cryptorank.io/ru/drophunting/linera-activity286,CryptoRank,needs_entity_review,1,0,unknown,,,unverified,unknown,False,catalogue_only
502,Kuroro Beasts,https://cryptorank.io/ru/drophunting/kuroro-beasts-activity287,CryptoRank,needs_entity_review,1,0,unknown,,,unverified,unknown,False,catalogue_only
503,Zulu Network,https://cryptorank.io/ru/drophunting/zulu-network-activity288,CryptoRank,needs_entity_review,1,0,unknown,,,unverified,unknown,False,catalogue_only
504,Planetarium,https://cryptorank.io/ru/drophunting/planetariumlabs-activity289,CryptoRank,needs_entity_review,1,0,unknown,,,unverified,unknown,False,catalogue_only
505,Gomble Games,https://cryptorank.io/ru/drophunting/rumby-stars-activity290,CryptoRank,needs_entity_review,2,0,unknown,,,unverified,unknown,False,catalogue_only
506,Squid,https://cryptorank.io/ru/drophunting/squidrouter-activity291,CryptoRank,needs_entity_review,1,0,unknown,,,unverified,unknown,False,catalogue_only
507,Swan Chain,https://cryptorank.io/ru/drophunting/swanchain-activity293,CryptoRank,needs_entity_review,1,0,unknown,,,unverified,unknown,False,catalogue_only
508,Napier,https://cryptorank.io/ru/drophunting/napier-activity294,CryptoRank,needs_entity_review,1,0,unknown,,,unverified,unknown,False,catalogue_only
509,B3 fun,https://cryptorank.io/ru/drophunting/b-3-fun-activity295,CryptoRank,needs_entity_review,1,0,unknown,,,unverified,unknown,False,catalogue_only
510,Atleta Network,https://cryptorank.io/ru/drophunting/atleta-network-activity296,CryptoRank,needs_entity_review,4,0,unknown,,,unverified,unknown,False,catalogue_only
511,Swisstronik,https://cryptorank.io/ru/drophunting/swisstronik-activity297,CryptoRank,needs_entity_review,1,0,unknown,,,unverified,unknown,False,catalogue_only
512,RedStone,https://cryptorank.io/ru/drophunting/redstone-activity298,CryptoRank,needs_entity_review,1,0,unknown,,,unverified,unknown,False,catalogue_only
513,Yuga Labs,https://cryptorank.io/ru/drophunting/yuga-labs-activity299,CryptoRank,needs_entity_review,1,0,unknown,,,unverified,unknown,False,catalogue_only
514,Prerich,https://cryptorank.io/ru/drophunting/prerich-activity300,CryptoRank,needs_entity_review,1,0,unknown,,,unverified,unknown,False,catalogue_only
515,Phantom,https://cryptorank.io/ru/drophunting/phantom-app-activity301,CryptoRank,needs_entity_review,1,0,unknown,,,unverified,unknown,False,catalogue_only
516,Assisterr,https://cryptorank.io/ru/drophunting/assisterr-activity302,CryptoRank,needs_entity_review,1,0,unknown,,,unverified,unknown,False,catalogue_only
517,Zentry,https://cryptorank.io/ru/drophunting/zentry-activity304,CryptoRank,needs_entity_review,1,0,unknown,,,unverified,unknown,False,catalogue_only
518,Blade Games,https://cryptorank.io/ru/drophunting/blade-games-activity305,CryptoRank,needs_entity_review,1,0,unknown,,,unverified,unknown,False,catalogue_only
519,PokeyQuest,https://cryptorank.io/ru/drophunting/pokeyquest-activity306,CryptoRank,needs_entity_review,1,0,unknown,,,unverified,unknown,False,catalogue_only
520,Morpho,https://cryptorank.io/ru/drophunting/morpho-activity308,CryptoRank,needs_entity_review,1,0,unknown,,,unverified,unknown,False,catalogue_only
521,Kintsu,https://cryptorank.io/ru/drophunting/kintsu-activity309,CryptoRank,needs_entity_review,2,0,unknown,,,unverified,unknown,False,catalogue_only
522,Kintsu,https://cryptorank.io/ru/drophunting/kintsu-activity310,CryptoRank,needs_entity_review,2,0,unknown,,,unverified,unknown,False,catalogue_only
523,Novastro Chain,https://cryptorank.io/ru/drophunting/novastro-chain-activity311,CryptoRank,needs_entity_review,1,0,unknown,,,unverified,unknown,False,catalogue_only
524,MYX Finance,https://cryptorank.io/ru/drophunting/myx-finance-activity312,CryptoRank,needs_entity_review,1,0,unknown,,,unverified,unknown,False,catalogue_only
525,MetaCene,https://cryptorank.io/ru/drophunting/metacene-activity313,CryptoRank,needs_entity_review,1,0,unknown,,,unverified,unknown,False,catalogue_only
526,Bitlayer,https://cryptorank.io/ru/drophunting/bitlayer-activity315,CryptoRank,needs_entity_review,1,0,unknown,,,unverified,unknown,False,catalogue_only
527,Capricorn (prev. aPriori),https://cryptorank.io/ru/drophunting/apriori-activity316,CryptoRank,needs_entity_review,1,0,unknown,,,unverified,unknown,False,catalogue_only
528,Playfull (Earn Alliance),https://cryptorank.io/ru/drophunting/earn-alliance-activity317,CryptoRank,needs_entity_review,1,0,unknown,,,unverified,unknown,False,catalogue_only
529,Dew,https://cryptorank.io/ru/drophunting/dew-hq-activity318,CryptoRank,needs_entity_review,1,0,unknown,,,unverified,unknown,False,catalogue_only
530,Cycle Network,https://cryptorank.io/ru/drophunting/cycle-network-activity319,CryptoRank,needs_entity_review,1,0,unknown,,,unverified,unknown,False,catalogue_only
531,GRVT,https://cryptorank.io/ru/drophunting/grvt-activity321,CryptoRank,needs_entity_review,1,0,unknown,,,unverified,unknown,False,catalogue_only
532,DRFT Party,https://cryptorank.io/ru/drophunting/drft-party-activity324,CryptoRank,needs_entity_review,1,0,unknown,,,unverified,unknown,False,catalogue_only
533,Superfluid,https://cryptorank.io/ru/drophunting/superfluid-activity325,CryptoRank,needs_entity_review,1,0,unknown,,,unverified,unknown,False,catalogue_only
534,Bracket Labs,https://cryptorank.io/ru/drophunting/bracket-labs-activity326,CryptoRank,needs_entity_review,1,0,unknown,,,unverified,unknown,False,catalogue_only
535,Shaga,https://cryptorank.io/ru/drophunting/shaga-activity327,CryptoRank,needs_entity_review,1,0,unknown,,,unverified,unknown,False,catalogue_only
536,Andrena (DAWN),https://cryptorank.io/ru/drophunting/andrena-activity328,CryptoRank,needs_entity_review,1,0,unknown,,,unverified,unknown,False,catalogue_only
537,Poply,https://cryptorank.io/ru/drophunting/poply-activity329,CryptoRank,needs_entity_review,1,0,unknown,,,unverified,unknown,False,catalogue_only
538,Folks Finance,https://cryptorank.io/ru/drophunting/folks-finance-activity330,CryptoRank,needs_entity_review,1,0,unknown,,,unverified,unknown,False,catalogue_only
539,Polynomial,https://cryptorank.io/ru/drophunting/polynomial-protocol-activity331,CryptoRank,needs_entity_review,1,0,unknown,,,unverified,unknown,False,catalogue_only
540,Sonic,https://cryptorank.io/ru/drophunting/sonic-activity332,CryptoRank,needs_entity_review,3,0,unknown,,,unverified,unknown,False,catalogue_only
541,Vessel,https://cryptorank.io/ru/drophunting/vessel-activity333,CryptoRank,needs_entity_review,2,0,unknown,,,unverified,unknown,False,catalogue_only
542,Pentagon Games,https://cryptorank.io/ru/drophunting/pentagon-games-activity334,CryptoRank,needs_entity_review,1,0,unknown,,,unverified,unknown,False,catalogue_only
543,Intuition,https://cryptorank.io/ru/drophunting/intuition-activity335,CryptoRank,needs_entity_review,1,0,unknown,,,unverified,unknown,False,catalogue_only
544,KAYEN Protocol,https://cryptorank.io/ru/drophunting/kayen-protocol-activity336,CryptoRank,needs_entity_review,1,0,unknown,,,unverified,unknown,False,catalogue_only
545,Sonic SVM,https://cryptorank.io/ru/drophunting/mirrorworld-activity337,CryptoRank,needs_entity_review,2,0,unknown,,,unverified,unknown,False,catalogue_only
546,Ion Protocol,https://cryptorank.io/ru/drophunting/ion-protocol-activity338,CryptoRank,needs_entity_review,1,0,unknown,,,unverified,unknown,False,catalogue_only
547,Vessel,https://cryptorank.io/ru/drophunting/vessel-activity339,CryptoRank,needs_entity_review,2,0,unknown,,,unverified,unknown,False,catalogue_only
548,Reddio,https://cryptorank.io/ru/drophunting/reddio-activity340,CryptoRank,needs_entity_review,1,0,unknown,,,unverified,unknown,False,catalogue_only
549,Nucleus,https://cryptorank.io/ru/drophunting/nucleusearn-activity341,CryptoRank,needs_entity_review,1,0,unknown,,,unverified,unknown,False,catalogue_only
550,Sahara AI,https://cryptorank.io/ru/drophunting/sahara-activity343,CryptoRank,needs_entity_review,3,0,unknown,,,unverified,unknown,False,catalogue_only
551,Fractal Bitcoin,https://cryptorank.io/ru/drophunting/fractal-bitcoin-activity346,CryptoRank,needs_entity_review,1,0,unknown,,,unverified,unknown,False,catalogue_only
552,Chainbase,https://cryptorank.io/ru/drophunting/chainbase-activity347,CryptoRank,needs_entity_review,1,0,unknown,,,unverified,unknown,False,catalogue_only
553,Abstract,https://cryptorank.io/ru/drophunting/abstract-chain-activity348,CryptoRank,needs_entity_review,1,0,unknown,,,unverified,unknown,False,catalogue_only
554,Curvance,https://cryptorank.io/ru/drophunting/curvance-activity352,CryptoRank,needs_entity_review,1,0,unknown,,,unverified,unknown,False,catalogue_only
555,Dill,https://cryptorank.io/ru/drophunting/dill-activity354,CryptoRank,needs_entity_review,1,0,unknown,,,unverified,unknown,False,catalogue_only
556,B,https://cryptorank.io/ru/drophunting/1-b-tg-activity355,CryptoRank,needs_entity_review,1,0,unknown,,,unverified,unknown,False,catalogue_only
557,Data Network,https://cryptorank.io/ru/drophunting/story-protocol-activity356,CryptoRank,needs_entity_review,3,0,unknown,,,unverified,unknown,False,catalogue_only
558,Sahara AI,https://cryptorank.io/ru/drophunting/sahara-activity357,CryptoRank,needs_entity_review,3,0,unknown,,,unverified,unknown,False,catalogue_only
559,KOI,https://cryptorank.io/ru/drophunting/koiprotocol-activity359,CryptoRank,needs_entity_review,1,0,unknown,,,unverified,unknown,False,catalogue_only
560,Moonveil,https://cryptorank.io/ru/drophunting/moonveil-activity360,CryptoRank,needs_entity_review,1,0,unknown,,,unverified,unknown,False,catalogue_only
561,Soulbound TV,https://cryptorank.io/ru/drophunting/soulbound-activity361,CryptoRank,needs_entity_review,1,0,unknown,,,unverified,unknown,False,catalogue_only
562,corn,https://cryptorank.io/ru/drophunting/use-corn-activity362,CryptoRank,needs_entity_review,1,0,unknown,,,unverified,unknown,False,catalogue_only
563,Fogrotten Runes Wizards Cult,https://cryptorank.io/ru/drophunting/forgotten-runes-activity363,CryptoRank,needs_entity_review,1,0,unknown,,,unverified,unknown,False,catalogue_only
564,Ark Labs,https://cryptorank.io/ru/drophunting/ark-labs-activity365,CryptoRank,needs_entity_review,1,0,unknown,,,unverified,unknown,False,catalogue_only
565,Gata,https://cryptorank.io/ru/drophunting/aggregata-activity366,CryptoRank,needs_entity_review,1,0,unknown,,,unverified,unknown,False,catalogue_only
566,Data Network,https://cryptorank.io/ru/drophunting/story-protocol-activity367,CryptoRank,needs_entity_review,3,0,unknown,,,unverified,unknown,False,catalogue_only
567,Omni Network,https://cryptorank.io/ru/drophunting/omni-network-activity369,CryptoRank,needs_entity_review,1,0,unknown,,,unverified,unknown,False,catalogue_only
568,PixelRealm,https://cryptorank.io/ru/drophunting/nftb-activity370,CryptoRank,needs_entity_review,1,0,unknown,,,unverified,unknown,False,catalogue_only
569,Soneium,https://cryptorank.io/ru/drophunting/soneium-activity371,CryptoRank,needs_entity_review,1,0,unknown,,,unverified,unknown,False,catalogue_only
570,MoreMarkets (prev Nuffle Labs),https://cryptorank.io/ru/drophunting/nuffle-labs-activity372,CryptoRank,needs_entity_review,1,0,unknown,,,unverified,unknown,False,catalogue_only
571,Gomble Games,https://cryptorank.io/ru/drophunting/rumby-stars-activity373,CryptoRank,needs_entity_review,2,0,unknown,,,unverified,unknown,False,catalogue_only
572,Manta Network,https://cryptorank.io/ru/drophunting/manta-network-activity374,CryptoRank,needs_entity_review,1,0,unknown,,,unverified,unknown,False,catalogue_only
573,Lumoz,https://cryptorank.io/ru/drophunting/opside-activity375,CryptoRank,needs_entity_review,2,0,unknown,,,unverified,unknown,False,catalogue_only
574,Adot,https://cryptorank.io/ru/drophunting/adot-activity376,CryptoRank,needs_entity_review,1,0,unknown,,,unverified,unknown,False,catalogue_only
575,Level (Peregrine Exploration),https://cryptorank.io/ru/drophunting/peregrine-exploration-activity377,CryptoRank,needs_entity_review,1,0,unknown,,,unverified,unknown,False,catalogue_only
576,t3rn,https://cryptorank.io/ru/drophunting/t-3-rn-activity379,CryptoRank,needs_entity_review,1,0,unknown,,,unverified,unknown,False,catalogue_only
577,Nubit,https://cryptorank.io/ru/drophunting/nubit-activity380,CryptoRank,needs_entity_review,2,0,unknown,,,unverified,unknown,False,catalogue_only
578,Gameplay Galaxy,https://cryptorank.io/ru/drophunting/gameplay-galaxy-activity381,CryptoRank,needs_entity_review,1,0,unknown,,,unverified,unknown,False,catalogue_only
579,Xyra Labs,https://cryptorank.io/ru/drophunting/kana-labs-activity382,CryptoRank,needs_entity_review,1,0,unknown,,,unverified,unknown,False,catalogue_only
580,Lombard,https://cryptorank.io/ru/drophunting/lombard-activity383,CryptoRank,needs_entity_review,1,0,unknown,,,unverified,unknown,False,catalogue_only
581,LayerZero,https://cryptorank.io/ru/drophunting/layerzero-activity384,CryptoRank,needs_entity_review,2,0,unknown,,,unverified,unknown,False,catalogue_only
582,UniSat,https://cryptorank.io/ru/drophunting/unisat-activity385,CryptoRank,needs_entity_review,1,0,unknown,,,unverified,unknown,False,catalogue_only
583,AlphaOrBeta,https://cryptorank.io/ru/drophunting/alpha-or-beta-activity386,CryptoRank,needs_entity_review,1,0,unknown,,,unverified,unknown,False,catalogue_only
584,Space Mavericks,https://cryptorank.io/ru/drophunting/space-mavericks-activity387,CryptoRank,needs_entity_review,1,0,unknown,,,unverified,unknown,False,catalogue_only
585,Mythical Games,https://cryptorank.io/ru/drophunting/mythical-games-activity388,CryptoRank,needs_entity_review,1,0,unknown,,,unverified,unknown,False,catalogue_only
586,Balance,https://cryptorank.io/ru/drophunting/balance-games-activity391,CryptoRank,needs_entity_review,1,0,unknown,,,unverified,unknown,False,catalogue_only
587,Arcium (Elusiv),https://cryptorank.io/ru/drophunting/elusiv-activity392,CryptoRank,needs_entity_review,1,0,unknown,,,unverified,unknown,False,catalogue_only
588,Sonic,https://cryptorank.io/ru/drophunting/sonic-activity393,CryptoRank,needs_entity_review,3,0,unknown,,,unverified,unknown,False,catalogue_only
589,SOON,https://cryptorank.io/ru/drophunting/solana-optimistic-network-activity394,CryptoRank,needs_entity_review,1,0,unknown,,,unverified,unknown,False,catalogue_only
590,PoPP,https://cryptorank.io/ru/drophunting/popp-activity395,CryptoRank,needs_entity_review,1,0,unknown,,,unverified,unknown,False,catalogue_only
591,Sending Network,https://cryptorank.io/ru/drophunting/sending-labs-activity396,CryptoRank,needs_entity_review,2,0,unknown,,,unverified,unknown,False,catalogue_only
592,Unite,https://cryptorank.io/ru/drophunting/unite-activity398,CryptoRank,needs_entity_review,1,0,unknown,,,unverified,unknown,False,catalogue_only
593,Ambient Finance,https://cryptorank.io/ru/drophunting/ambient-finance-activity399,CryptoRank,needs_entity_review,1,0,unknown,,,unverified,unknown,False,catalogue_only
594,MemeFi,https://cryptorank.io/ru/drophunting/memefi-activity400,CryptoRank,needs_entity_review,1,0,unknown,,,unverified,unknown,False,catalogue_only
595,Avalon Labs,https://cryptorank.io/ru/drophunting/avalon-finance-activity401,CryptoRank,needs_entity_review,1,0,unknown,,,unverified,unknown,False,catalogue_only
596,Castile,https://cryptorank.io/ru/drophunting/castile-activity403,CryptoRank,needs_entity_review,1,0,unknown,,,unverified,unknown,False,catalogue_only
597,Carv,https://cryptorank.io/ru/drophunting/carv-activity404,CryptoRank,needs_entity_review,1,0,unknown,,,unverified,unknown,False,catalogue_only
598,Huma Finance,https://cryptorank.io/ru/drophunting/huma-finance-activity406,CryptoRank,needs_entity_review,1,0,unknown,,,unverified,unknown,False,catalogue_only
599,Deek Network,https://cryptorank.io/ru/drophunting/zeek-network-activity408,CryptoRank,needs_entity_review,1,0,unknown,,,unverified,unknown,False,catalogue_only
600,CCP Games,https://cryptorank.io/ru/drophunting/ccp-games-activity409,CryptoRank,needs_entity_review,1,0,unknown,,,unverified,unknown,False,catalogue_only
601,Gradient Network,https://cryptorank.io/ru/drophunting/gradient-network-activity410,CryptoRank,needs_entity_review,1,0,unknown,,,unverified,unknown,False,catalogue_only
602,Azuki,https://cryptorank.io/ru/drophunting/azuki-nft-activity411,CryptoRank,needs_entity_review,1,0,unknown,,,unverified,unknown,False,catalogue_only
603,ether.fi,https://cryptorank.io/ru/drophunting/ether-fi-activity412,CryptoRank,needs_entity_review,1,0,unknown,,,unverified,unknown,False,catalogue_only
604,DeAgentAI,https://cryptorank.io/ru/drophunting/deagentai-activity413,CryptoRank,needs_entity_review,1,0,unknown,,,unverified,unknown,False,catalogue_only
605,Kima Network,https://cryptorank.io/ru/drophunting/kimafinance-activity414,CryptoRank,needs_entity_review,1,0,unknown,,,unverified,unknown,False,catalogue_only
606,Boundless,https://cryptorank.io/ru/drophunting/boundless-activity415,CryptoRank,needs_entity_review,1,0,unknown,,,unverified,unknown,False,catalogue_only
607,ALLiN BETS,https://cryptorank.io/ru/drophunting/allinbets-activity416,CryptoRank,needs_entity_review,1,0,unknown,,,unverified,unknown,False,catalogue_only
608,GOAT Gaming,https://cryptorank.io/ru/drophunting/goat-gaming-activity418,CryptoRank,needs_entity_review,1,0,unknown,,,unverified,unknown,False,catalogue_only
609,SphereOne,https://cryptorank.io/ru/drophunting/sphereone-activity419,CryptoRank,needs_entity_review,1,0,unknown,,,unverified,unknown,False,catalogue_only
610,Hemi,https://cryptorank.io/ru/drophunting/hemi-network-activity420,CryptoRank,needs_entity_review,1,0,unknown,,,unverified,unknown,False,catalogue_only
611,Neon,https://cryptorank.io/ru/drophunting/neon-labs-activity421,CryptoRank,needs_entity_review,1,0,unknown,,,unverified,unknown,False,catalogue_only
612,Vana,https://cryptorank.io/ru/drophunting/vana-activity422,CryptoRank,needs_entity_review,2,0,unknown,,,unverified,unknown,False,catalogue_only
613,Mycel,https://cryptorank.io/ru/drophunting/mycel-activity423,CryptoRank,needs_entity_review,1,0,unknown,,,unverified,unknown,False,catalogue_only
614,PIN AI,https://cryptorank.io/ru/drophunting/pin-ai-activity425,CryptoRank,needs_entity_review,1,0,unknown,,,unverified,unknown,False,catalogue_only
615,Magicblock,https://cryptorank.io/ru/drophunting/magicblock-activity426,CryptoRank,needs_entity_review,1,0,unknown,,,unverified,unknown,False,catalogue_only
616,Yellow,https://cryptorank.io/ru/drophunting/yellow-activity427,CryptoRank,needs_entity_review,1,0,unknown,,,unverified,unknown,False,catalogue_only
617,Freee.xyz,https://cryptorank.io/ru/drophunting/freee-xyz-activity428,CryptoRank,needs_entity_review,1,0,unknown,,,unverified,unknown,False,catalogue_only
618,Storm Trade,https://cryptorank.io/ru/drophunting/storm-trade-activity430,CryptoRank,needs_entity_review,1,0,unknown,,,unverified,unknown,False,catalogue_only
619,XOOB,https://cryptorank.io/ru/drophunting/xoob-activity431,CryptoRank,needs_entity_review,1,0,unknown,,,unverified,unknown,False,catalogue_only
620,DeepBook,https://cryptorank.io/ru/drophunting/deepbook-activity433,CryptoRank,needs_entity_review,1,0,unknown,,,unverified,unknown,False,catalogue_only
621,Not Pixel,https://cryptorank.io/ru/drophunting/not-pixel-activity434,CryptoRank,needs_entity_review,1,0,unknown,,,unverified,unknown,False,catalogue_only
622,The Sandbox,https://cryptorank.io/ru/drophunting/sandbox-activity435,CryptoRank,needs_entity_review,1,0,unknown,,,unverified,unknown,False,catalogue_only
623,Moku,https://cryptorank.io/ru/drophunting/moku-activity436,CryptoRank,needs_entity_review,1,0,unknown,,,unverified,unknown,False,catalogue_only
624,SoneFi,https://cryptorank.io/ru/drophunting/sonefi-activity437,CryptoRank,needs_entity_review,1,0,unknown,,,unverified,unknown,False,catalogue_only
625,UneMeta,https://cryptorank.io/ru/drophunting/une-meta-activity438,CryptoRank,needs_entity_review,1,0,unknown,,,unverified,unknown,False,catalogue_only
626,Mira,https://cryptorank.io/ru/drophunting/mira-activity440,CryptoRank,needs_entity_review,1,0,unknown,,,unverified,unknown,False,catalogue_only
627,Open Campus,https://cryptorank.io/ru/drophunting/open-campus-activity441,CryptoRank,needs_entity_review,1,0,unknown,,,unverified,unknown,False,catalogue_only
628,Everreach Labs,https://cryptorank.io/ru/drophunting/everreach-labs-activity442,CryptoRank,needs_entity_review,1,0,unknown,,,unverified,unknown,False,catalogue_only
629,Sight AI,https://cryptorank.io/ru/drophunting/sight-ai-activity443,CryptoRank,needs_entity_review,1,0,unknown,,,unverified,unknown,False,catalogue_only
630,Turnkey,https://cryptorank.io/ru/drophunting/turnkey-activity445,CryptoRank,needs_entity_review,1,0,unknown,,,unverified,unknown,False,catalogue_only
631,ERAGON,https://cryptorank.io/ru/drophunting/eragon-activity446,CryptoRank,needs_entity_review,1,0,unknown,,,unverified,unknown,False,catalogue_only
632,Fermah,https://cryptorank.io/ru/drophunting/fermah-activity447,CryptoRank,needs_entity_review,1,0,unknown,,,unverified,unknown,False,catalogue_only
633,Bunni,https://cryptorank.io/ru/drophunting/timeless-activity448,CryptoRank,needs_entity_review,1,0,unknown,,,unverified,unknown,False,catalogue_only
634,Uplink,https://cryptorank.io/ru/drophunting/uplink-xyz-activity449,CryptoRank,needs_entity_review,1,0,unknown,,,unverified,unknown,False,catalogue_only
635,Humanity Protocol,https://cryptorank.io/ru/drophunting/humanity-protocol-activity450,CryptoRank,needs_entity_review,1,0,unknown,,,unverified,unknown,False,catalogue_only
636,Bungee,https://cryptorank.io/ru/drophunting/bungee-activity451,CryptoRank,needs_entity_review,1,0,unknown,,,unverified,unknown,False,catalogue_only
637,RISE,https://cryptorank.io/ru/drophunting/rise-chain-activity452,CryptoRank,needs_entity_review,1,0,unknown,,,unverified,unknown,False,catalogue_only
638,375ai,https://cryptorank.io/ru/drophunting/375-ai-activity453,CryptoRank,needs_entity_review,1,0,unknown,,,unverified,unknown,False,catalogue_only
639,Onchain Heroes,https://cryptorank.io/ru/drophunting/onchain-heroes-activity454,CryptoRank,needs_entity_review,1,0,unknown,,,unverified,unknown,False,catalogue_only
640,Push Protocol,https://cryptorank.io/ru/drophunting/push-protocol-activity455,CryptoRank,needs_entity_review,1,0,unknown,,,unverified,unknown,False,catalogue_only
641,Ready Player Me,https://cryptorank.io/ru/drophunting/ready-player-me-activity456,CryptoRank,needs_entity_review,2,0,unknown,,,unverified,unknown,False,catalogue_only
642,Ready Player Me,https://cryptorank.io/ru/drophunting/ready-player-me-activity457,CryptoRank,needs_entity_review,2,0,unknown,,,unverified,unknown,False,catalogue_only
643,SlingShot,https://cryptorank.io/ru/drophunting/slingshot-activity458,CryptoRank,needs_entity_review,1,0,unknown,,,unverified,unknown,False,catalogue_only
644,TheoriqAI,https://cryptorank.io/ru/drophunting/theoriqai-activity459,CryptoRank,needs_entity_review,1,0,unknown,,,unverified,unknown,False,catalogue_only
645,ZenChain,https://cryptorank.io/ru/drophunting/zen-chain-activity460,CryptoRank,needs_entity_review,1,0,unknown,,,unverified,unknown,False,catalogue_only
646,Optimism,https://cryptorank.io/ru/drophunting/optimism-activity461,CryptoRank,needs_entity_review,1,0,unknown,,,unverified,unknown,False,catalogue_only
647,Nexus,https://cryptorank.io/ru/drophunting/nexus-laboratories-activity462,CryptoRank,needs_entity_review,1,0,unknown,,,unverified,unknown,False,catalogue_only
648,Battle of Three Kingdoms,https://cryptorank.io/ru/drophunting/battle-of-three-kingdoms-activity463,CryptoRank,needs_entity_review,1,0,unknown,,,unverified,unknown,False,catalogue_only
649,Unichain,https://cryptorank.io/ru/drophunting/unichain-activity464,CryptoRank,needs_entity_review,1,0,unknown,,,unverified,unknown,False,catalogue_only
650,Intract,https://cryptorank.io/ru/drophunting/intract-activity465,CryptoRank,needs_entity_review,1,0,unknown,,,unverified,unknown,False,catalogue_only
651,OpenGradient,https://cryptorank.io/ru/drophunting/opengradient-activity466,CryptoRank,needs_entity_review,1,0,unknown,,,unverified,unknown,False,catalogue_only
652,Ithaca,https://cryptorank.io/ru/drophunting/ithaca-activity467,CryptoRank,needs_entity_review,1,0,unknown,,,unverified,unknown,False,catalogue_only
653,Taker Protocol,https://cryptorank.io/ru/drophunting/taker-protocol-activity468,CryptoRank,needs_entity_review,1,0,unknown,,,unverified,unknown,False,catalogue_only
654,DeFund,https://cryptorank.io/ru/drophunting/defund-activity470,CryptoRank,needs_entity_review,1,0,unknown,,,unverified,unknown,False,catalogue_only
655,WalletConnect Network,https://cryptorank.io/ru/drophunting/walletconnect-network-activity472,CryptoRank,needs_entity_review,1,0,unknown,,,unverified,unknown,False,catalogue_only
656,Azra Games,https://cryptorank.io/ru/drophunting/azra-games-activity473,CryptoRank,needs_entity_review,1,0,unknown,,,unverified,unknown,False,catalogue_only
657,Yala Finance,https://cryptorank.io/ru/drophunting/yala-activity474,CryptoRank,needs_entity_review,1,0,unknown,,,unverified,unknown,False,catalogue_only
658,Praxis Society,https://cryptorank.io/ru/drophunting/praxis-society-activity475,CryptoRank,needs_entity_review,1,0,unknown,,,unverified,unknown,False,catalogue_only
659,Flappy Bird,https://cryptorank.io/ru/drophunting/flappy-bird-activity476,CryptoRank,needs_entity_review,1,0,unknown,,,unverified,unknown,False,catalogue_only
660,Treehouse,https://cryptorank.io/ru/drophunting/treehouse-activity477,CryptoRank,needs_entity_review,1,0,unknown,,,unverified,unknown,False,catalogue_only
661,Syrup,https://cryptorank.io/ru/drophunting/syrupfi-activity478,CryptoRank,needs_entity_review,1,0,unknown,,,unverified,unknown,False,catalogue_only
662,InfinityAI,https://cryptorank.io/ru/drophunting/infinityai-activity479,CryptoRank,needs_entity_review,1,0,unknown,,,unverified,unknown,False,catalogue_only
663,zkPass,https://cryptorank.io/ru/drophunting/zkpass-activity480,CryptoRank,needs_entity_review,1,0,unknown,,,unverified,unknown,False,catalogue_only
664,Walrus,https://cryptorank.io/ru/drophunting/walrus-protocol-activity481,CryptoRank,needs_entity_review,2,0,unknown,,,unverified,unknown,False,catalogue_only
665,Aptos,https://cryptorank.io/ru/drophunting/aptos-activity482,CryptoRank,needs_entity_review,2,0,unknown,,,unverified,unknown,False,catalogue_only
666,Autonomys Network,https://cryptorank.io/ru/drophunting/autonomys-network-activity483,CryptoRank,needs_entity_review,1,0,unknown,,,unverified,unknown,False,catalogue_only
667,Impossible Cloud Network,https://cryptorank.io/ru/drophunting/impossible-cloud-network-activity484,CryptoRank,needs_entity_review,1,0,unknown,,,unverified,unknown,False,catalogue_only
668,InfiniGods,https://cryptorank.io/ru/drophunting/infinigods-activity485,CryptoRank,needs_entity_review,1,0,unknown,,,unverified,unknown,False,catalogue_only
669,Jupiter,https://cryptorank.io/ru/drophunting/jupiter-stattion-activity486,CryptoRank,needs_entity_review,1,0,unknown,,,unverified,unknown,False,catalogue_only
670,Hop,https://cryptorank.io/ru/drophunting/hop-aggregator-activity487,CryptoRank,needs_entity_review,1,0,unknown,,,unverified,unknown,False,catalogue_only
671,Data Network,https://cryptorank.io/ru/drophunting/story-protocol-activity488,CryptoRank,needs_entity_review,3,0,unknown,,,unverified,unknown,False,catalogue_only
672,ALIENX,https://cryptorank.io/ru/drophunting/alienx-activity489,CryptoRank,needs_entity_review,1,0,unknown,,,unverified,unknown,False,catalogue_only
673,Kroma,https://cryptorank.io/ru/drophunting/kroma-activity490,CryptoRank,needs_entity_review,1,0,unknown,,,unverified,unknown,False,catalogue_only
674,Arch Network,https://cryptorank.io/ru/drophunting/arch-network-activity491,CryptoRank,needs_entity_review,1,0,unknown,,,unverified,unknown,False,catalogue_only
675,Astrol,https://cryptorank.io/ru/drophunting/astrol-activity492,CryptoRank,needs_entity_review,2,0,unknown,,,unverified,unknown,False,catalogue_only
676,Dusted,https://cryptorank.io/ru/drophunting/dusted-activity493,CryptoRank,needs_entity_review,1,0,unknown,,,unverified,unknown,False,catalogue_only
677,Renta Network,https://cryptorank.io/ru/drophunting/renta-network-activity494,CryptoRank,needs_entity_review,1,0,unknown,,,unverified,unknown,False,catalogue_only
678,Fragmetric,https://cryptorank.io/ru/drophunting/fragmetric-activity495,CryptoRank,needs_entity_review,1,0,unknown,,,unverified,unknown,False,catalogue_only
679,Variational,https://cryptorank.io/ru/drophunting/variational-activity496,CryptoRank,needs_entity_review,2,4,unknown,,,unverified,unknown,False,material_available
680,Boost,https://cryptorank.io/ru/drophunting/boostdotgg-activity497,CryptoRank,needs_entity_review,1,0,unknown,,,unverified,unknown,False,catalogue_only
681,Navigate,https://cryptorank.io/ru/drophunting/navigate-activity498,CryptoRank,needs_entity_review,1,0,unknown,,,unverified,unknown,False,catalogue_only
682,PAWS,https://cryptorank.io/ru/drophunting/paws-activity502,CryptoRank,needs_entity_review,1,0,unknown,,,unverified,unknown,False,catalogue_only
683,Lagrange Labs,https://cryptorank.io/ru/drophunting/lagrange-labs-activity503,CryptoRank,needs_entity_review,1,0,unknown,,,unverified,unknown,False,catalogue_only
684,Drop Protocol,https://cryptorank.io/ru/drophunting/drop-protocol-activity504,CryptoRank,needs_entity_review,1,0,unknown,,,unverified,unknown,False,catalogue_only
685,Mantis,https://cryptorank.io/ru/drophunting/mantis-svm-activity507,CryptoRank,needs_entity_review,1,0,unknown,,,unverified,unknown,False,catalogue_only
686,Space and Time,https://cryptorank.io/ru/drophunting/space-and-time-activity508,CryptoRank,needs_entity_review,1,0,unknown,,,unverified,unknown,False,catalogue_only
687,Alliance Games,https://cryptorank.io/ru/drophunting/alliance-games-activity510,CryptoRank,needs_entity_review,1,0,unknown,,,unverified,unknown,False,catalogue_only
688,Bitfinity Network,https://cryptorank.io/ru/drophunting/bitfinity-network-activity511,CryptoRank,needs_entity_review,1,0,unknown,,,unverified,unknown,False,catalogue_only
689,DistributeAI,https://cryptorank.io/ru/drophunting/oasis-ai-activity512,CryptoRank,needs_entity_review,1,0,unknown,,,unverified,unknown,False,catalogue_only
690,Perceptron Network,https://cryptorank.io/ru/drophunting/block-mesh-network-activity514,CryptoRank,needs_entity_review,1,0,unknown,,,unverified,unknown,False,catalogue_only
691,Mintify,https://cryptorank.io/ru/drophunting/mintify-activity515,CryptoRank,needs_entity_review,1,0,unknown,,,unverified,unknown,False,catalogue_only
692,Bedrock,https://cryptorank.io/ru/drophunting/bedrockdefi-activity519,CryptoRank,needs_entity_review,1,0,unknown,,,unverified,unknown,False,catalogue_only
693,Aztec,https://cryptorank.io/ru/drophunting/aztec-activity520,CryptoRank,needs_entity_review,1,0,unknown,,,unverified,unknown,False,catalogue_only
694,Swell,https://cryptorank.io/ru/drophunting/swell-network-activity521,CryptoRank,needs_entity_review,1,0,unknown,,,unverified,unknown,False,catalogue_only
695,DuckChain,https://cryptorank.io/ru/drophunting/duck-chain-activity522,CryptoRank,needs_entity_review,1,0,unknown,,,unverified,unknown,False,catalogue_only
696,Monitok,https://cryptorank.io/ru/drophunting/monitok-activity523,CryptoRank,needs_entity_review,1,0,unknown,,,unverified,unknown,False,catalogue_only
697,peaq,https://cryptorank.io/ru/drophunting/peaq-activity524,CryptoRank,needs_entity_review,1,0,unknown,,,unverified,unknown,False,catalogue_only
698,Party Icons,https://cryptorank.io/ru/drophunting/party-icons-activity526,CryptoRank,needs_entity_review,1,0,unknown,,,unverified,unknown,False,catalogue_only
699,Starpower,https://cryptorank.io/ru/drophunting/starpower-activity527,CryptoRank,needs_entity_review,1,0,unknown,,,unverified,unknown,False,catalogue_only
700,Blockscout,https://cryptorank.io/ru/drophunting/blockscout-activity528,CryptoRank,needs_entity_review,1,0,unknown,,,unverified,unknown,False,catalogue_only
701,Sapien,https://cryptorank.io/ru/drophunting/sapien-activity530,CryptoRank,needs_entity_review,1,0,unknown,,,unverified,unknown,False,catalogue_only
702,JPool Staked SOL,https://cryptorank.io/ru/drophunting/jsol-activity532,CryptoRank,needs_entity_review,1,0,unknown,,,unverified,unknown,False,catalogue_only
703,Bless,https://cryptorank.io/ru/drophunting/blockless-activity533,CryptoRank,needs_entity_review,1,0,unknown,,,unverified,unknown,False,catalogue_only
704,Aries Markets,https://cryptorank.io/ru/drophunting/aries-markets-activity534,CryptoRank,needs_entity_review,1,0,unknown,,,unverified,unknown,False,catalogue_only
705,Lumoz,https://cryptorank.io/ru/drophunting/opside-activity535,CryptoRank,needs_entity_review,2,0,unknown,,,unverified,unknown,False,catalogue_only
706,Arkham,https://cryptorank.io/ru/drophunting/arkham-activity537,CryptoRank,needs_entity_review,1,0,unknown,,,unverified,unknown,False,catalogue_only
707,Rome Protocol,https://cryptorank.io/ru/drophunting/rome-protocol-activity539,CryptoRank,needs_entity_review,1,0,unknown,,,unverified,unknown,False,catalogue_only
708,Quantum (prev. Cytonic),https://cryptorank.io/ru/drophunting/cytonic-activity540,CryptoRank,needs_entity_review,1,0,unknown,,,unverified,unknown,False,catalogue_only
709,Pipe Network,https://cryptorank.io/ru/drophunting/pipe-network-activity542,CryptoRank,needs_entity_review,1,0,unknown,,,unverified,unknown,False,catalogue_only
710,BIO Protocol,https://cryptorank.io/ru/drophunting/bio-protocol-activity543,CryptoRank,needs_entity_review,1,0,unknown,,,unverified,unknown,False,catalogue_only
711,Camp Network,https://cryptorank.io/ru/drophunting/camp-network-activity544,CryptoRank,needs_entity_review,1,0,unknown,,,unverified,unknown,False,catalogue_only
712,Portal,https://cryptorank.io/ru/drophunting/portal-defi-activity545,CryptoRank,needs_entity_review,1,0,unknown,,,unverified,unknown,False,catalogue_only
713,Akave,https://cryptorank.io/ru/drophunting/akave-chain-activity547,CryptoRank,needs_entity_review,1,0,unknown,,,unverified,unknown,False,catalogue_only
714,Pell Network,https://cryptorank.io/ru/drophunting/pell-network-activity548,CryptoRank,needs_entity_review,1,0,unknown,,,unverified,unknown,False,catalogue_only
715,Uprising,https://cryptorank.io/ru/drophunting/uprising-activity552,CryptoRank,needs_entity_review,1,0,unknown,,,unverified,unknown,False,catalogue_only
716,Giza,https://cryptorank.io/ru/drophunting/giza-activity553,CryptoRank,needs_entity_review,1,0,unknown,,,unverified,unknown,False,catalogue_only
717,Kernel,https://cryptorank.io/ru/drophunting/kernel-activity554,CryptoRank,needs_entity_review,1,0,unknown,,,unverified,unknown,False,catalogue_only
718,Bucket Protocol,https://cryptorank.io/ru/drophunting/bucket-protocol-activity555,CryptoRank,needs_entity_review,1,0,unknown,,,unverified,unknown,False,catalogue_only
719,Talus Network,https://cryptorank.io/ru/drophunting/talus-network-activity556,CryptoRank,needs_entity_review,1,0,unknown,,,unverified,unknown,False,catalogue_only
720,Xenea,https://cryptorank.io/ru/drophunting/xenea-activity557,CryptoRank,needs_entity_review,1,0,unknown,,,unverified,unknown,False,catalogue_only
721,FIFA Rivals,https://cryptorank.io/ru/drophunting/fifa-rivals-activity558,CryptoRank,needs_entity_review,1,0,unknown,,,unverified,unknown,False,catalogue_only
722,Gravity,https://cryptorank.io/ru/drophunting/gravitychain-activity559,CryptoRank,needs_entity_review,1,0,unknown,,,unverified,unknown,False,catalogue_only
723,Chirp Network,https://cryptorank.io/ru/drophunting/chirp-network-activity560,CryptoRank,needs_entity_review,1,0,unknown,,,unverified,unknown,False,catalogue_only
724,Neova,https://cryptorank.io/ru/drophunting/neova-activity561,CryptoRank,needs_entity_review,1,0,unknown,,,unverified,unknown,False,catalogue_only
725,Meteora,https://cryptorank.io/ru/drophunting/meteora-activity563,CryptoRank,needs_entity_review,1,0,unknown,,,unverified,unknown,False,catalogue_only
726,Lisk,https://cryptorank.io/ru/drophunting/lisk-activity564,CryptoRank,needs_entity_review,1,0,unknown,,,unverified,unknown,False,catalogue_only
727,StarkNet,https://cryptorank.io/ru/drophunting/starknet-activity565,CryptoRank,needs_entity_review,1,0,unknown,,,unverified,unknown,False,catalogue_only
728,Titan,https://cryptorank.io/ru/drophunting/titan-exchange-activity567,CryptoRank,needs_entity_review,2,0,unknown,,,unverified,unknown,False,catalogue_only
729,Sixpence,https://cryptorank.io/ru/drophunting/openlayer-activity568,CryptoRank,needs_entity_review,1,0,unknown,,,unverified,unknown,False,catalogue_only
730,Swaylend,https://cryptorank.io/ru/drophunting/swaylend-activity569,CryptoRank,needs_entity_review,1,0,unknown,,,unverified,unknown,False,catalogue_only
731,Perennial,https://cryptorank.io/ru/drophunting/perennial-activity570,CryptoRank,needs_entity_review,1,0,unknown,,,unverified,unknown,False,catalogue_only
732,GAIB,https://cryptorank.io/ru/drophunting/gaib-activity571,CryptoRank,needs_entity_review,1,0,unknown,,,unverified,unknown,False,catalogue_only
733,Pond,https://cryptorank.io/ru/drophunting/pond-activity573,CryptoRank,needs_entity_review,1,0,unknown,,,unverified,unknown,False,catalogue_only
734,Wormhole,https://cryptorank.io/ru/drophunting/wormhole-activity574,CryptoRank,needs_entity_review,1,0,unknown,,,unverified,unknown,False,catalogue_only
735,Fiamma,https://cryptorank.io/ru/drophunting/fiamma-activity575,CryptoRank,needs_entity_review,1,0,unknown,,,unverified,unknown,False,catalogue_only
736,Only Layer,https://cryptorank.io/ru/drophunting/only-layer-activity576,CryptoRank,needs_entity_review,1,0,unknown,,,unverified,unknown,False,catalogue_only
737,Welf Finance,https://cryptorank.io/ru/drophunting/welf-finance-activity578,CryptoRank,needs_entity_review,1,0,unknown,,,unverified,unknown,False,catalogue_only
738,Adrastea Finance,https://cryptorank.io/ru/drophunting/adrastea-finance-activity579,CryptoRank,needs_entity_review,1,0,unknown,,,unverified,unknown,False,catalogue_only
739,Tabi,https://cryptorank.io/ru/drophunting/tabichain-activity580,CryptoRank,needs_entity_review,2,0,unknown,,,unverified,unknown,False,catalogue_only
740,Kaito,https://cryptorank.io/ru/drophunting/kaito-activity583,CryptoRank,needs_entity_review,1,0,unknown,,,unverified,unknown,False,catalogue_only
741,Atleta Network,https://cryptorank.io/ru/drophunting/atleta-network-activity584,CryptoRank,needs_entity_review,4,0,unknown,,,unverified,unknown,False,catalogue_only
742,Polyhedra Network,https://cryptorank.io/ru/drophunting/polyhedra-network-activity585,CryptoRank,needs_entity_review,2,0,unknown,,,unverified,unknown,False,catalogue_only
743,Perena,https://cryptorank.io/ru/drophunting/perena-activity587,CryptoRank,needs_entity_review,1,0,unknown,,,unverified,unknown,False,catalogue_only
744,Naptha AI,https://cryptorank.io/ru/drophunting/naptha-ai-activity588,CryptoRank,needs_entity_review,1,0,unknown,,,unverified,unknown,False,catalogue_only
745,Manifest,https://cryptorank.io/ru/drophunting/manifest-sol-activity589,CryptoRank,needs_entity_review,1,0,unknown,,,unverified,unknown,False,catalogue_only
746,Heiko,https://cryptorank.io/ru/drophunting/heiko-activity590,CryptoRank,needs_entity_review,1,0,unknown,,,unverified,unknown,False,catalogue_only
747,Pudgy Penguins,https://cryptorank.io/ru/drophunting/pudgy-penguins-activity592,CryptoRank,needs_entity_review,2,0,unknown,,,unverified,unknown,False,catalogue_only
748,Neptune Protocol,https://cryptorank.io/ru/drophunting/neptune-protocol-eclipse-activity593,CryptoRank,needs_entity_review,1,0,unknown,,,unverified,unknown,False,catalogue_only
749,Circles,https://cryptorank.io/ru/drophunting/circles-activity594,CryptoRank,needs_entity_review,1,0,unknown,,,unverified,unknown,False,catalogue_only
750,print.world,https://cryptorank.io/ru/drophunting/print-world-activity596,CryptoRank,needs_entity_review,1,0,unknown,,,unverified,unknown,False,catalogue_only
751,Ninja Blaze,https://cryptorank.io/ru/drophunting/ninja-blaze-activity598,CryptoRank,needs_entity_review,1,0,unknown,,,unverified,unknown,False,catalogue_only
752,Whale,https://cryptorank.io/ru/drophunting/wheel-of-whales-activity599,CryptoRank,needs_entity_review,1,0,unknown,,,unverified,unknown,False,catalogue_only
753,Sahara AI,https://cryptorank.io/ru/drophunting/sahara-activity601,CryptoRank,needs_entity_review,3,0,unknown,,,unverified,unknown,False,catalogue_only
754,Open,https://cryptorank.io/ru/drophunting/open-activity602,CryptoRank,needs_entity_review,1,0,unknown,,,unverified,unknown,False,catalogue_only
755,Anoma,https://cryptorank.io/ru/drophunting/anoma-activity603,CryptoRank,needs_entity_review,1,0,unknown,,,unverified,unknown,False,catalogue_only
756,Avalanche,https://cryptorank.io/ru/drophunting/avalanche-activity604,CryptoRank,needs_entity_review,1,0,unknown,,,unverified,unknown,False,catalogue_only
757,De Charge,https://cryptorank.io/ru/drophunting/de-charge-activity605,CryptoRank,needs_entity_review,1,0,unknown,,,unverified,unknown,False,catalogue_only
758,Echo,https://cryptorank.io/ru/drophunting/echo-activity606,CryptoRank,needs_entity_review,1,0,unknown,,,unverified,unknown,False,catalogue_only
759,Guild,https://cryptorank.io/ru/drophunting/guild-activity607,CryptoRank,needs_entity_review,1,0,unknown,,,unverified,unknown,False,catalogue_only
760,ALLO,https://cryptorank.io/ru/drophunting/allo-activity608,CryptoRank,needs_entity_review,1,0,unknown,,,unverified,unknown,False,catalogue_only
761,Cardano,https://cryptorank.io/ru/drophunting/cardano-activity609,CryptoRank,needs_entity_review,1,0,unknown,,,unverified,unknown,False,catalogue_only
762,OtoCo,https://cryptorank.io/ru/drophunting/oto-co-activity610,CryptoRank,needs_entity_review,1,0,unknown,,,unverified,unknown,False,catalogue_only
763,Titan Network,https://cryptorank.io/ru/drophunting/titan-network-activity611,CryptoRank,needs_entity_review,1,0,unknown,,,unverified,unknown,False,catalogue_only
764,ChainOpera AI,https://cryptorank.io/ru/drophunting/chainopera-ai-activity612,CryptoRank,needs_entity_review,1,0,unknown,,,unverified,unknown,False,catalogue_only
765,Zerobase,https://cryptorank.io/ru/drophunting/zerobase-activity614,CryptoRank,needs_entity_review,1,0,unknown,,,unverified,unknown,False,catalogue_only
766,Midas,https://cryptorank.io/ru/drophunting/midas-app-activity616,CryptoRank,needs_entity_review,1,0,unknown,,,unverified,unknown,False,catalogue_only
767,UXUY,https://cryptorank.io/ru/drophunting/uxuy-activity617,CryptoRank,needs_entity_review,1,0,unknown,,,unverified,unknown,False,catalogue_only
768,Singularity Finance,https://cryptorank.io/ru/drophunting/singularity-finance-activity618,CryptoRank,needs_entity_review,1,0,unknown,,,unverified,unknown,False,catalogue_only
769,Astrol,https://cryptorank.io/ru/drophunting/astrol-activity619,CryptoRank,needs_entity_review,2,0,unknown,,,unverified,unknown,False,catalogue_only
770,OpenLedger,https://cryptorank.io/ru/drophunting/openledger-activity621,CryptoRank,needs_entity_review,1,0,unknown,,,unverified,unknown,False,catalogue_only
771,Mango Network,https://cryptorank.io/ru/drophunting/mango-network-activity622,CryptoRank,needs_entity_review,1,0,unknown,,,unverified,unknown,False,catalogue_only
772,Newton,https://cryptorank.io/ru/drophunting/newtonchain-activity623,CryptoRank,needs_entity_review,1,0,unknown,,,unverified,unknown,False,catalogue_only
773,MYRIAD,https://cryptorank.io/ru/drophunting/myriad-markets-activity624,CryptoRank,needs_entity_review,1,0,unknown,,,unverified,unknown,False,catalogue_only
774,Pixelport,https://cryptorank.io/ru/drophunting/pixelport-activity626,CryptoRank,needs_entity_review,1,0,unknown,,,unverified,unknown,False,catalogue_only
775,zkSync,https://cryptorank.io/ru/drophunting/zksync-activity627,CryptoRank,needs_entity_review,2,0,unknown,,,unverified,unknown,False,catalogue_only
776,Multiple Network,https://cryptorank.io/ru/drophunting/multiple-network-activity628,CryptoRank,needs_entity_review,1,0,unknown,,,unverified,unknown,False,catalogue_only
777,Twine,https://cryptorank.io/ru/drophunting/twine-activity629,CryptoRank,needs_entity_review,1,0,unknown,,,unverified,unknown,False,catalogue_only
778,SoSoValue,https://cryptorank.io/ru/drophunting/sosovalue-activity630,CryptoRank,needs_entity_review,1,0,unknown,,,unverified,unknown,False,catalogue_only
779,Glow,https://cryptorank.io/ru/drophunting/glow-solar-activity632,CryptoRank,needs_entity_review,1,0,unknown,,,unverified,unknown,False,catalogue_only
780,Network3,https://cryptorank.io/ru/drophunting/network-3-activity634,CryptoRank,needs_entity_review,1,0,unknown,,,unverified,unknown,False,catalogue_only
781,RateX,https://cryptorank.io/ru/drophunting/ratex-activity635,CryptoRank,needs_entity_review,1,0,unknown,,,unverified,unknown,False,catalogue_only
782,DePINed,https://cryptorank.io/ru/drophunting/depined-activity636,CryptoRank,needs_entity_review,1,0,unknown,,,unverified,unknown,False,catalogue_only
783,Cadabra Finance,https://cryptorank.io/ru/drophunting/cadabra-finance-activity637,CryptoRank,needs_entity_review,1,0,unknown,,,unverified,unknown,False,catalogue_only
784,Capx AI,https://cryptorank.io/ru/drophunting/capx-ai-activity638,CryptoRank,needs_entity_review,1,0,unknown,,,unverified,unknown,False,catalogue_only
785,Alpha Network,https://cryptorank.io/ru/drophunting/kekkai-activity639,CryptoRank,needs_entity_review,1,0,unknown,,,unverified,unknown,False,catalogue_only
786,Azura,https://cryptorank.io/ru/drophunting/azura-activity642,CryptoRank,needs_entity_review,1,0,unknown,,,unverified,unknown,False,catalogue_only
787,SafeFolio Wallet,https://cryptorank.io/ru/drophunting/safefolio-wallet-activity643,CryptoRank,needs_entity_review,1,0,unknown,,,unverified,unknown,False,catalogue_only
788,Kyros,https://cryptorank.io/ru/drophunting/kyros-activity644,CryptoRank,needs_entity_review,1,0,unknown,,,unverified,unknown,False,catalogue_only
789,Gaia,https://cryptorank.io/ru/drophunting/gaianet-activity645,CryptoRank,needs_entity_review,1,0,unknown,,,unverified,unknown,False,catalogue_only
790,Kalp,https://cryptorank.io/ru/drophunting/kalp-activity646,CryptoRank,needs_entity_review,1,0,unknown,,,unverified,unknown,False,catalogue_only
791,1Money,https://cryptorank.io/ru/drophunting/one-money-activity647,CryptoRank,needs_entity_review,1,0,unknown,,,unverified,unknown,False,catalogue_only
792,Nebula Lending,https://cryptorank.io/ru/drophunting/nebula-lending-activity648,CryptoRank,needs_entity_review,1,0,unknown,,,unverified,unknown,False,catalogue_only
793,GTE,https://cryptorank.io/ru/drophunting/gte-activity649,CryptoRank,needs_entity_review,1,0,unknown,,,unverified,unknown,False,catalogue_only
794,Oshi,https://cryptorank.io/ru/drophunting/oshi-anime-activity650,CryptoRank,needs_entity_review,1,0,unknown,,,unverified,unknown,False,catalogue_only
795,SandwatchAI,https://cryptorank.io/ru/drophunting/sandwatch-ai-activity651,CryptoRank,needs_entity_review,1,0,unknown,,,unverified,unknown,False,catalogue_only
796,KGeN,https://cryptorank.io/ru/drophunting/kgen-activity652,CryptoRank,needs_entity_review,1,0,unknown,,,unverified,unknown,False,catalogue_only
797,Fraction AI,https://cryptorank.io/ru/drophunting/fraction-ai-activity653,CryptoRank,needs_entity_review,1,0,unknown,,,unverified,unknown,False,catalogue_only
798,LayerEdge,https://cryptorank.io/ru/drophunting/layeredge-activity654,CryptoRank,needs_entity_review,1,0,unknown,,,unverified,unknown,False,catalogue_only
799,PublicAI,https://cryptorank.io/ru/drophunting/publicai-activity656,CryptoRank,needs_entity_review,1,0,unknown,,,unverified,unknown,False,catalogue_only
800,Vlayer,https://cryptorank.io/ru/drophunting/vlayer-activity658,CryptoRank,needs_entity_review,1,0,unknown,,,unverified,unknown,False,catalogue_only
801,Litas,https://cryptorank.io/ru/drophunting/litas-io-activity659,CryptoRank,needs_entity_review,1,0,unknown,,,unverified,unknown,False,catalogue_only
802,pod,https://cryptorank.io/ru/drophunting/pod-network-activity660,CryptoRank,needs_entity_review,1,0,unknown,,,unverified,unknown,False,catalogue_only
803,Tanssi Network,https://cryptorank.io/ru/drophunting/tanssi-network-activity661,CryptoRank,needs_entity_review,1,0,unknown,,,unverified,unknown,False,catalogue_only
804,D3,https://cryptorank.io/ru/drophunting/d-3-global-activity662,CryptoRank,needs_entity_review,1,0,unknown,,,unverified,unknown,False,catalogue_only
805,Roam,https://cryptorank.io/ru/drophunting/roam-activity663,CryptoRank,needs_entity_review,1,0,unknown,,,unverified,unknown,False,catalogue_only
806,Sign,https://cryptorank.io/ru/drophunting/ethsign-activity664,CryptoRank,needs_entity_review,1,0,unknown,,,unverified,unknown,False,catalogue_only
807,Naoris Protocol,https://cryptorank.io/ru/drophunting/naorisprotocol-activity665,CryptoRank,needs_entity_review,1,0,unknown,,,unverified,unknown,False,catalogue_only
808,zkVerify,https://cryptorank.io/ru/drophunting/zk-verify-activity666,CryptoRank,needs_entity_review,1,0,unknown,,,unverified,unknown,False,catalogue_only
809,Ecosapiens,https://cryptorank.io/ru/drophunting/ecosapiens-activity667,CryptoRank,needs_entity_review,1,0,unknown,,,unverified,unknown,False,catalogue_only
810,Credible,https://cryptorank.io/ru/drophunting/credible-activity668,CryptoRank,needs_entity_review,1,0,unknown,,,unverified,unknown,False,catalogue_only
811,Incentiv,https://cryptorank.io/ru/drophunting/incentiv-activity669,CryptoRank,needs_entity_review,1,0,unknown,,,unverified,unknown,False,catalogue_only
812,CVEX,https://cryptorank.io/ru/drophunting/cvex-activity670,CryptoRank,needs_entity_review,1,0,unknown,,,unverified,unknown,False,catalogue_only
813,Qiro Finance,https://cryptorank.io/ru/drophunting/qiro-finance-activity671,CryptoRank,needs_entity_review,1,0,unknown,,,unverified,unknown,False,catalogue_only
814,Harpie,https://cryptorank.io/ru/drophunting/harpie-activity672,CryptoRank,needs_entity_review,1,0,unknown,,,unverified,unknown,False,catalogue_only
815,Exabits,https://cryptorank.io/ru/drophunting/exabits-activity673,CryptoRank,needs_entity_review,1,0,unknown,,,unverified,unknown,False,catalogue_only
816,Lit Protocol,https://cryptorank.io/ru/drophunting/lit-protocol-activity674,CryptoRank,needs_entity_review,1,0,unknown,,,unverified,unknown,False,catalogue_only
817,KITE AI,https://cryptorank.io/ru/drophunting/kite-ai-chain-activity675,CryptoRank,needs_entity_review,1,0,unknown,,,unverified,unknown,False,catalogue_only
818,Bluwhale,https://cryptorank.io/ru/drophunting/bluwhale-activity676,CryptoRank,needs_entity_review,1,0,unknown,,,unverified,unknown,False,catalogue_only
819,NodeGo,https://cryptorank.io/ru/drophunting/nodego-activity678,CryptoRank,needs_entity_review,1,0,unknown,,,unverified,unknown,False,catalogue_only
820,Dymension Wizards,https://cryptorank.io/ru/drophunting/dymension-wizards-activity679,CryptoRank,needs_entity_review,1,0,unknown,,,unverified,unknown,False,catalogue_only
821,Legend,https://cryptorank.io/ru/drophunting/legend-wallet-activity680,CryptoRank,needs_entity_review,1,0,unknown,,,unverified,unknown,False,catalogue_only
822,InfiniFi,https://cryptorank.io/ru/drophunting/infinifi-activity682,CryptoRank,needs_entity_review,1,0,unknown,,,unverified,unknown,False,catalogue_only
823,KRNL,https://cryptorank.io/ru/drophunting/krnl-activity683,CryptoRank,needs_entity_review,1,0,unknown,,,unverified,unknown,False,catalogue_only
824,Meridian (prev. Ethereal),https://cryptorank.io/ru/drophunting/ethereal-dex-activity684,CryptoRank,needs_entity_review,1,0,unknown,,,unverified,unknown,False,catalogue_only
825,Somnia Network,https://cryptorank.io/ru/drophunting/somnia-activity685,CryptoRank,needs_entity_review,1,0,unknown,,,unverified,unknown,False,catalogue_only
826,Teneo Protocol,https://cryptorank.io/ru/drophunting/teneo-protocol-activity686,CryptoRank,needs_entity_review,1,0,unknown,,,unverified,unknown,False,catalogue_only
827,OpenSea,https://cryptorank.io/ru/drophunting/open-sea-activity687,CryptoRank,needs_entity_review,1,0,unknown,,,unverified,unknown,False,catalogue_only
828,ChainGPT,https://cryptorank.io/ru/drophunting/chain-gpt-activity688,CryptoRank,needs_entity_review,1,0,unknown,,,unverified,unknown,False,catalogue_only
829,Altius,https://cryptorank.io/ru/drophunting/altius-activity689,CryptoRank,needs_entity_review,1,0,unknown,,,unverified,unknown,False,catalogue_only
830,Hub.xyz,https://cryptorank.io/ru/drophunting/hub-xyz-activity690,CryptoRank,needs_entity_review,1,0,unknown,,,unverified,unknown,False,catalogue_only
831,Superseed,https://cryptorank.io/ru/drophunting/superseed-activity692,CryptoRank,needs_entity_review,1,0,unknown,,,unverified,unknown,False,catalogue_only
832,Boom,https://cryptorank.io/ru/drophunting/gamerboom-activity693,CryptoRank,needs_entity_review,1,0,unknown,,,unverified,unknown,False,catalogue_only
833,AMMO,https://cryptorank.io/ru/drophunting/ammo-activity694,CryptoRank,needs_entity_review,1,0,unknown,,,unverified,unknown,False,catalogue_only
834,Momentum,https://cryptorank.io/ru/drophunting/momentum-finance-activity695,CryptoRank,needs_entity_review,1,0,unknown,,,unverified,unknown,False,catalogue_only
835,Paradex,https://cryptorank.io/ru/drophunting/paradex-activity697,CryptoRank,needs_entity_review,1,0,unknown,,,unverified,unknown,False,catalogue_only
836,Primus Labs (prev. PADO),https://cryptorank.io/ru/drophunting/pado-labs-activity698,CryptoRank,needs_entity_review,1,0,unknown,,,unverified,unknown,False,catalogue_only
837,Trusta.AI,https://cryptorank.io/ru/drophunting/trusta-labs-activity699,CryptoRank,needs_entity_review,1,0,unknown,,,unverified,unknown,False,catalogue_only
838,Fogo,https://cryptorank.io/ru/drophunting/fogo-activity700,CryptoRank,needs_entity_review,1,0,unknown,,,unverified,unknown,False,catalogue_only
839,NodeOps,https://cryptorank.io/ru/drophunting/nodeops-activity701,CryptoRank,needs_entity_review,1,0,unknown,,,unverified,unknown,False,catalogue_only
840,Orochi Network,https://cryptorank.io/ru/drophunting/orochi-network-activity702,CryptoRank,needs_entity_review,1,0,unknown,,,unverified,unknown,False,catalogue_only
841,Mawari,https://cryptorank.io/ru/drophunting/mawari-activity703,CryptoRank,needs_entity_review,1,0,unknown,,,unverified,unknown,False,catalogue_only
842,Stork,https://cryptorank.io/ru/drophunting/stork-activity704,CryptoRank,needs_entity_review,1,0,unknown,,,unverified,unknown,False,catalogue_only
843,Lens Protocol,https://cryptorank.io/ru/drophunting/lens-protocol-activity705,CryptoRank,needs_entity_review,1,0,unknown,,,unverified,unknown,False,catalogue_only
844,MagmaDAO,https://cryptorank.io/ru/drophunting/magmadao-activity706,CryptoRank,needs_entity_review,1,0,unknown,,,unverified,unknown,False,catalogue_only
845,Billions Network,https://cryptorank.io/ru/drophunting/billions-network-activity707,CryptoRank,needs_entity_review,1,0,unknown,,,unverified,unknown,False,catalogue_only
846,Common,https://cryptorank.io/ru/drophunting/commonwealth-activity708,CryptoRank,needs_entity_review,1,0,unknown,,,unverified,unknown,False,catalogue_only
847,Echelon,https://cryptorank.io/ru/drophunting/echelon-market-activity709,CryptoRank,needs_entity_review,1,0,unknown,,,unverified,unknown,False,catalogue_only
848,FastLane Labs,https://cryptorank.io/ru/drophunting/fast-lane-labs-activity710,CryptoRank,needs_entity_review,1,0,unknown,,,unverified,unknown,False,catalogue_only
849,Beamable,https://cryptorank.io/ru/drophunting/beamable-activity711,CryptoRank,needs_entity_review,1,0,unknown,,,unverified,unknown,False,catalogue_only
850,Multipli,https://cryptorank.io/ru/drophunting/multipli-activity712,CryptoRank,needs_entity_review,1,0,unknown,,,unverified,unknown,False,catalogue_only
851,Mavryk Network,https://cryptorank.io/ru/drophunting/mavryk-network-activity713,CryptoRank,needs_entity_review,1,0,unknown,,,unverified,unknown,False,catalogue_only
852,Helix Labs,https://cryptorank.io/ru/drophunting/helix-labs-activity714,CryptoRank,needs_entity_review,1,0,unknown,,,unverified,unknown,False,catalogue_only
853,Hyperbolic Labs,https://cryptorank.io/ru/drophunting/hyperbolic-labs-activity715,CryptoRank,needs_entity_review,1,0,unknown,,,unverified,unknown,False,catalogue_only
854,iAgent,https://cryptorank.io/ru/drophunting/iagent-activity716,CryptoRank,needs_entity_review,1,0,unknown,,,unverified,unknown,False,catalogue_only
855,Gridix,https://cryptorank.io/ru/drophunting/gridix-activity717,CryptoRank,needs_entity_review,1,0,unknown,,,unverified,unknown,False,catalogue_only
856,CESS,https://cryptorank.io/ru/drophunting/cess-activity718,CryptoRank,needs_entity_review,1,0,unknown,,,unverified,unknown,False,catalogue_only
857,Inertia,https://cryptorank.io/ru/drophunting/inertia-activity720,CryptoRank,needs_entity_review,1,0,unknown,,,unverified,unknown,False,catalogue_only
858,Seismic,https://cryptorank.io/ru/drophunting/seismicsys-activity721,CryptoRank,needs_entity_review,1,0,unknown,,,unverified,unknown,False,catalogue_only
859,Axie Infinity,https://cryptorank.io/ru/drophunting/axie-infinity-activity722,CryptoRank,needs_entity_review,1,0,unknown,,,unverified,unknown,False,catalogue_only
860,Malda,https://cryptorank.io/ru/drophunting/malda-activity723,CryptoRank,needs_entity_review,1,0,unknown,,,unverified,unknown,False,catalogue_only
861,Fortytwo,https://cryptorank.io/ru/drophunting/fortytwo-ai-activity724,CryptoRank,needs_entity_review,1,0,unknown,,,unverified,unknown,False,catalogue_only
862,Cygnus Finance,https://cryptorank.io/ru/drophunting/cygnus-finance-activity725,CryptoRank,needs_entity_review,1,0,unknown,,,unverified,unknown,False,catalogue_only
863,Plasma,https://cryptorank.io/ru/drophunting/plasma-activity726,CryptoRank,needs_entity_review,1,0,unknown,,,unverified,unknown,False,catalogue_only
864,Offline Protocol,https://cryptorank.io/ru/drophunting/offline-protocol-activity727,CryptoRank,needs_entity_review,1,0,unknown,,,unverified,unknown,False,catalogue_only
865,Chaos Labs,https://cryptorank.io/ru/drophunting/chaos-labs-activity728,CryptoRank,needs_entity_review,1,0,unknown,,,unverified,unknown,False,catalogue_only
866,Aura,https://cryptorank.io/ru/drophunting/aura-fun-activity729,CryptoRank,needs_entity_review,2,0,unknown,,,unverified,unknown,False,catalogue_only
867,Toggle,https://cryptorank.io/ru/drophunting/toggle-activity730,CryptoRank,needs_entity_review,1,0,unknown,,,unverified,unknown,False,catalogue_only
868,Templar Protocol,https://cryptorank.io/ru/drophunting/templar-protocol-activity731,CryptoRank,needs_entity_review,1,0,unknown,,,unverified,unknown,False,catalogue_only
869,Halliday,https://cryptorank.io/ru/drophunting/halliday-activity732,CryptoRank,needs_entity_review,1,0,unknown,,,unverified,unknown,False,catalogue_only
870,Dango,https://cryptorank.io/ru/drophunting/dango-activity733,CryptoRank,needs_entity_review,1,0,unknown,,,unverified,unknown,False,catalogue_only
871,Persistence,https://cryptorank.io/ru/drophunting/persistence-activity734,CryptoRank,needs_entity_review,1,0,unknown,,,unverified,unknown,False,catalogue_only
872,Yeet,https://cryptorank.io/ru/drophunting/yeet-bet-activity735,CryptoRank,needs_entity_review,1,0,unknown,,,unverified,unknown,False,catalogue_only
873,Opinion,https://cryptorank.io/ru/drophunting/opinion-labs-activity736,CryptoRank,needs_entity_review,1,0,unknown,,,unverified,unknown,False,catalogue_only
874,OpenEden,https://cryptorank.io/ru/drophunting/open-eden-activity737,CryptoRank,needs_entity_review,1,0,unknown,,,unverified,unknown,False,catalogue_only
875,Noble,https://cryptorank.io/ru/drophunting/noble-activity738,CryptoRank,needs_entity_review,1,0,unknown,,,unverified,unknown,False,catalogue_only
876,Fluent,https://cryptorank.io/ru/drophunting/fluent-activity740,CryptoRank,needs_entity_review,1,0,unknown,,,unverified,unknown,False,catalogue_only
877,Parasail,https://cryptorank.io/ru/drophunting/parasail-activity741,CryptoRank,needs_entity_review,1,0,unknown,,,unverified,unknown,False,catalogue_only
878,Coresky,https://cryptorank.io/ru/drophunting/coresky-activity742,CryptoRank,needs_entity_review,1,0,unknown,,,unverified,unknown,False,catalogue_only
879,Recall,https://cryptorank.io/ru/drophunting/recall-activity743,CryptoRank,needs_entity_review,1,0,unknown,,,unverified,unknown,False,catalogue_only
880,Hibachi,https://cryptorank.io/ru/drophunting/hibachi-activity744,CryptoRank,needs_entity_review,1,0,unknown,,,unverified,unknown,False,catalogue_only
881,Walrus,https://cryptorank.io/ru/drophunting/walrus-protocol-activity745,CryptoRank,needs_entity_review,2,0,unknown,,,unverified,unknown,False,catalogue_only
882,Aptos,https://cryptorank.io/ru/drophunting/aptos-activity746,CryptoRank,needs_entity_review,2,0,unknown,,,unverified,unknown,False,catalogue_only
883,SkyTrade,https://cryptorank.io/ru/drophunting/skytrade-activity747,CryptoRank,needs_entity_review,1,0,unknown,,,unverified,unknown,False,catalogue_only
884,ODX,https://cryptorank.io/ru/drophunting/ordinox-activity748,CryptoRank,needs_entity_review,1,0,unknown,,,unverified,unknown,False,catalogue_only
885,Gensyn,https://cryptorank.io/ru/drophunting/gensyn-activity749,CryptoRank,needs_entity_review,1,0,unknown,,,unverified,unknown,False,catalogue_only
886,Ambient,https://cryptorank.io/ru/drophunting/ambient-activity750,CryptoRank,needs_entity_review,1,0,unknown,,,unverified,unknown,False,catalogue_only
887,3DOS,https://cryptorank.io/ru/drophunting/3-dos-activity751,CryptoRank,needs_entity_review,1,0,unknown,,,unverified,unknown,False,catalogue_only
888,Shape,https://cryptorank.io/ru/drophunting/shape-activity752,CryptoRank,needs_entity_review,1,0,unknown,,,unverified,unknown,False,catalogue_only
889,Ostium,https://cryptorank.io/ru/drophunting/ostium-labs-activity753,CryptoRank,needs_entity_review,1,0,unknown,,,unverified,unknown,False,catalogue_only
890,StakeStone,https://cryptorank.io/ru/drophunting/stakestone-activity754,CryptoRank,needs_entity_review,1,0,unknown,,,unverified,unknown,False,catalogue_only
891,Cambrian Network,https://cryptorank.io/ru/drophunting/cambrian-network-activity755,CryptoRank,needs_entity_review,1,0,unknown,,,unverified,unknown,False,catalogue_only
892,GenLayer,https://cryptorank.io/ru/drophunting/genlayer-activity756,CryptoRank,needs_entity_review,1,0,unknown,,,unverified,unknown,False,catalogue_only
893,Irys,https://cryptorank.io/ru/drophunting/bundlr-network-activity757,CryptoRank,needs_entity_review,1,0,unknown,,,unverified,unknown,False,catalogue_only
894,t1 Protocol,https://cryptorank.io/ru/drophunting/t-1-protocol-activity758,CryptoRank,needs_entity_review,1,0,unknown,,,unverified,unknown,False,catalogue_only
895,QuoteChain,https://cryptorank.io/ru/drophunting/quote-chain-activity759,CryptoRank,needs_entity_review,1,0,unknown,,,unverified,unknown,False,catalogue_only
896,ORO AI,https://cryptorank.io/ru/drophunting/oro-ai-activity760,CryptoRank,needs_entity_review,1,0,unknown,,,unverified,unknown,False,catalogue_only
897,Genome,https://cryptorank.io/ru/drophunting/genome-activity761,CryptoRank,needs_entity_review,1,0,unknown,,,unverified,unknown,False,catalogue_only
898,Fleek,https://cryptorank.io/ru/drophunting/fleek-activity762,CryptoRank,needs_entity_review,1,0,unknown,,,unverified,unknown,False,catalogue_only
899,Wunder.Social,https://cryptorank.io/ru/drophunting/wunder-social-activity763,CryptoRank,needs_entity_review,1,0,unknown,,,unverified,unknown,False,catalogue_only
900,Huddle01,https://cryptorank.io/ru/drophunting/huddle-01-activity764,CryptoRank,needs_entity_review,1,0,unknown,,,unverified,unknown,False,catalogue_only
901,Pluralis Research,https://cryptorank.io/ru/drophunting/pluralis-research-activity765,CryptoRank,needs_entity_review,1,0,unknown,,,unverified,unknown,False,catalogue_only
902,Decent DAO,https://cryptorank.io/ru/drophunting/decentdao-activity766,CryptoRank,needs_entity_review,1,0,unknown,,,unverified,unknown,False,catalogue_only
903,Jiritsu Network,https://cryptorank.io/ru/drophunting/jiritsu-network-activity767,CryptoRank,needs_entity_review,1,0,unknown,,,unverified,unknown,False,catalogue_only
904,Optimum,https://cryptorank.io/ru/drophunting/optimum-activity768,CryptoRank,needs_entity_review,1,0,unknown,,,unverified,unknown,False,catalogue_only
905,ByteNova,https://cryptorank.io/ru/drophunting/bytenova-activity769,CryptoRank,needs_entity_review,1,0,unknown,,,unverified,unknown,False,catalogue_only
906,Shogun,https://cryptorank.io/ru/drophunting/shogun-activity770,CryptoRank,needs_entity_review,1,0,unknown,,,unverified,unknown,False,catalogue_only
907,Glider,https://cryptorank.io/ru/drophunting/glider-activity771,CryptoRank,needs_entity_review,1,0,unknown,,,unverified,unknown,False,catalogue_only
908,Ava Protocol,https://cryptorank.io/ru/drophunting/oak-network-activity772,CryptoRank,needs_entity_review,1,0,unknown,,,unverified,unknown,False,catalogue_only
909,GPU Network,https://cryptorank.io/ru/drophunting/gpu-network-activity773,CryptoRank,needs_entity_review,1,0,unknown,,,unverified,unknown,False,catalogue_only
910,Embr Labs,https://cryptorank.io/ru/drophunting/embr-labs-activity774,CryptoRank,needs_entity_review,1,0,unknown,,,unverified,unknown,False,catalogue_only
911,N1 (Prev. Layer N),https://cryptorank.io/ru/drophunting/layer-n-activity775,CryptoRank,needs_entity_review,1,0,unknown,,,unverified,unknown,False,catalogue_only
912,Ritual,https://cryptorank.io/ru/drophunting/ritual-activity777,CryptoRank,needs_entity_review,1,0,unknown,,,unverified,unknown,False,catalogue_only
913,Soul Labs,https://cryptorank.io/ru/drophunting/soul-labs-activity778,CryptoRank,needs_entity_review,1,0,unknown,,,unverified,unknown,False,catalogue_only
914,Rayls,https://cryptorank.io/ru/drophunting/rayls-activity779,CryptoRank,needs_entity_review,1,0,unknown,,,unverified,unknown,False,catalogue_only
915,Euclid Protocol,https://cryptorank.io/ru/drophunting/euclid-protocol-activity780,CryptoRank,needs_entity_review,1,0,unknown,,,unverified,unknown,False,catalogue_only
916,Nous Research,https://cryptorank.io/ru/drophunting/nous-research-activity781,CryptoRank,needs_entity_review,1,0,unknown,,,unverified,unknown,False,catalogue_only
917,Haedal,https://cryptorank.io/ru/drophunting/haedal-activity782,CryptoRank,needs_entity_review,1,0,unknown,,,unverified,unknown,False,catalogue_only
918,Theo,https://cryptorank.io/ru/drophunting/theonetwork-activity783,CryptoRank,needs_entity_review,1,0,unknown,,,unverified,unknown,False,catalogue_only
919,GiveRep,https://cryptorank.io/ru/drophunting/give-rep-activity784,CryptoRank,needs_entity_review,1,0,unknown,,,unverified,unknown,False,catalogue_only
920,Miden,https://cryptorank.io/ru/drophunting/miden-activity785,CryptoRank,needs_entity_review,1,0,unknown,,,unverified,unknown,False,catalogue_only
921,Ika (ex. dWallet network),https://cryptorank.io/ru/drophunting/dwalletlabs-activity786,CryptoRank,needs_entity_review,1,0,unknown,,,unverified,unknown,False,catalogue_only
922,OP NET,https://cryptorank.io/ru/drophunting/op-net-activity787,CryptoRank,needs_entity_review,1,0,unknown,,,unverified,unknown,False,catalogue_only
923,AIDA,https://cryptorank.io/ru/drophunting/aida-activity788,CryptoRank,needs_entity_review,1,0,unknown,,,unverified,unknown,False,catalogue_only
924,ZAR,https://cryptorank.io/ru/drophunting/zar-activity789,CryptoRank,needs_entity_review,1,0,unknown,,,unverified,unknown,False,catalogue_only
925,Enso,https://cryptorank.io/ru/drophunting/enso-activity790,CryptoRank,needs_entity_review,1,0,unknown,,,unverified,unknown,False,catalogue_only
926,Zeko,https://cryptorank.io/ru/drophunting/zeko-activity791,CryptoRank,needs_entity_review,1,0,unknown,,,unverified,unknown,False,catalogue_only
927,Edenlayer,https://cryptorank.io/ru/drophunting/edenlayer-activity792,CryptoRank,needs_entity_review,1,0,unknown,,,unverified,unknown,False,catalogue_only
928,Polymer Labs,https://cryptorank.io/ru/drophunting/polymer-labs-activity793,CryptoRank,needs_entity_review,1,0,unknown,,,unverified,unknown,False,catalogue_only
929,Ping Network,https://cryptorank.io/ru/drophunting/ping-network-activity794,CryptoRank,needs_entity_review,1,0,unknown,,,unverified,unknown,False,catalogue_only
930,DogeOS,https://cryptorank.io/ru/drophunting/dogeos-activity795,CryptoRank,needs_entity_review,1,0,unknown,,,unverified,unknown,False,catalogue_only
931,Pharos,https://cryptorank.io/ru/drophunting/pharos-activity796,CryptoRank,needs_entity_review,1,0,unknown,,,unverified,unknown,False,catalogue_only
932,Pudgy Penguins,https://cryptorank.io/ru/drophunting/pudgy-penguins-activity797,CryptoRank,needs_entity_review,2,0,unknown,,,unverified,unknown,False,catalogue_only
933,Chakra Labs,https://cryptorank.io/ru/drophunting/chakra-labs-activity798,CryptoRank,needs_entity_review,1,0,unknown,,,unverified,unknown,False,catalogue_only
934,Solana Name Service,https://cryptorank.io/ru/drophunting/bonfida-activity799,CryptoRank,needs_entity_review,1,0,unknown,,,unverified,unknown,False,catalogue_only
935,Black Mirror,https://cryptorank.io/ru/drophunting/blackmirror-xp-activity800,CryptoRank,needs_entity_review,1,0,unknown,,,unverified,unknown,False,catalogue_only
936,Rexy (prev. T-Rex),https://cryptorank.io/ru/drophunting/t-rex-activity801,CryptoRank,needs_entity_review,1,0,unknown,,,unverified,unknown,False,catalogue_only
937,Infinex,https://cryptorank.io/ru/drophunting/infinex-activity803,CryptoRank,needs_entity_review,1,0,unknown,,,unverified,unknown,False,catalogue_only
938,42 (prev. Alkimiya),https://cryptorank.io/ru/drophunting/alkimiya-activity804,CryptoRank,needs_entity_review,1,0,unknown,,,unverified,unknown,False,catalogue_only
939,Bluefin,https://cryptorank.io/ru/drophunting/bluefin-activity805,CryptoRank,needs_entity_review,1,0,unknown,,,unverified,unknown,False,catalogue_only
940,Resolv,https://cryptorank.io/ru/drophunting/resolv-activity806,CryptoRank,needs_entity_review,1,0,unknown,,,unverified,unknown,False,catalogue_only
941,Spheron Network,https://cryptorank.io/ru/drophunting/spheron-network-activity807,CryptoRank,needs_entity_review,1,0,unknown,,,unverified,unknown,False,catalogue_only
942,Perpl,https://cryptorank.io/ru/drophunting/perpl-activity808,CryptoRank,needs_entity_review,1,0,unknown,,,unverified,unknown,False,catalogue_only
943,Radius,https://cryptorank.io/ru/drophunting/radius-activity809,CryptoRank,needs_entity_review,1,0,unknown,,,unverified,unknown,False,catalogue_only
944,Dubhe Engine,https://cryptorank.io/ru/drophunting/dubhe-engine-activity810,CryptoRank,needs_entity_review,1,0,unknown,,,unverified,unknown,False,catalogue_only
945,Relay,https://cryptorank.io/ru/drophunting/relay-activity811,CryptoRank,needs_entity_review,1,0,unknown,,,unverified,unknown,False,catalogue_only
946,Coinshift,https://cryptorank.io/ru/drophunting/coinshift-activity813,CryptoRank,needs_entity_review,1,0,unknown,,,unverified,unknown,False,catalogue_only
947,Kadena,https://cryptorank.io/ru/drophunting/kadena-activity814,CryptoRank,needs_entity_review,1,0,unknown,,,unverified,unknown,False,catalogue_only
948,Avitus,https://cryptorank.io/ru/drophunting/avitus-activity815,CryptoRank,needs_entity_review,1,0,unknown,,,unverified,unknown,False,catalogue_only
949,Catena Labs,https://cryptorank.io/ru/drophunting/catena-labs-activity816,CryptoRank,needs_entity_review,1,0,unknown,,,unverified,unknown,False,catalogue_only
950,Hyli,https://cryptorank.io/ru/drophunting/hyle-activity817,CryptoRank,needs_entity_review,1,0,unknown,,,unverified,unknown,False,catalogue_only
951,RICE AI,https://cryptorank.io/ru/drophunting/rice-ai-activity818,CryptoRank,needs_entity_review,1,0,unknown,,,unverified,unknown,False,catalogue_only
952,Fast (prev. Pi Squared),https://cryptorank.io/ru/drophunting/pi-squared-activity819,CryptoRank,needs_entity_review,1,0,unknown,,,unverified,unknown,False,catalogue_only
953,Ducat,https://cryptorank.io/ru/drophunting/ducat-activity820,CryptoRank,needs_entity_review,1,0,unknown,,,unverified,unknown,False,catalogue_only
954,Squads,https://cryptorank.io/ru/drophunting/squads-activity821,CryptoRank,needs_entity_review,1,0,unknown,,,unverified,unknown,False,catalogue_only
955,Rumi,https://cryptorank.io/ru/drophunting/rumi-activity822,CryptoRank,needs_entity_review,1,0,unknown,,,unverified,unknown,False,catalogue_only
956,Katana,https://cryptorank.io/ru/drophunting/katana-defichain-activity823,CryptoRank,needs_entity_review,1,0,unknown,,,unverified,unknown,False,catalogue_only
957,Donut,https://cryptorank.io/ru/drophunting/donut-browser-activity824,CryptoRank,needs_entity_review,1,0,unknown,,,unverified,unknown,False,catalogue_only
958,City Protocol (Prev. Cooking City),https://cryptorank.io/ru/drophunting/cooking-city-activity825,CryptoRank,needs_entity_review,1,0,unknown,,,unverified,unknown,False,catalogue_only
959,Blackhole,https://cryptorank.io/ru/drophunting/blackhole-activity826,CryptoRank,needs_entity_review,1,0,unknown,,,unverified,unknown,False,catalogue_only
960,Zealy (Crew3),https://cryptorank.io/ru/drophunting/zealy-activity827,CryptoRank,needs_entity_review,1,0,unknown,,,unverified,unknown,False,catalogue_only
961,VOYA Games,https://cryptorank.io/ru/drophunting/voya-games-activity828,CryptoRank,needs_entity_review,1,0,unknown,,,unverified,unknown,False,catalogue_only
962,Bondex,https://cryptorank.io/ru/drophunting/bondex-activity830,CryptoRank,needs_entity_review,1,0,unknown,,,unverified,unknown,False,catalogue_only
963,HeyElsa,https://cryptorank.io/ru/drophunting/heyelsa-activity831,CryptoRank,needs_entity_review,1,0,unknown,,,unverified,unknown,False,catalogue_only
964,Sophon,https://cryptorank.io/ru/drophunting/sophon-xyz-activity832,CryptoRank,needs_entity_review,2,0,unknown,,,unverified,unknown,False,catalogue_only
965,AiSol,https://cryptorank.io/ru/drophunting/aisolfi-activity833,CryptoRank,needs_entity_review,1,0,unknown,,,unverified,unknown,False,catalogue_only
966,Drake,https://cryptorank.io/ru/drophunting/drake-monad-activity834,CryptoRank,needs_entity_review,1,0,unknown,,,unverified,unknown,False,catalogue_only
967,Plume Network,https://cryptorank.io/ru/drophunting/plume-network-activity835,CryptoRank,needs_entity_review,2,0,unknown,,,unverified,unknown,False,catalogue_only
968,Native,https://cryptorank.io/ru/drophunting/native-protocol-activity836,CryptoRank,needs_entity_review,1,0,unknown,,,unverified,unknown,False,catalogue_only
969,Super Protocol,https://cryptorank.io/ru/drophunting/super-protocol-activity838,CryptoRank,needs_entity_review,1,0,unknown,,,unverified,unknown,False,catalogue_only
970,Axiom,https://cryptorank.io/ru/drophunting/axiomexchange-activity840,CryptoRank,needs_entity_review,1,0,unknown,,,unverified,unknown,False,catalogue_only
971,ZO,https://cryptorank.io/ru/drophunting/zo-activity841,CryptoRank,needs_entity_review,1,0,unknown,,,unverified,unknown,False,catalogue_only
972,Datagram,https://cryptorank.io/ru/drophunting/datagram-activity843,CryptoRank,needs_entity_review,1,0,unknown,,,unverified,unknown,False,catalogue_only
973,IOPn,https://cryptorank.io/ru/drophunting/io-pn-activity844,CryptoRank,needs_entity_review,1,0,unknown,,,unverified,unknown,False,catalogue_only
974,PrismaX,https://cryptorank.io/ru/drophunting/prisma-x-activity847,CryptoRank,needs_entity_review,1,0,unknown,,,unverified,unknown,False,catalogue_only
975,InfinityGround,https://cryptorank.io/ru/drophunting/infinity-ground-activity848,CryptoRank,needs_entity_review,1,0,unknown,,,unverified,unknown,False,catalogue_only
976,Zeeverse,https://cryptorank.io/ru/drophunting/zeeverse-activity849,CryptoRank,needs_entity_review,1,0,unknown,,,unverified,unknown,False,catalogue_only
977,Helios,https://cryptorank.io/ru/drophunting/helios-blockchain-activity851,CryptoRank,needs_entity_review,1,0,unknown,,,unverified,unknown,False,catalogue_only
978,Uptopia,https://cryptorank.io/ru/drophunting/uptopia-activity852,CryptoRank,needs_entity_review,1,0,unknown,,,unverified,unknown,False,catalogue_only
979,Upshift,https://cryptorank.io/ru/drophunting/upshift-activity853,CryptoRank,needs_entity_review,1,0,unknown,,,unverified,unknown,False,catalogue_only
980,Brevis,https://cryptorank.io/ru/drophunting/brevis-zk-activity854,CryptoRank,needs_entity_review,1,0,unknown,,,unverified,unknown,False,catalogue_only
981,Fluence,https://cryptorank.io/ru/drophunting/fluence-protocol-activity855,CryptoRank,needs_entity_review,1,0,unknown,,,unverified,unknown,False,catalogue_only
982,Lighter,https://cryptorank.io/ru/drophunting/lighter-activity856,CryptoRank,needs_entity_review,2,0,unknown,,,unverified,unknown,False,catalogue_only
983,Zama,https://cryptorank.io/ru/drophunting/zama-activity857,CryptoRank,needs_entity_review,1,0,unknown,,,unverified,unknown,False,catalogue_only
984,Spekter Games,https://cryptorank.io/ru/drophunting/spekter-games-activity858,CryptoRank,needs_entity_review,1,0,unknown,,,unverified,unknown,False,catalogue_only
985,Bagel Labs,https://cryptorank.io/ru/drophunting/the-bagel-network-activity859,CryptoRank,needs_entity_review,1,0,unknown,,,unverified,unknown,False,catalogue_only
986,Octra,https://cryptorank.io/ru/drophunting/octra-activity860,CryptoRank,needs_entity_review,1,0,unknown,,,unverified,unknown,False,catalogue_only
987,Sunscreen,https://cryptorank.io/ru/drophunting/sunscreen-activity861,CryptoRank,needs_entity_review,1,0,unknown,,,unverified,unknown,False,catalogue_only
988,OneBalance,https://cryptorank.io/ru/drophunting/onebalance-activity862,CryptoRank,needs_entity_review,1,0,unknown,,,unverified,unknown,False,catalogue_only
989,Magma Finance,https://cryptorank.io/ru/drophunting/magma-finance-activity864,CryptoRank,needs_entity_review,1,0,unknown,,,unverified,unknown,False,catalogue_only
990,Ordeez,https://cryptorank.io/ru/drophunting/ordeez-activity865,CryptoRank,needs_entity_review,1,0,unknown,,,unverified,unknown,False,catalogue_only
991,Cerebro,https://cryptorank.io/ru/drophunting/cerebro-activity866,CryptoRank,needs_entity_review,1,0,unknown,,,unverified,unknown,False,catalogue_only
992,Karrier One,https://cryptorank.io/ru/drophunting/karrier-one-activity867,CryptoRank,needs_entity_review,1,0,unknown,,,unverified,unknown,False,catalogue_only
993,Distinct Possibility Studios,https://cryptorank.io/ru/drophunting/distinct-possibility-studios-activity868,CryptoRank,needs_entity_review,1,0,unknown,,,unverified,unknown,False,catalogue_only
994,Kuru,https://cryptorank.io/ru/drophunting/kuru-activity869,CryptoRank,needs_entity_review,1,0,unknown,,,unverified,unknown,False,catalogue_only
995,Tusky,https://cryptorank.io/ru/drophunting/tusky-activity870,CryptoRank,needs_entity_review,1,0,unknown,,,unverified,unknown,False,catalogue_only
996,ARAI,https://cryptorank.io/ru/drophunting/arai-activity871,CryptoRank,needs_entity_review,1,0,unknown,,,unverified,unknown,False,catalogue_only
997,Zypher Network,https://cryptorank.io/ru/drophunting/zypher-activity872,CryptoRank,needs_entity_review,1,0,unknown,,,unverified,unknown,False,catalogue_only
998,Scade.xyz,https://cryptorank.io/ru/drophunting/scade-xyz-activity873,CryptoRank,needs_entity_review,1,0,unknown,,,unverified,unknown,False,catalogue_only
999,Project X,https://cryptorank.io/ru/drophunting/prjx-x-activity874,CryptoRank,needs_entity_review,1,0,unknown,,,unverified,unknown,False,catalogue_only
1000,Cashmere Labs,https://cryptorank.io/ru/drophunting/cashmere-labs-activity875,CryptoRank,needs_entity_review,1,0,unknown,,,unverified,unknown,False,catalogue_only
1001,Try Your Best,https://cryptorank.io/ru/drophunting/try-your-best-activity876,CryptoRank,needs_entity_review,1,0,unknown,,,unverified,unknown,False,catalogue_only
1002,Almanak,https://cryptorank.io/ru/drophunting/almanak-activity877,CryptoRank,needs_entity_review,1,0,unknown,,,unverified,unknown,False,catalogue_only
1003,Limitless,https://cryptorank.io/ru/drophunting/limitless-exchange-activity878,CryptoRank,needs_entity_review,1,0,unknown,,,unverified,unknown,False,catalogue_only
1004,Hylo,https://cryptorank.io/ru/drophunting/hylo-activity879,CryptoRank,needs_entity_review,1,0,unknown,,,unverified,unknown,False,catalogue_only
1005,Ranger,https://cryptorank.io/ru/drophunting/ranger-activity881,CryptoRank,needs_entity_review,1,0,unknown,,,unverified,unknown,False,catalogue_only
1006,Bloom,https://cryptorank.io/ru/drophunting/bloom-social-activity882,CryptoRank,needs_entity_review,1,0,unknown,,,unverified,unknown,False,catalogue_only
1007,Drosera,https://cryptorank.io/ru/drophunting/drosera-activity883,CryptoRank,needs_entity_review,1,2,unknown,,,unverified,unknown,False,material_available
1008,Quranium,https://cryptorank.io/ru/drophunting/quranium-activity884,CryptoRank,needs_entity_review,1,0,unknown,,,unverified,unknown,False,catalogue_only
1009,Defx,https://cryptorank.io/ru/drophunting/defx-activity885,CryptoRank,needs_entity_review,1,0,unknown,,,unverified,unknown,False,catalogue_only
1010,KiiChain,https://cryptorank.io/ru/drophunting/kii-chain-activity886,CryptoRank,needs_entity_review,1,0,unknown,,,unverified,unknown,False,catalogue_only
1011,Block Stranding,https://cryptorank.io/ru/drophunting/block-stranding-activity887,CryptoRank,needs_entity_review,1,0,unknown,,,unverified,unknown,False,catalogue_only
1012,Midl,https://cryptorank.io/ru/drophunting/midl-activity888,CryptoRank,needs_entity_review,1,0,unknown,,,unverified,unknown,False,catalogue_only
1013,L3E7,https://cryptorank.io/ru/drophunting/l-3-e-7-activity889,CryptoRank,needs_entity_review,1,0,unknown,,,unverified,unknown,False,catalogue_only
1014,Fairblock Network,https://cryptorank.io/ru/drophunting/fairblock-network-activity890,CryptoRank,needs_entity_review,1,0,unknown,,,unverified,unknown,False,catalogue_only
1015,human.tech (prev.Holonym),https://cryptorank.io/ru/drophunting/holonym-activity891,CryptoRank,needs_entity_review,1,0,unknown,,,unverified,unknown,False,catalogue_only
1016,XO Market,https://cryptorank.io/ru/drophunting/xo-market-activity892,CryptoRank,needs_entity_review,1,0,unknown,,,unverified,unknown,False,catalogue_only
1017,Uomi,https://cryptorank.io/ru/drophunting/uomi-activity893,CryptoRank,needs_entity_review,1,0,unknown,,,unverified,unknown,False,catalogue_only
1018,Play AI,https://cryptorank.io/ru/drophunting/play-ai-activity894,CryptoRank,needs_entity_review,1,0,unknown,,,unverified,unknown,False,catalogue_only
1019,Stable,https://cryptorank.io/ru/drophunting/stable-activity895,CryptoRank,needs_entity_review,1,0,unknown,,,unverified,unknown,False,catalogue_only
1020,Rialo (Subzero Labs),https://cryptorank.io/ru/drophunting/rialo-activity896,CryptoRank,needs_entity_review,1,0,unknown,,,unverified,unknown,False,catalogue_only
1021,Fabric Protocol,https://cryptorank.io/ru/drophunting/openmind-activity897,CryptoRank,needs_entity_review,1,0,unknown,,,unverified,unknown,False,catalogue_only
1022,Solo,https://cryptorank.io/ru/drophunting/solo-solochain-activity898,CryptoRank,needs_entity_review,1,0,unknown,,,unverified,unknown,False,catalogue_only
1023,Amped Finance,https://cryptorank.io/ru/drophunting/amped-finance-activity899,CryptoRank,needs_entity_review,1,0,unknown,,,unverified,unknown,False,catalogue_only
1024,Luminex,https://cryptorank.io/ru/drophunting/luminex-activity900,CryptoRank,needs_entity_review,1,0,unknown,,,unverified,unknown,False,catalogue_only
1025,TrueNorth,https://cryptorank.io/ru/drophunting/truenorth-activity901,CryptoRank,needs_entity_review,1,0,unknown,,,unverified,unknown,False,catalogue_only
1026,Euphoria,https://cryptorank.io/ru/drophunting/euphoria-eth-activity902,CryptoRank,needs_entity_review,1,0,unknown,,,unverified,unknown,False,catalogue_only
1027,HackQuest,https://cryptorank.io/ru/drophunting/hackquest-activity903,CryptoRank,needs_entity_review,1,0,unknown,,,unverified,unknown,False,catalogue_only
1028,Perle (Prev. Kiva Ai),https://cryptorank.io/ru/drophunting/kiva-ai-activity904,CryptoRank,needs_entity_review,1,0,unknown,,,unverified,unknown,False,catalogue_only
1029,Doodles,https://cryptorank.io/ru/drophunting/doodles-activity905,CryptoRank,needs_entity_review,1,0,unknown,,,unverified,unknown,False,catalogue_only
1030,Solstice,https://cryptorank.io/ru/drophunting/solstice-activity906,CryptoRank,needs_entity_review,1,0,unknown,,,unverified,unknown,False,catalogue_only
1031,Hyperbeat,https://cryptorank.io/ru/drophunting/hyperbeat-hype-activity907,CryptoRank,needs_entity_review,1,0,unknown,,,unverified,unknown,False,catalogue_only
1032,Etherscan,https://cryptorank.io/ru/drophunting/etherscan-activity908,CryptoRank,needs_entity_review,1,0,unknown,,,unverified,unknown,False,catalogue_only
1033,Privy,https://cryptorank.io/ru/drophunting/privy-activity909,CryptoRank,needs_entity_review,1,0,unknown,,,unverified,unknown,False,catalogue_only
1034,USD.AI,https://cryptorank.io/ru/drophunting/usd-ai-activity910,CryptoRank,needs_entity_review,1,0,unknown,,,unverified,unknown,False,catalogue_only
1035,Arc,https://cryptorank.io/ru/drophunting/arc-chain-activity911,CryptoRank,needs_entity_review,1,0,unknown,,,unverified,unknown,False,catalogue_only
1036,Unto,https://cryptorank.io/ru/drophunting/unto-activity912,CryptoRank,needs_entity_review,1,0,unknown,,,unverified,unknown,False,catalogue_only
1037,Ventuals,https://cryptorank.io/ru/drophunting/ventuals-activity913,CryptoRank,needs_entity_review,1,0,unknown,,,unverified,unknown,False,catalogue_only
1038,Commi,https://cryptorank.io/ru/drophunting/commi-activity914,CryptoRank,needs_entity_review,1,0,unknown,,,unverified,unknown,False,catalogue_only
1039,Edgen,https://cryptorank.io/ru/drophunting/opensocial-activity915,CryptoRank,needs_entity_review,1,0,unknown,,,unverified,unknown,False,catalogue_only
1040,8lends,https://cryptorank.io/ru/drophunting/8-lends-activity916,CryptoRank,needs_entity_review,1,0,unknown,,,unverified,unknown,False,catalogue_only
1041,NEAR Mobile,https://cryptorank.io/ru/drophunting/near-mobile-activity917,CryptoRank,needs_entity_review,1,0,unknown,,,unverified,unknown,False,catalogue_only
1042,o1.exchange,https://cryptorank.io/ru/drophunting/o-1-exchange-activity918,CryptoRank,needs_entity_review,1,0,unknown,,,unverified,unknown,False,catalogue_only
1043,Youmio,https://cryptorank.io/ru/drophunting/today-activity919,CryptoRank,needs_entity_review,1,0,unknown,,,unverified,unknown,False,catalogue_only
1044,Blockchain.com,https://cryptorank.io/ru/drophunting/blockchain-com-activity920,CryptoRank,needs_entity_review,1,0,unknown,,,unverified,unknown,False,catalogue_only
1045,CryptoCat,https://cryptorank.io/ru/drophunting/cryptocat-io-activity921,CryptoRank,needs_entity_review,1,0,unknown,,,unverified,unknown,False,catalogue_only
1046,Inspect,https://cryptorank.io/ru/drophunting/inspect-activity923,CryptoRank,needs_entity_review,1,0,unknown,,,unverified,unknown,False,catalogue_only
1047,CAP,https://cryptorank.io/ru/drophunting/cap-activity924,CryptoRank,needs_entity_review,1,0,unknown,,,unverified,unknown,False,catalogue_only
1048,Everlyn,https://cryptorank.io/ru/drophunting/everlyn-activity925,CryptoRank,needs_entity_review,1,0,unknown,,,unverified,unknown,False,catalogue_only
1049,LYS Labs,https://cryptorank.io/ru/drophunting/lys-labs-activity926,CryptoRank,needs_entity_review,1,0,unknown,,,unverified,unknown,False,catalogue_only
1050,Tea-Fi,https://cryptorank.io/ru/drophunting/tea-fi-activity927,CryptoRank,needs_entity_review,1,0,unknown,,,unverified,unknown,False,catalogue_only
1051,Poseidon,https://cryptorank.io/ru/drophunting/poseidon-ip-activity928,CryptoRank,needs_entity_review,1,0,unknown,,,unverified,unknown,False,catalogue_only
1052,Reflect,https://cryptorank.io/ru/drophunting/reflects-activity929,CryptoRank,needs_entity_review,1,0,unknown,,,unverified,unknown,False,catalogue_only
1053,Falcon Finance,https://cryptorank.io/ru/drophunting/falcon-finance-activity930,CryptoRank,needs_entity_review,1,0,unknown,,,unverified,unknown,False,catalogue_only
1054,Arbitrum,https://cryptorank.io/ru/drophunting/arbitrum-activity931,CryptoRank,needs_entity_review,1,0,unknown,,,unverified,unknown,False,catalogue_only
1055,Strata,https://cryptorank.io/ru/drophunting/strata-money-activity932,CryptoRank,needs_entity_review,1,0,unknown,,,unverified,unknown,False,catalogue_only
1056,Terminal Finance,https://cryptorank.io/ru/drophunting/terminal-finance-activity933,CryptoRank,needs_entity_review,1,0,unknown,,,unverified,unknown,False,catalogue_only
1057,Gyld Finance,https://cryptorank.io/ru/drophunting/gyld-finance-activity934,CryptoRank,needs_entity_review,1,0,unknown,,,unverified,unknown,False,catalogue_only
1058,Browser Cash,https://cryptorank.io/ru/drophunting/browser-cash-activity935,CryptoRank,needs_entity_review,1,0,unknown,,,unverified,unknown,False,catalogue_only
1059,Canton Network,https://cryptorank.io/ru/drophunting/digital-asset-activity936,CryptoRank,needs_entity_review,1,0,unknown,,,unverified,unknown,False,catalogue_only
1060,Kindred,https://cryptorank.io/ru/drophunting/kindred-activity937,CryptoRank,needs_entity_review,1,0,unknown,,,unverified,unknown,False,catalogue_only
1061,Forte,https://cryptorank.io/ru/drophunting/forte-activity938,CryptoRank,needs_entity_review,1,0,unknown,,,unverified,unknown,False,catalogue_only
1062,GIWA,https://cryptorank.io/ru/drophunting/giwa-activity939,CryptoRank,needs_entity_review,1,0,unknown,,,unverified,unknown,False,catalogue_only
1063,Extended,https://cryptorank.io/ru/drophunting/x-10-activity940,CryptoRank,needs_entity_review,1,0,unknown,,,unverified,unknown,False,catalogue_only
1064,Re Protocol,https://cryptorank.io/ru/drophunting/re-activity942,CryptoRank,needs_entity_review,1,0,unknown,,,unverified,unknown,False,catalogue_only
1065,Nerite,https://cryptorank.io/ru/drophunting/nerite-activity943,CryptoRank,needs_entity_review,1,0,unknown,,,unverified,unknown,False,catalogue_only
1066,Vana,https://cryptorank.io/ru/drophunting/vana-activity944,CryptoRank,needs_entity_review,2,0,unknown,,,unverified,unknown,False,catalogue_only
1067,Raiku,https://cryptorank.io/ru/drophunting/raiku-activity945,CryptoRank,needs_entity_review,1,0,unknown,,,unverified,unknown,False,catalogue_only
1068,Melee,https://cryptorank.io/ru/drophunting/melee-activity946,CryptoRank,needs_entity_review,1,0,unknown,,,unverified,unknown,False,catalogue_only
1069,RedotPay,https://cryptorank.io/ru/drophunting/redotpay-activity947,CryptoRank,needs_entity_review,1,0,unknown,,,unverified,unknown,False,catalogue_only
1070,idOS,https://cryptorank.io/ru/drophunting/idos-activity948,CryptoRank,needs_entity_review,1,0,unknown,,,unverified,unknown,False,catalogue_only
1071,Rainbow,https://cryptorank.io/ru/drophunting/rainbow-activity949,CryptoRank,needs_entity_review,1,0,unknown,,,unverified,unknown,False,catalogue_only
1072,Addicted,https://cryptorank.io/ru/drophunting/addicted-activity950,CryptoRank,needs_entity_review,1,0,unknown,,,unverified,unknown,False,catalogue_only
1073,Reppo,https://cryptorank.io/ru/drophunting/reppo-activity951,CryptoRank,needs_entity_review,1,0,unknown,,,unverified,unknown,False,catalogue_only
1074,Aria,https://cryptorank.io/ru/drophunting/aria-iprwa-activity952,CryptoRank,needs_entity_review,1,0,unknown,,,unverified,unknown,False,catalogue_only
1075,Psy Protocol (Prev. QED Protocol),https://cryptorank.io/ru/drophunting/qed-protocol-activity953,CryptoRank,needs_entity_review,1,0,unknown,,,unverified,unknown,False,catalogue_only
1076,Gopher (prev. Masa),https://cryptorank.io/ru/drophunting/masa-activity954,CryptoRank,needs_entity_review,1,0,unknown,,,unverified,unknown,False,catalogue_only
1077,jpeg.fun,https://cryptorank.io/ru/drophunting/jpeg-fun-activity955,CryptoRank,needs_entity_review,1,0,unknown,,,unverified,unknown,False,catalogue_only
1078,Radiant,https://cryptorank.io/ru/drophunting/radiant-game-activity956,CryptoRank,needs_entity_review,1,0,unknown,,,unverified,unknown,False,catalogue_only
1079,Block Street,https://cryptorank.io/ru/drophunting/block-street-activity957,CryptoRank,needs_entity_review,1,0,unknown,,,unverified,unknown,False,catalogue_only
1080,Rhuna,https://cryptorank.io/ru/drophunting/rhuna-activity958,CryptoRank,needs_entity_review,1,0,unknown,,,unverified,unknown,False,catalogue_only
1081,Rekt Games,https://cryptorank.io/ru/drophunting/rekt-games-activity960,CryptoRank,needs_entity_review,1,0,unknown,,,unverified,unknown,False,catalogue_only
1082,Sova,https://cryptorank.io/ru/drophunting/sova-activity961,CryptoRank,needs_entity_review,1,0,unknown,,,unverified,unknown,False,catalogue_only
1083,Duffle,https://cryptorank.io/ru/drophunting/duffle-activity962,CryptoRank,needs_entity_review,1,0,unknown,,,unverified,unknown,False,catalogue_only
1084,XMTP,https://cryptorank.io/ru/drophunting/xmtp-activity963,CryptoRank,needs_entity_review,1,0,unknown,,,unverified,unknown,False,catalogue_only
1085,SANDchain,https://cryptorank.io/ru/drophunting/sandchain-activity964,CryptoRank,needs_entity_review,1,0,unknown,,,unverified,unknown,False,catalogue_only
1086,Turtle,https://cryptorank.io/ru/drophunting/turtle-club-activity965,CryptoRank,needs_entity_review,1,0,unknown,,,unverified,unknown,False,catalogue_only
1087,Voyage,https://cryptorank.io/ru/drophunting/voyage-activity966,CryptoRank,needs_entity_review,1,0,unknown,,,unverified,unknown,False,catalogue_only
1088,Mento,https://cryptorank.io/ru/drophunting/mento-activity967,CryptoRank,needs_entity_review,1,0,unknown,,,unverified,unknown,False,catalogue_only
1089,Immutable,https://cryptorank.io/ru/drophunting/immutable-x-activity968,CryptoRank,needs_entity_review,1,0,unknown,,,unverified,unknown,False,catalogue_only
1090,Pact Swap,https://cryptorank.io/ru/drophunting/pact-swap-activity969,CryptoRank,needs_entity_review,1,0,unknown,,,unverified,unknown,False,catalogue_only
1091,Mantle,https://cryptorank.io/ru/drophunting/mantlexyz-activity970,CryptoRank,needs_entity_review,2,0,unknown,,,unverified,unknown,False,catalogue_only
1092,Honeypot Finance,https://cryptorank.io/ru/drophunting/honeypot-finance-activity971,CryptoRank,needs_entity_review,1,0,unknown,,,unverified,unknown,False,catalogue_only
1093,Entry (Prev. Zekret Protocol),https://cryptorank.io/ru/drophunting/entry-activity972,CryptoRank,needs_entity_review,1,0,unknown,,,unverified,unknown,False,catalogue_only
1094,BULK,https://cryptorank.io/ru/drophunting/bulk-activity973,CryptoRank,needs_entity_review,1,0,unknown,,,unverified,unknown,False,catalogue_only
1095,TBook,https://cryptorank.io/ru/drophunting/tbook-activity974,CryptoRank,needs_entity_review,1,0,unknown,,,unverified,unknown,False,catalogue_only
1096,Tria,https://cryptorank.io/ru/drophunting/tria-activity975,CryptoRank,needs_entity_review,1,0,unknown,,,unverified,unknown,False,catalogue_only
1097,Huntertales,https://cryptorank.io/ru/drophunting/huntertales-activity976,CryptoRank,needs_entity_review,1,0,unknown,,,unverified,unknown,False,catalogue_only
1098,Lineup Games,https://cryptorank.io/ru/drophunting/lineup-games-activity977,CryptoRank,needs_entity_review,1,0,unknown,,,unverified,unknown,False,catalogue_only
1099,Pacifica,https://cryptorank.io/ru/drophunting/pacifica-activity978,CryptoRank,needs_entity_review,1,0,unknown,,,unverified,unknown,False,catalogue_only
1100,V! DataDAO,https://cryptorank.io/ru/drophunting/v-datadao-activity979,CryptoRank,needs_entity_review,1,0,unknown,,,unverified,unknown,False,catalogue_only
1101,Metamask,https://cryptorank.io/ru/drophunting/metamask-activity980,CryptoRank,needs_entity_review,1,0,unknown,,,unverified,unknown,False,catalogue_only
1102,Spicenet,https://cryptorank.io/ru/drophunting/spicenet-activity981,CryptoRank,needs_entity_review,1,0,unknown,,,unverified,unknown,False,catalogue_only
1103,Senpi,https://cryptorank.io/ru/drophunting/senpi-activity982,CryptoRank,needs_entity_review,1,0,unknown,,,unverified,unknown,False,catalogue_only
1104,Xitadel,https://cryptorank.io/ru/drophunting/xitadel-activity983,CryptoRank,needs_entity_review,1,0,unknown,,,unverified,unknown,False,catalogue_only
1105,DataHive,https://cryptorank.io/ru/drophunting/datahive-activity984,CryptoRank,needs_entity_review,1,0,unknown,,,unverified,unknown,False,catalogue_only
1106,Inference (Prev. Kuzco),https://cryptorank.io/ru/drophunting/inference-lmm-activity985,CryptoRank,needs_entity_review,1,0,unknown,,,unverified,unknown,False,catalogue_only
1107,legend.trade,https://cryptorank.io/ru/drophunting/legend-trade-activity986,CryptoRank,needs_entity_review,1,0,unknown,,,unverified,unknown,False,catalogue_only
1108,Creek,https://cryptorank.io/ru/drophunting/creek-activity987,CryptoRank,needs_entity_review,1,0,unknown,,,unverified,unknown,False,catalogue_only
1109,Rails,https://cryptorank.io/ru/drophunting/rails-activity988,CryptoRank,needs_entity_review,1,0,unknown,,,unverified,unknown,False,catalogue_only
1110,NEXPACE,https://cryptorank.io/ru/drophunting/nexpace-activity989,CryptoRank,needs_entity_review,1,0,unknown,,,unverified,unknown,False,catalogue_only
1111,Liquid,https://cryptorank.io/ru/drophunting/liquid-hyperliquid-activity990,CryptoRank,needs_entity_review,2,0,unknown,,,unverified,unknown,False,catalogue_only
1112,Nuva Finance,https://cryptorank.io/ru/drophunting/nuva-finance-activity991,CryptoRank,needs_entity_review,1,0,unknown,,,unverified,unknown,False,catalogue_only
1113,Rift,https://cryptorank.io/ru/drophunting/rift-activity992,CryptoRank,needs_entity_review,1,0,unknown,,,unverified,unknown,False,catalogue_only
1114,Technotainment,https://cryptorank.io/ru/drophunting/technotainment-activity993,CryptoRank,needs_entity_review,1,0,unknown,,,unverified,unknown,False,catalogue_only
1115,Kalshi,https://cryptorank.io/ru/drophunting/kalshi-activity994,CryptoRank,needs_entity_review,1,0,unknown,,,unverified,unknown,False,catalogue_only
1116,1st,https://cryptorank.io/ru/drophunting/1st-activity995,CryptoRank,needs_entity_review,1,0,unknown,,,unverified,unknown,False,catalogue_only
1117,Ferra,https://cryptorank.io/ru/drophunting/ferra-activity996,CryptoRank,needs_entity_review,1,0,unknown,,,unverified,unknown,False,catalogue_only
1118,Otherside,https://cryptorank.io/ru/drophunting/otherside-activity997,CryptoRank,needs_entity_review,1,0,unknown,,,unverified,unknown,False,catalogue_only
1119,Sphinx Protocol,https://cryptorank.io/ru/drophunting/sphinx-protocol-activity998,CryptoRank,needs_entity_review,1,0,unknown,,,unverified,unknown,False,catalogue_only
1120,Kyuzo's Friends,https://cryptorank.io/ru/drophunting/kyuzos-friends-activity999,CryptoRank,needs_entity_review,1,0,unknown,,,unverified,unknown,False,catalogue_only
1121,Codex,https://cryptorank.io/ru/drophunting/codex-pbc-activity1000,CryptoRank,needs_entity_review,1,0,unknown,,,unverified,unknown,False,catalogue_only
1122,Supervillain Labs,https://cryptorank.io/ru/drophunting/supervillain-activity1001,CryptoRank,needs_entity_review,1,0,unknown,,,unverified,unknown,False,catalogue_only
1123,Zaiffer,https://cryptorank.io/ru/drophunting/zaiffer-activity1002,CryptoRank,needs_entity_review,1,0,unknown,,,unverified,unknown,False,catalogue_only
1124,Renaiss Protocol,https://cryptorank.io/ru/drophunting/renaiss-protocol-activity1003,CryptoRank,needs_entity_review,1,0,unknown,,,unverified,unknown,False,catalogue_only
1125,Self Protocol,https://cryptorank.io/ru/drophunting/self-protocol-activity1004,CryptoRank,needs_entity_review,1,0,unknown,,,unverified,unknown,False,catalogue_only
1126,ORO,https://cryptorank.io/ru/drophunting/oro-activity1005,CryptoRank,needs_entity_review,2,0,unknown,,,unverified,unknown,False,catalogue_only
1127,Decibel,https://cryptorank.io/ru/drophunting/decibel-activity1006,CryptoRank,needs_entity_review,2,0,unknown,,,unverified,unknown,False,catalogue_only
1128,YOM,https://cryptorank.io/ru/drophunting/yom-new-activity1007,CryptoRank,needs_entity_review,1,0,unknown,,,unverified,unknown,False,catalogue_only
1129,Tread.fi,https://cryptorank.io/ru/drophunting/tread-fi-activity1008,CryptoRank,needs_entity_review,1,0,unknown,,,unverified,unknown,False,catalogue_only
1130,Thrive Protocol,https://cryptorank.io/ru/drophunting/thrive-protocol-activity1009,CryptoRank,needs_entity_review,1,0,unknown,,,unverified,unknown,False,catalogue_only
1131,Daylight,https://cryptorank.io/ru/drophunting/daylight-activity1010,CryptoRank,needs_entity_review,1,0,unknown,,,unverified,unknown,False,catalogue_only
1132,Concrete,https://cryptorank.io/ru/drophunting/concrete-activity1011,CryptoRank,needs_entity_review,1,0,unknown,,,unverified,unknown,False,catalogue_only
1133,CrunchDAO,https://cryptorank.io/ru/drophunting/crunchdao-activity1012,CryptoRank,needs_entity_review,1,0,unknown,,,unverified,unknown,False,catalogue_only
1134,Fast Protocol,https://cryptorank.io/ru/drophunting/fast-protocol-activity1013,CryptoRank,needs_entity_review,1,0,unknown,,,unverified,unknown,False,catalogue_only
1135,Sunrise,https://cryptorank.io/ru/drophunting/sunrisebridge-activity1014,CryptoRank,needs_entity_review,2,0,unknown,,,unverified,unknown,False,catalogue_only
1136,Project Zero,https://cryptorank.io/ru/drophunting/project-zero-activity1015,CryptoRank,needs_entity_review,1,0,unknown,,,unverified,unknown,False,catalogue_only
1137,Fableborne,https://cryptorank.io/ru/drophunting/fableborne-activity1016,CryptoRank,needs_entity_review,1,0,unknown,,,unverified,unknown,False,catalogue_only
1138,Altura,https://cryptorank.io/ru/drophunting/altura-defi-activity1017,CryptoRank,needs_entity_review,1,0,unknown,,,unverified,unknown,False,catalogue_only
1139,predict.fun,https://cryptorank.io/ru/drophunting/predict-fun-activity1019,CryptoRank,needs_entity_review,1,0,unknown,,,unverified,unknown,False,catalogue_only
1140,Chainers,https://cryptorank.io/ru/drophunting/chainers-activity1020,CryptoRank,needs_entity_review,1,0,unknown,,,unverified,unknown,False,catalogue_only
1141,AllScale,https://cryptorank.io/ru/drophunting/allscale-activity1021,CryptoRank,needs_entity_review,1,0,unknown,,,unverified,unknown,False,catalogue_only
1142,Gondor,https://cryptorank.io/ru/drophunting/gondor-activity1022,CryptoRank,needs_entity_review,1,0,unknown,,,unverified,unknown,False,catalogue_only
1143,Valantis,https://cryptorank.io/ru/drophunting/valantis-activity1023,CryptoRank,needs_entity_review,1,0,unknown,,,unverified,unknown,False,catalogue_only
1144,Tashi Network,https://cryptorank.io/ru/drophunting/tashi-network-activity1024,CryptoRank,needs_entity_review,1,0,unknown,,,unverified,unknown,False,catalogue_only
1145,Diamante,https://cryptorank.io/ru/drophunting/diamante-activity1025,CryptoRank,needs_entity_review,1,0,unknown,,,unverified,unknown,False,catalogue_only
1146,Surf,https://cryptorank.io/ru/drophunting/surf-ai-activity1026,CryptoRank,needs_entity_review,1,0,unknown,,,unverified,unknown,False,catalogue_only
1147,Tempo,https://cryptorank.io/ru/drophunting/tempo-chain-activity1027,CryptoRank,needs_entity_review,1,0,unknown,,,unverified,unknown,False,catalogue_only
1148,Fin (Prev. TipLink),https://cryptorank.io/ru/drophunting/fin-activity1028,CryptoRank,needs_entity_review,1,0,unknown,,,unverified,unknown,False,catalogue_only
1149,SOAR,https://cryptorank.io/ru/drophunting/launchonsoar-activity1029,CryptoRank,needs_entity_review,1,0,unknown,,,unverified,unknown,False,catalogue_only
1150,Axis,https://cryptorank.io/ru/drophunting/axis-activity1030,CryptoRank,needs_entity_review,1,0,unknown,,,unverified,unknown,False,catalogue_only
1151,Cascade,https://cryptorank.io/ru/drophunting/cascade-activity1031,CryptoRank,needs_entity_review,1,0,unknown,,,unverified,unknown,False,catalogue_only
1152,Ellipsis Labs (Phoenix Trade),https://cryptorank.io/ru/drophunting/ellipsis-labs-activity1032,CryptoRank,needs_entity_review,2,0,unknown,,,unverified,unknown,False,catalogue_only
1153,3look,https://cryptorank.io/ru/drophunting/3-look-activity1033,CryptoRank,needs_entity_review,1,0,unknown,,,unverified,unknown,False,catalogue_only
1154,ETHGAS,https://cryptorank.io/ru/drophunting/ethgas-activity1034,CryptoRank,needs_entity_review,1,0,unknown,,,unverified,unknown,False,catalogue_only
1155,Solflare,https://cryptorank.io/ru/drophunting/solflare-activity1035,CryptoRank,needs_entity_review,1,0,unknown,,,unverified,unknown,False,catalogue_only
1156,Probable,https://cryptorank.io/ru/drophunting/probable-activity1036,CryptoRank,needs_entity_review,1,0,unknown,,,unverified,unknown,False,catalogue_only
1157,BitRobot,https://cryptorank.io/ru/drophunting/bitrobot-activity1037,CryptoRank,needs_entity_review,1,0,unknown,,,unverified,unknown,False,catalogue_only
1158,TOKI,https://cryptorank.io/ru/drophunting/toki-bridge-activity1038,CryptoRank,needs_entity_review,1,0,unknown,,,unverified,unknown,False,catalogue_only
1159,PiP World,https://cryptorank.io/ru/drophunting/pip-world-activity1039,CryptoRank,needs_entity_review,1,0,unknown,,,unverified,unknown,False,catalogue_only
1160,Verse8,https://cryptorank.io/ru/drophunting/verse-8-activity1040,CryptoRank,needs_entity_review,1,0,unknown,,,unverified,unknown,False,catalogue_only
1161,Geo,https://cryptorank.io/ru/drophunting/geo-activity1041,CryptoRank,needs_entity_review,1,0,unknown,,,unverified,unknown,False,catalogue_only
1162,ORBT,https://cryptorank.io/ru/drophunting/orbt-activity1042,CryptoRank,needs_entity_review,1,0,unknown,,,unverified,unknown,False,catalogue_only
1163,RISEx,https://cryptorank.io/ru/drophunting/risex-activity1043,CryptoRank,needs_entity_review,1,0,unknown,,,unverified,unknown,False,catalogue_only
1164,DeepNodeAI,https://cryptorank.io/ru/drophunting/deepnodeai-activity1044,CryptoRank,needs_entity_review,1,0,unknown,,,unverified,unknown,False,catalogue_only
1165,Architect,https://cryptorank.io/ru/drophunting/architect-activity1045,CryptoRank,needs_entity_review,1,0,unknown,,,unverified,unknown,False,catalogue_only
1166,Hotstuff (Prev. Syndr Protocol),https://cryptorank.io/ru/drophunting/hotstuff-activity1046,CryptoRank,needs_entity_review,1,0,unknown,,,unverified,unknown,False,catalogue_only
1167,Bullpen,https://cryptorank.io/ru/drophunting/bullpen-activity1047,CryptoRank,needs_entity_review,1,0,unknown,,,unverified,unknown,False,catalogue_only
1168,HelloTrade,https://cryptorank.io/ru/drophunting/hellotrade-activity1048,CryptoRank,needs_entity_review,1,0,unknown,,,unverified,unknown,False,catalogue_only
1169,Rocket,https://cryptorank.io/ru/drophunting/rocket-prediction-activity1049,CryptoRank,needs_entity_review,1,0,unknown,,,unverified,unknown,False,catalogue_only
1170,Kairos,https://cryptorank.io/ru/drophunting/kairos-trade-activity1050,CryptoRank,needs_entity_review,1,0,unknown,,,unverified,unknown,False,catalogue_only
1171,Polarise (prev. Pawnfi),https://cryptorank.io/ru/drophunting/pawnfi-activity1051,CryptoRank,needs_entity_review,1,0,unknown,,,unverified,unknown,False,catalogue_only
1172,Nexira,https://cryptorank.io/ru/drophunting/nexira-activity1052,CryptoRank,needs_entity_review,1,0,unknown,,,unverified,unknown,False,catalogue_only
1173,Inference Labs,https://cryptorank.io/ru/drophunting/inference-labs-activity1053,CryptoRank,needs_entity_review,1,0,unknown,,,unverified,unknown,False,catalogue_only
1174,Based,https://cryptorank.io/ru/drophunting/based-social-activity1054,CryptoRank,needs_entity_review,2,0,unknown,,,unverified,unknown,False,catalogue_only
1175,Fluton,https://cryptorank.io/ru/drophunting/fluton-activity1055,CryptoRank,needs_entity_review,1,0,unknown,,,unverified,unknown,False,catalogue_only
1176,Spaace,https://cryptorank.io/ru/drophunting/spaace-activity1056,CryptoRank,needs_entity_review,1,0,unknown,,,unverified,unknown,False,catalogue_only
1177,Nunchi,https://cryptorank.io/ru/drophunting/nunchi-activity1057,CryptoRank,needs_entity_review,1,0,unknown,,,unverified,unknown,False,catalogue_only
1178,Minara,https://cryptorank.io/ru/drophunting/minara-activity1058,CryptoRank,needs_entity_review,1,0,unknown,,,unverified,unknown,False,catalogue_only
1179,Genius,https://cryptorank.io/ru/drophunting/tradegenius-activity1059,CryptoRank,needs_entity_review,1,0,unknown,,,unverified,unknown,False,catalogue_only
1180,edgeX,https://cryptorank.io/ru/drophunting/edgex-activity1060,CryptoRank,needs_entity_review,1,0,unknown,,,unverified,unknown,False,catalogue_only
1181,Aleo,https://cryptorank.io/ru/drophunting/aleo-activity1061,CryptoRank,needs_entity_review,2,0,unknown,,,unverified,unknown,False,catalogue_only
1182,Synthesis,https://cryptorank.io/ru/drophunting/synthesis-activity1062,CryptoRank,needs_entity_review,1,0,unknown,,,unverified,unknown,False,catalogue_only
1183,Veera,https://cryptorank.io/ru/drophunting/veera-activity1063,CryptoRank,needs_entity_review,1,0,unknown,,,unverified,unknown,False,catalogue_only
1184,Seeker (Solana Mobile),https://cryptorank.io/ru/drophunting/seeker-activity1064,CryptoRank,needs_entity_review,1,0,unknown,,,unverified,unknown,False,catalogue_only
1185,Vanish,https://cryptorank.io/ru/drophunting/vanish-activity1065,CryptoRank,needs_entity_review,1,0,unknown,,,unverified,unknown,False,catalogue_only
1186,Suuuiplash,https://cryptorank.io/ru/drophunting/suuuiplash-activity1066,CryptoRank,needs_entity_review,1,0,unknown,,,unverified,unknown,False,catalogue_only
1187,Noise,https://cryptorank.io/ru/drophunting/noise-activity1067,CryptoRank,needs_entity_review,2,0,unknown,,,unverified,unknown,False,catalogue_only
1188,4AI,https://cryptorank.io/ru/drophunting/4-ai-activity1068,CryptoRank,needs_entity_review,1,0,unknown,,,unverified,unknown,False,catalogue_only
1189,Midnight Network,https://cryptorank.io/ru/drophunting/midnight-network-activity1069,CryptoRank,needs_entity_review,1,0,unknown,,,unverified,unknown,False,catalogue_only
1190,Moonbirds,https://cryptorank.io/ru/drophunting/moonbirds-nft-activity1070,CryptoRank,needs_entity_review,1,0,unknown,,,unverified,unknown,False,catalogue_only
1191,Konnex,https://cryptorank.io/ru/drophunting/konnex-activity1071,CryptoRank,needs_entity_review,1,0,unknown,,,unverified,unknown,False,catalogue_only
1192,Remix,https://cryptorank.io/ru/drophunting/remix-gg-activity1072,CryptoRank,needs_entity_review,1,0,unknown,,,unverified,unknown,False,catalogue_only
1193,RAX Finance,https://cryptorank.io/ru/drophunting/rax-finance-activity1073,CryptoRank,needs_entity_review,1,0,unknown,,,unverified,unknown,False,catalogue_only
1194,HyENA,https://cryptorank.io/ru/drophunting/hyenatrade-activity1074,CryptoRank,needs_entity_review,1,0,unknown,,,unverified,unknown,False,catalogue_only
1195,Corners,https://cryptorank.io/ru/drophunting/corners-market-activity1075,CryptoRank,needs_entity_review,1,0,unknown,,,unverified,unknown,False,catalogue_only
1196,Mocaverse,https://cryptorank.io/ru/drophunting/mocaverse-activity1076,CryptoRank,needs_entity_review,1,0,unknown,,,unverified,unknown,False,catalogue_only
1197,ARO Network,https://cryptorank.io/ru/drophunting/aro-network-activity1077,CryptoRank,needs_entity_review,2,0,unknown,,,unverified,unknown,False,catalogue_only
1198,Upshot,https://cryptorank.io/ru/drophunting/upshot-activity1079,CryptoRank,needs_entity_review,1,0,unknown,,,unverified,unknown,False,catalogue_only
1199,Ronin,https://cryptorank.io/ru/drophunting/ronin-activity1080,CryptoRank,needs_entity_review,1,0,unknown,,,unverified,unknown,False,catalogue_only
1200,BOINK,https://cryptorank.io/ru/drophunting/boink-activity1081,CryptoRank,needs_entity_review,1,0,unknown,,,unverified,unknown,False,catalogue_only
1201,Monday Trade,https://cryptorank.io/ru/drophunting/monday-trade-activity1082,CryptoRank,needs_entity_review,1,0,unknown,,,unverified,unknown,False,catalogue_only
1202,Outcome,https://cryptorank.io/ru/drophunting/outcome-activity1083,CryptoRank,needs_entity_review,1,0,unknown,,,unverified,unknown,False,catalogue_only
1203,OptimAI Network,https://cryptorank.io/ru/drophunting/optimai-network-activity1084,CryptoRank,needs_entity_review,1,0,unknown,,,unverified,unknown,False,catalogue_only
1204,Ratio,https://cryptorank.io/ru/drophunting/ratio-activity1085,CryptoRank,needs_entity_review,1,0,unknown,,,unverified,unknown,False,catalogue_only
1205,YO (Prev. Yield Protocol),https://cryptorank.io/ru/drophunting/yieldprotocol-activity1086,CryptoRank,needs_entity_review,1,0,unknown,,,unverified,unknown,False,catalogue_only
1206,Blockcast,https://cryptorank.io/ru/drophunting/blockcast-activity1087,CryptoRank,needs_entity_review,1,0,unknown,,,unverified,unknown,False,catalogue_only
1207,Oasis,https://cryptorank.io/ru/drophunting/oasis-network-activity1089,CryptoRank,needs_entity_review,1,0,unknown,,,unverified,unknown,False,catalogue_only
1208,Fair Shares,https://cryptorank.io/ru/drophunting/fair-shares-activity1090,CryptoRank,needs_entity_review,1,0,unknown,,,unverified,unknown,False,catalogue_only
1209,Tenbin Labs,https://cryptorank.io/ru/drophunting/tenbin-labs-activity1091,CryptoRank,needs_entity_review,1,0,unknown,,,unverified,unknown,False,catalogue_only
1210,Action Model,https://cryptorank.io/ru/drophunting/action-model-activity1092,CryptoRank,needs_entity_review,1,0,unknown,,,unverified,unknown,False,catalogue_only
1211,Quip Network,https://cryptorank.io/ru/drophunting/quip-network-activity1093,CryptoRank,needs_entity_review,1,0,unknown,,,unverified,unknown,False,catalogue_only
1212,dTelecom,https://cryptorank.io/ru/drophunting/dtelecom-activity1094,CryptoRank,needs_entity_review,1,0,unknown,,,unverified,unknown,False,catalogue_only
1213,Monaco,https://cryptorank.io/ru/drophunting/monaco-trading-activity1095,CryptoRank,needs_entity_review,1,0,unknown,,,unverified,unknown,False,catalogue_only
1214,Robinhood Chain,https://cryptorank.io/ru/drophunting/robinhood-chain-activity1096,CryptoRank,needs_entity_review,1,0,unknown,,,unverified,unknown,False,catalogue_only
1215,Bullshot,https://cryptorank.io/ru/drophunting/bullshot-activity1097,CryptoRank,needs_entity_review,1,0,unknown,,,unverified,unknown,False,catalogue_only
1216,Vibe Trading,https://cryptorank.io/ru/drophunting/vibe-trading-activity1098,CryptoRank,needs_entity_review,1,0,unknown,,,unverified,unknown,False,catalogue_only
1217,SUMEX,https://cryptorank.io/ru/drophunting/sumex-activity1099,CryptoRank,needs_entity_review,1,0,unknown,,,unverified,unknown,False,catalogue_only
1218,Mahojin,https://cryptorank.io/ru/drophunting/mahojin-activity1100,CryptoRank,needs_entity_review,1,0,unknown,,,unverified,unknown,False,catalogue_only
1219,Canopy Network,https://cryptorank.io/ru/drophunting/canopy-network-activity1101,CryptoRank,needs_entity_review,1,0,unknown,,,unverified,unknown,False,catalogue_only
1220,Dreamcash,https://cryptorank.io/ru/drophunting/dreamcash-activity1102,CryptoRank,needs_entity_review,1,0,unknown,,,unverified,unknown,False,catalogue_only
1221,Clash of Coins,https://cryptorank.io/ru/drophunting/clash-of-coins-activity1103,CryptoRank,needs_entity_review,1,0,unknown,,,unverified,unknown,False,catalogue_only
1222,Horizen,https://cryptorank.io/ru/drophunting/zencash-activity1104,CryptoRank,needs_entity_review,1,0,unknown,,,unverified,unknown,False,catalogue_only
1223,Axis Robotics,https://cryptorank.io/ru/drophunting/axis-ai-activity1105,CryptoRank,needs_entity_review,1,0,unknown,,,unverified,unknown,False,catalogue_only
1224,PRED,https://cryptorank.io/ru/drophunting/pred-activity1106,CryptoRank,needs_entity_review,1,0,unknown,,,unverified,unknown,False,catalogue_only
1225,MWX,https://cryptorank.io/ru/drophunting/mwx-activity1107,CryptoRank,needs_entity_review,1,0,unknown,,,unverified,unknown,False,catalogue_only
1226,KAIO,https://cryptorank.io/ru/drophunting/kaio-activity1108,CryptoRank,needs_entity_review,1,0,unknown,,,unverified,unknown,False,catalogue_only
1227,Kash,https://cryptorank.io/ru/drophunting/kash-activity1109,CryptoRank,needs_entity_review,1,0,unknown,,,unverified,unknown,False,catalogue_only
1228,InventMoney,https://cryptorank.io/ru/drophunting/the-invention-network-activity1110,CryptoRank,needs_entity_review,1,0,unknown,,,unverified,unknown,False,catalogue_only
1229,Apyx,https://cryptorank.io/ru/drophunting/apyx-activity1111,CryptoRank,needs_entity_review,1,0,unknown,,,unverified,unknown,False,catalogue_only
1230,Miracle,https://cryptorank.io/ru/drophunting/miracle-trade-activity1112,CryptoRank,needs_entity_review,1,0,unknown,,,unverified,unknown,False,catalogue_only
1231,t54 Labs,https://cryptorank.io/ru/drophunting/t-54-labs-activity1113,CryptoRank,needs_entity_review,1,0,unknown,,,unverified,unknown,False,catalogue_only
1232,Stormrae,https://cryptorank.io/ru/drophunting/stormrae-activity1114,CryptoRank,needs_entity_review,1,0,unknown,,,unverified,unknown,False,catalogue_only
1233,PlutonAI,https://cryptorank.io/ru/drophunting/plutonai-activity1115,CryptoRank,needs_entity_review,1,0,unknown,,,unverified,unknown,False,catalogue_only
1234,Sonic,https://cryptorank.io/ru/drophunting/sonic-activity1116,CryptoRank,needs_entity_review,3,0,unknown,,,unverified,unknown,False,catalogue_only
1235,QFEX,https://cryptorank.io/ru/drophunting/qfex-activity1117,CryptoRank,needs_entity_review,1,0,unknown,,,unverified,unknown,False,catalogue_only
1236,Hit,https://cryptorank.io/ru/drophunting/hit-one-activity1118,CryptoRank,needs_entity_review,1,0,unknown,,,unverified,unknown,False,catalogue_only
1237,Byzanlink,https://cryptorank.io/ru/drophunting/byzanlink-activity1119,CryptoRank,needs_entity_review,1,0,unknown,,,unverified,unknown,False,catalogue_only
1238,Shelby,https://cryptorank.io/ru/drophunting/shelby-activity1120,CryptoRank,needs_entity_review,1,0,unknown,,,unverified,unknown,False,catalogue_only
1239,KAST,https://cryptorank.io/ru/drophunting/kast-activity1121,CryptoRank,needs_entity_review,1,0,unknown,,,unverified,unknown,False,catalogue_only
1240,Based,https://cryptorank.io/ru/drophunting/based-omni-trading-activity1122,CryptoRank,needs_entity_review,2,0,unknown,,,unverified,unknown,False,catalogue_only
1241,Limit Break,https://cryptorank.io/ru/drophunting/limit-break-activity1123,CryptoRank,needs_entity_review,1,0,unknown,,,unverified,unknown,False,catalogue_only
1242,Utexo,https://cryptorank.io/ru/drophunting/utexo-activity1124,CryptoRank,needs_entity_review,1,0,unknown,,,unverified,unknown,False,catalogue_only
1243,blinq,https://cryptorank.io/ru/drophunting/blinq-activity1125,CryptoRank,needs_entity_review,1,0,unknown,,,unverified,unknown,False,catalogue_only
1244,Backed (xStocks),https://cryptorank.io/ru/drophunting/backed-activity1126,CryptoRank,needs_entity_review,1,0,unknown,,,unverified,unknown,False,catalogue_only
1245,GoDark,https://cryptorank.io/ru/drophunting/godark-activity1127,CryptoRank,needs_entity_review,1,0,unknown,,,unverified,unknown,False,catalogue_only
1246,Beep,https://cryptorank.io/ru/drophunting/beep-lab-activity1128,CryptoRank,needs_entity_review,1,0,unknown,,,unverified,unknown,False,catalogue_only
1247,Watt2Trade,https://cryptorank.io/ru/drophunting/watt-2-trade-activity1130,CryptoRank,needs_entity_review,1,0,unknown,,,unverified,unknown,False,catalogue_only
1248,SwarmBase,https://cryptorank.io/ru/drophunting/swarm-base-activity1132,CryptoRank,needs_entity_review,1,0,unknown,,,unverified,unknown,False,catalogue_only
1249,NOYA.ai,https://cryptorank.io/ru/drophunting/noya-ai-activity1133,CryptoRank,needs_entity_review,1,0,unknown,,,unverified,unknown,False,catalogue_only
1250,Lora Finance,https://cryptorank.io/ru/drophunting/lora-finance-activity1135,CryptoRank,needs_entity_review,1,0,unknown,,,unverified,unknown,False,catalogue_only
1251,Golden Tides,https://cryptorank.io/ru/drophunting/golden-tides-activity1136,CryptoRank,needs_entity_review,1,0,unknown,,,unverified,unknown,False,catalogue_only
1252,Watch.fun,https://cryptorank.io/ru/drophunting/watch-fun-activity1137,CryptoRank,needs_entity_review,1,0,unknown,,,unverified,unknown,False,catalogue_only
1253,3F,https://cryptorank.io/ru/drophunting/3-f-labs-activity1138,CryptoRank,needs_entity_review,1,0,unknown,,,unverified,unknown,False,catalogue_only
1254,remix.world (Prev. ip.world),https://cryptorank.io/ru/drophunting/ip-world-activity1140,CryptoRank,needs_entity_review,1,0,unknown,,,unverified,unknown,False,catalogue_only
1255,Startale,https://cryptorank.io/ru/drophunting/startale-labs-activity1141,CryptoRank,needs_entity_review,2,0,unknown,,,unverified,unknown,False,catalogue_only
1256,BRIX,https://cryptorank.io/ru/drophunting/brix-money-activity1142,CryptoRank,needs_entity_review,1,0,unknown,,,unverified,unknown,False,catalogue_only
1257,OmenX,https://cryptorank.io/ru/drophunting/omenx-activity1143,CryptoRank,needs_entity_review,1,0,unknown,,,unverified,unknown,False,catalogue_only
1258,dFusion AI,https://cryptorank.io/ru/drophunting/dfusion-ai-activity1144,CryptoRank,needs_entity_review,1,0,unknown,,,unverified,unknown,False,catalogue_only
1259,Derivio,https://cryptorank.io/ru/drophunting/derivio-activity1145,CryptoRank,needs_entity_review,1,0,unknown,,,unverified,unknown,False,catalogue_only
1260,R2,https://cryptorank.io/ru/drophunting/r-2-activity1146,CryptoRank,needs_entity_review,1,0,unknown,,,unverified,unknown,False,catalogue_only
1261,AmericanFortress,https://cryptorank.io/ru/drophunting/american-fortress-activity1147,CryptoRank,needs_entity_review,1,0,unknown,,,unverified,unknown,False,catalogue_only
1262,Pixie Chess,https://cryptorank.io/ru/drophunting/pixie-chess-activity1148,CryptoRank,needs_entity_review,1,0,unknown,,,unverified,unknown,False,catalogue_only
1263,CARTE,https://cryptorank.io/ru/drophunting/carte-activity1149,CryptoRank,needs_entity_review,1,0,unknown,,,unverified,unknown,False,catalogue_only
1264,Swapper Finance,https://cryptorank.io/ru/drophunting/swapper-finance-activity1150,CryptoRank,needs_entity_review,1,0,unknown,,,unverified,unknown,False,catalogue_only
1265,Splyce Finance,https://cryptorank.io/ru/drophunting/splyce-finance-activity1151,CryptoRank,needs_entity_review,1,0,unknown,,,unverified,unknown,False,catalogue_only
1266,Knidos,https://cryptorank.io/ru/drophunting/knidoslabs-activity1152,CryptoRank,needs_entity_review,1,0,unknown,,,unverified,unknown,False,catalogue_only
1267,Saturn,https://cryptorank.io/ru/drophunting/saturn-protocol-activity1153,CryptoRank,needs_entity_review,1,0,unknown,,,unverified,unknown,False,catalogue_only
1268,Cronos,https://cryptorank.io/ru/drophunting/crypto-com-cro-activity1154,CryptoRank,needs_entity_review,1,0,unknown,,,unverified,unknown,False,catalogue_only
1269,Onsight,https://cryptorank.io/ru/drophunting/onsight-activity1156,CryptoRank,needs_entity_review,1,0,unknown,,,unverified,unknown,False,catalogue_only
1270,Ralio,https://cryptorank.io/ru/drophunting/ralio-activity1157,CryptoRank,needs_entity_review,1,0,unknown,,,unverified,unknown,False,catalogue_only
1271,Unicity,https://cryptorank.io/ru/drophunting/unicity-activity1158,CryptoRank,needs_entity_review,1,0,unknown,,,unverified,unknown,False,catalogue_only
1272,Nava AI,https://cryptorank.io/ru/drophunting/nava-ai-activity1159,CryptoRank,needs_entity_review,1,0,unknown,,,unverified,unknown,False,catalogue_only
1273,Jurassic Finance,https://cryptorank.io/ru/drophunting/jurassic-finance-activity1160,CryptoRank,needs_entity_review,1,0,unknown,,,unverified,unknown,False,catalogue_only
1274,predit.market,https://cryptorank.io/ru/drophunting/predit-market-activity1162,CryptoRank,needs_entity_review,1,0,unknown,,,unverified,unknown,False,catalogue_only
1275,AEON,https://cryptorank.io/ru/drophunting/aeon-xyz-activity1164,CryptoRank,needs_entity_review,1,0,unknown,,,unverified,unknown,False,catalogue_only
1276,Noah AI,https://cryptorank.io/ru/drophunting/noah-ai-activity1165,CryptoRank,needs_entity_review,1,0,unknown,,,unverified,unknown,False,catalogue_only
1277,Kairo,https://cryptorank.io/ru/drophunting/kairo-activity1166,CryptoRank,needs_entity_review,1,0,unknown,,,unverified,unknown,False,catalogue_only
1278,Fact Machine,https://cryptorank.io/ru/drophunting/fact-machine-activity1167,CryptoRank,needs_entity_review,1,0,unknown,,,unverified,unknown,False,catalogue_only
1279,AlphaNet,https://cryptorank.io/ru/drophunting/alphanet-activity1168,CryptoRank,needs_entity_review,1,0,unknown,,,unverified,unknown,False,catalogue_only
1280,ULTRADE,https://cryptorank.io/ru/drophunting/ultrade-activity1169,CryptoRank,needs_entity_review,1,0,unknown,,,unverified,unknown,False,catalogue_only
1281,Janus DeFi,https://cryptorank.io/ru/drophunting/janus-defi-activity1170,CryptoRank,needs_entity_review,1,0,unknown,,,unverified,unknown,False,catalogue_only
1282,ILITY,https://cryptorank.io/ru/drophunting/ility-activity1171,CryptoRank,needs_entity_review,1,0,unknown,,,unverified,unknown,False,catalogue_only
1283,Edel,https://cryptorank.io/ru/drophunting/edel-activity1172,CryptoRank,needs_entity_review,1,0,unknown,,,unverified,unknown,False,catalogue_only
1284,Sushi,https://cryptorank.io/ru/drophunting/sushi-activity1173,CryptoRank,needs_entity_review,1,0,unknown,,,unverified,unknown,False,catalogue_only
1285,Netrun,https://cryptorank.io/ru/drophunting/netrun-activity1174,CryptoRank,needs_entity_review,1,0,unknown,,,unverified,unknown,False,catalogue_only
1286,Fortune Protocol,https://cryptorank.io/ru/drophunting/fortune-protocol-activity1175,CryptoRank,needs_entity_review,1,0,unknown,,,unverified,unknown,False,catalogue_only
1287,Spout Finance,https://cryptorank.io/ru/drophunting/spout-finance-activity1176,CryptoRank,needs_entity_review,1,0,unknown,,,unverified,unknown,False,catalogue_only
1288,Exponent,https://cryptorank.io/ru/drophunting/exponent-activity1177,CryptoRank,needs_entity_review,1,0,unknown,,,unverified,unknown,False,catalogue_only
1289,HertzFlow,https://cryptorank.io/ru/drophunting/hertzflow-activity1178,CryptoRank,needs_entity_review,3,0,unknown,,,unverified,unknown,False,catalogue_only
1290,Shift,https://cryptorank.io/ru/drophunting/shiftrwa-activity1179,CryptoRank,needs_entity_review,1,0,unknown,,,unverified,unknown,False,catalogue_only
1291,Elastics,https://cryptorank.io/ru/drophunting/elastics-activity1180,CryptoRank,needs_entity_review,1,0,unknown,,,unverified,unknown,False,catalogue_only
1292,Caster,https://cryptorank.io/ru/drophunting/caster-activity1181,CryptoRank,needs_entity_review,1,0,unknown,,,unverified,unknown,False,catalogue_only
1293,JTX,https://cryptorank.io/ru/drophunting/jtx-trade-activity1182,CryptoRank,needs_entity_review,1,0,unknown,,,unverified,unknown,False,catalogue_only
1294,Hash,https://cryptorank.io/ru/drophunting/hash-mining-activity1183,CryptoRank,needs_entity_review,1,0,unknown,,,unverified,unknown,False,catalogue_only
1295,Slush,https://cryptorank.io/ru/drophunting/slush-wallet-activity1184,CryptoRank,needs_entity_review,1,0,unknown,,,unverified,unknown,False,catalogue_only
1296,Aurus,https://cryptorank.io/ru/drophunting/aurus-sol-activity1185,CryptoRank,needs_entity_review,1,0,unknown,,,unverified,unknown,False,catalogue_only
1297,Charms AI,https://cryptorank.io/ru/drophunting/charms-ai-activity1186,CryptoRank,needs_entity_review,1,0,unknown,,,unverified,unknown,False,catalogue_only
1298,Imperial,https://cryptorank.io/ru/drophunting/imperial-activity1187,CryptoRank,needs_entity_review,1,0,unknown,,,unverified,unknown,False,catalogue_only
1299,Nof1,https://cryptorank.io/ru/drophunting/nof-1-activity1188,CryptoRank,needs_entity_review,1,0,unknown,,,unverified,unknown,False,catalogue_only
1300,Trepa,https://cryptorank.io/ru/drophunting/trepa-activity1190,CryptoRank,needs_entity_review,1,0,unknown,,,unverified,unknown,False,catalogue_only
1301,Zest Protocol,https://cryptorank.io/ru/drophunting/zestprotocol-activity1191,CryptoRank,needs_entity_review,1,0,unknown,,,unverified,unknown,False,catalogue_only
1302,Tomoland,https://cryptorank.io/ru/drophunting/tomoland-activity1192,CryptoRank,needs_entity_review,1,0,unknown,,,unverified,unknown,False,catalogue_only
1303,Tangent,https://cryptorank.io/ru/drophunting/tangent-finance-activity1193,CryptoRank,needs_entity_review,1,0,unknown,,,unverified,unknown,False,catalogue_only
1304,Grove,https://cryptorank.io/ru/drophunting/grove-finance-activity1194,CryptoRank,needs_entity_review,1,0,unknown,,,unverified,unknown,False,catalogue_only
1305,K25.ai,https://cryptorank.io/ru/drophunting/k-25-ai-activity1195,CryptoRank,needs_entity_review,1,0,unknown,,,unverified,unknown,False,catalogue_only
1306,STRATO,https://cryptorank.io/ru/drophunting/strato-activity1197,CryptoRank,needs_entity_review,1,0,unknown,,,unverified,unknown,False,catalogue_only
1307,PopDEX,https://cryptorank.io/ru/drophunting/popde-activity1198,CryptoRank,needs_entity_review,1,0,unknown,,,unverified,unknown,False,catalogue_only
1308,Boost (RabbitHole),https://cryptorank.io/ru/drophunting/boost-activity1199,CryptoRank,needs_entity_review,1,0,unknown,,,unverified,unknown,False,catalogue_only
1309,KuCoin Token,https://cryptorank.io/ru/drophunting/kucoin-shares-activity1200,CryptoRank,needs_entity_review,1,0,unknown,,,unverified,unknown,False,catalogue_only
1310,AIW3,https://cryptorank.io/ru/drophunting/aiw-3-activity1201,CryptoRank,needs_entity_review,1,0,unknown,,,unverified,unknown,False,catalogue_only
1311,Hypernova,https://cryptorank.io/ru/drophunting/hypernova-activity1203,CryptoRank,needs_entity_review,1,0,unknown,,,unverified,unknown,False,catalogue_only
1312,Cycles,https://cryptorank.io/ru/drophunting/cycles-activity1204,CryptoRank,needs_entity_review,1,0,unknown,,,unverified,unknown,False,catalogue_only
1313,Xeffy,https://cryptorank.io/ru/drophunting/xeffy-activity1205,CryptoRank,needs_entity_review,1,0,unknown,,,unverified,unknown,False,catalogue_only
1314,Clasho,https://cryptorank.io/ru/drophunting/clasho-activity1206,CryptoRank,needs_entity_review,1,0,unknown,,,unverified,unknown,False,catalogue_only
1315,Ekiden,https://cryptorank.io/ru/drophunting/ekiden-activity1207,CryptoRank,needs_entity_review,1,0,unknown,,,unverified,unknown,False,catalogue_only
1316,ChimpX AI,https://cryptorank.io/ru/drophunting/chimp-exchange-activity1208,CryptoRank,needs_entity_review,1,0,unknown,,,unverified,unknown,False,catalogue_only
1317,Divvy,https://cryptorank.io/ru/drophunting/divvy-activity1209,CryptoRank,needs_entity_review,1,0,unknown,,,unverified,unknown,False,catalogue_only
1318,Cysic,https://cryptorank.io/ru/drophunting/cysic-activity1210,CryptoRank,needs_entity_review,2,0,unknown,,,unverified,unknown,False,catalogue_only
1319,Totalis,https://cryptorank.io/ru/drophunting/totalis-activity1211,CryptoRank,needs_entity_review,1,0,unknown,,,unverified,unknown,False,catalogue_only
1320,Superluminal,https://cryptorank.io/ru/drophunting/superluminal-activity1212,CryptoRank,needs_entity_review,1,0,unknown,,,unverified,unknown,False,catalogue_only
1321,Checkpoint,https://cryptorank.io/ru/drophunting/checkpoint-activity1213,CryptoRank,needs_entity_review,1,0,unknown,,,unverified,unknown,False,catalogue_only
1322,Injective,https://cryptorank.io/ru/drophunting/injective-protocol-activity1214,CryptoRank,needs_entity_review,1,0,unknown,,,unverified,unknown,False,catalogue_only
1323,WaterX,https://cryptorank.io/ru/drophunting/waterx-activity1215,CryptoRank,needs_entity_review,1,0,unknown,,,unverified,unknown,False,catalogue_only
1324,Barter,https://cryptorank.io/ru/drophunting/barter-defi-activity1216,CryptoRank,needs_entity_review,1,0,unknown,,,unverified,unknown,False,catalogue_only
1325,ArcNova,https://cryptorank.io/ru/drophunting/arcnova-activity1217,CryptoRank,needs_entity_review,1,0,unknown,,,unverified,unknown,False,catalogue_only
1326,Interstate,https://cryptorank.io/ru/drophunting/interstate-activity1218,CryptoRank,needs_entity_review,1,0,unknown,,,unverified,unknown,False,catalogue_only
1327,Pear,https://cryptorank.io/ru/drophunting/pear-trade-activity1219,CryptoRank,needs_entity_review,1,0,unknown,,,unverified,unknown,False,catalogue_only
1328,SEKAI,https://cryptorank.io/ru/drophunting/sekai-2-activity1220,CryptoRank,needs_entity_review,1,0,unknown,,,unverified,unknown,False,catalogue_only
1329,Tplus,https://cryptorank.io/ru/drophunting/tplus-activity1221,CryptoRank,needs_entity_review,1,0,unknown,,,unverified,unknown,False,catalogue_only
1330,Astros,https://cryptorank.io/ru/drophunting/astros-2-activity1222,CryptoRank,needs_entity_review,1,0,unknown,,,unverified,unknown,False,catalogue_only
1331,PeakAI,https://cryptorank.io/ru/drophunting/peakai-activity1223,CryptoRank,needs_entity_review,1,0,unknown,,,unverified,unknown,False,catalogue_only
1332,Tori Finance,https://cryptorank.io/ru/drophunting/tori-finance-activity1224,CryptoRank,needs_entity_review,1,0,unknown,,,unverified,unknown,False,catalogue_only
1333,TurboFlow,https://cryptorank.io/ru/drophunting/surf-protocol-activity1225,CryptoRank,needs_entity_review,1,0,unknown,,,unverified,unknown,False,catalogue_only
1334,Sovra,https://cryptorank.io/ru/drophunting/sovra-activity1226,CryptoRank,needs_entity_review,1,0,unknown,,,unverified,unknown,False,catalogue_only
1335,Flipper,https://cryptorank.io/ru/drophunting/flipper-activity1227,CryptoRank,needs_entity_review,1,0,unknown,,,unverified,unknown,False,catalogue_only
1336,fomo,https://cryptorank.io/ru/drophunting/fomo-trading-activity1228,CryptoRank,needs_entity_review,1,0,unknown,,,unverified,unknown,False,catalogue_only
1337,Onyx Odds,https://cryptorank.io/ru/drophunting/onyx-odds-activity1229,CryptoRank,needs_entity_review,1,0,unknown,,,unverified,unknown,False,catalogue_only
1338,world.xyz,https://cryptorank.io/ru/drophunting/world-xyz-activity1230,CryptoRank,needs_entity_review,1,0,unknown,,,unverified,unknown,False,catalogue_only
1339,TxFlow,https://cryptorank.io/ru/drophunting/txflow-activity1231,CryptoRank,needs_entity_review,1,0,unknown,,,unverified,unknown,False,catalogue_only
1340,Arcus,https://cryptorank.io/ru/drophunting/arcus-activity1232,CryptoRank,needs_entity_review,1,0,unknown,,,unverified,unknown,False,catalogue_only
1341,TrueCurrent,https://cryptorank.io/ru/drophunting/truecurrent-activity1233,CryptoRank,needs_entity_review,1,0,unknown,,,unverified,unknown,False,catalogue_only
1342,Osero,https://cryptorank.io/ru/drophunting/osero-activity1234,CryptoRank,needs_entity_review,1,0,unknown,,,unverified,unknown,False,catalogue_only
1343,AFK Fishing,https://cryptorank.io/ru/drophunting/afk-fishing-activity1235,CryptoRank,needs_entity_review,1,0,unknown,,,unverified,unknown,False,catalogue_only
1344,KOR Protocol,https://cryptorank.io/ru/drophunting/kor-protocol-activity1236,CryptoRank,needs_entity_review,1,0,unknown,,,unverified,unknown,False,catalogue_only
1345,wisp,https://cryptorank.io/ru/drophunting/wisp-activity1237,CryptoRank,needs_entity_review,1,0,unknown,,,unverified,unknown,False,catalogue_only
1346,Touchmarket,https://cryptorank.io/ru/drophunting/touch-market-activity1238,CryptoRank,needs_entity_review,1,0,unknown,,,unverified,unknown,False,catalogue_only
1347,Hudi,https://cryptorank.io/ru/drophunting/hudi-trade-activity1239,CryptoRank,needs_entity_review,1,0,unknown,,,unverified,unknown,False,catalogue_only
1348,Sats Terminal,https://cryptorank.io/ru/drophunting/sats-terminal-activity1240,CryptoRank,needs_entity_review,1,0,unknown,,,unverified,unknown,False,catalogue_only
1349,Koto Trade,https://cryptorank.io/ru/drophunting/koto-trade-activity1241,CryptoRank,needs_entity_review,1,0,unknown,,,unverified,unknown,False,catalogue_only
1350,tren.ch,https://cryptorank.io/ru/drophunting/tren-ch-activity1242,CryptoRank,needs_entity_review,1,0,unknown,,,unverified,unknown,False,catalogue_only
1351,Pascal,https://cryptorank.io/ru/drophunting/pascal-activity1243,CryptoRank,needs_entity_review,1,0,unknown,,,unverified,unknown,False,catalogue_only
1352,Aave,https://cryptorank.io/ru/drophunting/aave-activity1244,CryptoRank,needs_entity_review,1,0,unknown,,,unverified,unknown,False,catalogue_only
1353,Skew,https://cryptorank.io/ru/drophunting/skew-trade-activity1245,CryptoRank,needs_entity_review,1,0,unknown,,,unverified,unknown,False,catalogue_only
1354,Enjin Coin,https://cryptorank.io/ru/drophunting/enjin-coin-activity1246,CryptoRank,needs_entity_review,1,0,unknown,,,unverified,unknown,False,catalogue_only
1355,MINT,https://cryptorank.io/ru/drophunting/mint-casino-activity1247,CryptoRank,needs_entity_review,1,0,unknown,,,unverified,unknown,False,catalogue_only
1356,StripChain,https://cryptorank.io/ru/drophunting/stripchain-activity1248,CryptoRank,needs_entity_review,1,0,unknown,,,unverified,unknown,False,catalogue_only
1357,Rialto,https://cryptorank.io/ru/drophunting/rialto-exchange-activity1250,CryptoRank,needs_entity_review,1,0,unknown,,,unverified,unknown,False,catalogue_only
1358,Cambria,https://cryptorank.io/ru/drophunting/cambria-activity1251,CryptoRank,needs_entity_review,1,0,unknown,,,unverified,unknown,False,catalogue_only
1359,The Pit App,https://cryptorank.io/ru/drophunting/the-pit-app-activity1252,CryptoRank,needs_entity_review,1,0,unknown,,,unverified,unknown,False,catalogue_only
1360,Click,https://cryptorank.io/ru/drophunting/click-trade-activity1253,CryptoRank,needs_entity_review,1,0,unknown,,,unverified,unknown,False,catalogue_only
1361,Loaf,https://cryptorank.io/ru/drophunting/loaf-activity1255,CryptoRank,needs_entity_review,1,0,unknown,,,unverified,unknown,False,catalogue_only
1362,MoonPay,https://cryptorank.io/ru/drophunting/moonpay-activity1256,CryptoRank,needs_entity_review,1,0,unknown,,,unverified,unknown,False,catalogue_only
1363,Beezie,https://cryptorank.io/ru/drophunting/beezie-activity1257,CryptoRank,needs_entity_review,1,0,unknown,,,unverified,unknown,False,catalogue_only
1364,Umia,https://cryptorank.io/ru/drophunting/umia-activity1258,CryptoRank,needs_entity_review,1,0,unknown,,,unverified,unknown,False,catalogue_only
1365,Quote,https://cryptorank.io/ru/drophunting/quote-activity1259,CryptoRank,needs_entity_review,1,0,unknown,,,unverified,unknown,False,catalogue_only
1366,Nodiens,https://cryptorank.io/ru/drophunting/nodiens-activity1260,CryptoRank,needs_entity_review,1,0,unknown,,,unverified,unknown,False,catalogue_only
1367,aura,https://cryptorank.io/ru/drophunting/aura-protocolorg-activity1261,CryptoRank,needs_entity_review,2,0,unknown,,,unverified,unknown,False,catalogue_only
1368,Stellar,https://cryptorank.io/ru/drophunting/stellar-activity1262,CryptoRank,needs_entity_review,1,0,unknown,,,unverified,unknown,False,catalogue_only
1369,DappOS,https://cryptorank.io/ru/drophunting/dappos-activity1264,CryptoRank,needs_entity_review,1,0,unknown,,,unverified,unknown,False,catalogue_only
1370,c8ntinuum,https://cryptorank.io/ru/drophunting/c8ntinuum-activity1265,CryptoRank,needs_entity_review,1,0,unknown,,,unverified,unknown,False,catalogue_only
1371,Vangrid,https://cryptorank.io/ru/drophunting/vangrid-activity1266,CryptoRank,needs_entity_review,1,0,unknown,,,unverified,unknown,False,catalogue_only
1372,Cade,https://cryptorank.io/ru/drophunting/cade-activity1267,CryptoRank,needs_entity_review,1,0,unknown,,,unverified,unknown,False,catalogue_only
1373,IRIS,https://cryptorank.io/ru/drophunting/iris-credit-activity1268,CryptoRank,needs_entity_review,1,0,unknown,,,unverified,unknown,False,catalogue_only
1374,FX100,https://cryptorank.io/ru/drophunting/fx-100-activity1269,CryptoRank,needs_entity_review,1,0,unknown,,,unverified,unknown,False,catalogue_only
1375,Memebook,https://cryptorank.io/ru/drophunting/memebook-activity1270,CryptoRank,needs_entity_review,1,0,unknown,,,unverified,unknown,False,catalogue_only
1376,bakeland,https://cryptorank.io/ru/drophunting/bakeland-activity1271,CryptoRank,needs_entity_review,1,0,unknown,,,unverified,unknown,False,catalogue_only
1377,ALPHEA,https://cryptorank.io/ru/drophunting/alphea-activity1272,CryptoRank,needs_entity_review,1,0,unknown,,,unverified,unknown,False,catalogue_only
1378,Lighter,https://cryptorank.io/ru/drophunting/lighter-activity1273,CryptoRank,needs_entity_review,2,0,unknown,,,unverified,unknown,False,catalogue_only
1379,Amadeus Protocol,https://cryptorank.io/ru/drophunting/amadeus-protocol-activity1274,CryptoRank,needs_entity_review,1,0,unknown,,,unverified,unknown,False,catalogue_only
1380,Beldex,https://cryptorank.io/ru/drophunting/beldex-activity1275,CryptoRank,needs_entity_review,1,0,unknown,,,unverified,unknown,False,catalogue_only
1381,entropy,https://cryptorank.io/ru/drophunting/entropy-2-activity1276,CryptoRank,needs_entity_review,1,0,unknown,,,unverified,unknown,False,catalogue_only
1382,Flop Labs,https://cryptorank.io/ru/drophunting/flop-labs-activity1277,CryptoRank,needs_entity_review,1,0,unknown,,,unverified,unknown,False,catalogue_only
1383,NeoSoul,https://cryptorank.io/ru/drophunting/neo-soul-activity1278,CryptoRank,needs_entity_review,1,0,unknown,,,unverified,unknown,False,catalogue_only
1384,TermMax,https://cryptorank.io/ru/drophunting/termmax-activity1279,CryptoRank,needs_entity_review,1,0,unknown,,,unverified,unknown,False,catalogue_only
1385,Hedera,https://cryptorank.io/ru/drophunting/hedera-hashgraph-activity1280,CryptoRank,needs_entity_review,1,0,unknown,,,unverified,unknown,False,catalogue_only
1386,TermiX,https://cryptorank.io/ru/drophunting/termix-activity1281,CryptoRank,needs_entity_review,1,0,unknown,,,unverified,unknown,False,catalogue_only
1387,Gyndore,https://cryptorank.io/ru/drophunting/gyndore-activity1282,CryptoRank,needs_entity_review,1,0,unknown,,,unverified,unknown,False,catalogue_only
1388,Ondo Finance,https://cryptorank.io/ru/drophunting/ondo-finance-activity1283,CryptoRank,needs_entity_review,1,0,unknown,,,unverified,unknown,False,catalogue_only
1389,ORO,https://cryptorank.io/ru/drophunting/ask-oro-activity1284,CryptoRank,needs_entity_review,2,0,unknown,,,unverified,unknown,False,catalogue_only
1390,Zec Bit,https://cryptorank.io/ru/drophunting/zec-bit-activity1285,CryptoRank,needs_entity_review,1,0,unknown,,,unverified,unknown,False,catalogue_only
1391,DualMint,https://cryptorank.io/ru/drophunting/dualmint-activity1286,CryptoRank,needs_entity_review,1,0,unknown,,,unverified,unknown,False,catalogue_only
1392,Chomp,https://cryptorank.io/ru/drophunting/chomp-activity1287,CryptoRank,needs_entity_review,1,0,unknown,,,unverified,unknown,False,catalogue_only
1393,VOICE,https://cryptorank.io/ru/drophunting/voice-activity1288,CryptoRank,needs_entity_review,1,0,unknown,,,unverified,unknown,False,catalogue_only
1394,Forecast,https://cryptorank.io/ru/drophunting/forecast-activity1289,CryptoRank,needs_entity_review,1,0,unknown,,,unverified,unknown,False,catalogue_only
1395,Alloco,https://cryptorank.io/ru/drophunting/alloco-activity1290,CryptoRank,needs_entity_review,1,0,unknown,,,unverified,unknown,False,catalogue_only
1396,MemeBitcoin,https://cryptorank.io/ru/drophunting/meme-bitcoin-activity1291,CryptoRank,needs_entity_review,1,0,unknown,,,unverified,unknown,False,catalogue_only
1397,Midas Markets,https://cryptorank.io/ru/drophunting/midas-markets-activity1292,CryptoRank,needs_entity_review,1,0,unknown,,,unverified,unknown,False,catalogue_only
1398,REP,https://cryptorank.io/ru/drophunting/rep-hq-activity1293,CryptoRank,needs_entity_review,1,0,unknown,,,unverified,unknown,False,catalogue_only
1399,Polaris,https://cryptorank.io/ru/drophunting/polaris-protocol-activity1295,CryptoRank,needs_entity_review,1,0,unknown,,,unverified,unknown,False,catalogue_only
1400,aka.fun,https://cryptorank.io/ru/drophunting/aka-fun-activity1296,CryptoRank,needs_entity_review,1,0,unknown,,,unverified,unknown,False,catalogue_only
1401,QMS Network,https://cryptorank.io/ru/drophunting/qms-network-activity1297,CryptoRank,needs_entity_review,1,0,unknown,,,unverified,unknown,False,catalogue_only
1402,Minara.Fun,https://cryptorank.io/ru/drophunting/minara-fun-activity1298,CryptoRank,needs_entity_review,1,0,unknown,,,unverified,unknown,False,catalogue_only
1403,Umbrella,https://cryptorank.io/ru/drophunting/umbrella-capital-activity1299,CryptoRank,needs_entity_review,1,0,unknown,,,unverified,unknown,False,catalogue_only
1404,Morfi Markets,https://cryptorank.io/ru/drophunting/morfi-markets-activity1300,CryptoRank,needs_entity_review,1,0,unknown,,,unverified,unknown,False,catalogue_only
1405,TINA,https://cryptorank.io/ru/drophunting/tina-activity1301,CryptoRank,needs_entity_review,1,0,unknown,,,unverified,unknown,False,catalogue_only
1406,Your Game Studio,https://cryptorank.io/ru/drophunting/your-game-studio-activity1302,CryptoRank,needs_entity_review,1,0,unknown,,,unverified,unknown,False,catalogue_only
1407,4DLabs,https://cryptorank.io/ru/drophunting/4-d-labs-activity1303,CryptoRank,needs_entity_review,1,0,unknown,,,unverified,unknown,False,catalogue_only
1408,perk.money,https://cryptorank.io/ru/drophunting/perk-money-activity1304,CryptoRank,needs_entity_review,1,0,unknown,,,unverified,unknown,False,catalogue_only
1409,Fanta.Top,https://cryptorank.io/ru/drophunting/fanta-top-activity1305,CryptoRank,needs_entity_review,1,0,unknown,,,unverified,unknown,False,catalogue_only
1410,Jumper,https://cryptorank.io/ru/drophunting/jumper-exchange-activity1306,CryptoRank,needs_entity_review,1,0,unknown,,,unverified,unknown,False,catalogue_only
1411,eCash.com,https://cryptorank.io/ru/drophunting/ecash-drivechains-activity1307,CryptoRank,needs_entity_review,1,0,unknown,,,unverified,unknown,False,catalogue_only
1412,Deriverse,https://cryptorank.io/ru/drophunting/deriverse-activity1308,CryptoRank,needs_entity_review,1,0,unknown,,,unverified,unknown,False,catalogue_only
1413,Note Systems,https://cryptorank.io/ru/drophunting/note-systems-activity1309,CryptoRank,needs_entity_review,1,2,unknown,,,unverified,unknown,False,material_available
1414,Raycash,https://cryptorank.io/ru/drophunting/raycash-activity1310,CryptoRank,needs_entity_review,1,0,unknown,,,unverified,unknown,False,catalogue_only
1415,Wick,https://cryptorank.io/ru/drophunting/wick-xyz-activity1311,CryptoRank,needs_entity_review,1,0,unknown,,,unverified,unknown,False,catalogue_only
1416,Yield Fields,https://cryptorank.io/ru/drophunting/yield-fields-activity1312,CryptoRank,needs_entity_review,1,0,unknown,,,unverified,unknown,False,catalogue_only
1417,Catalyst Markets,https://cryptorank.io/ru/drophunting/catalyst-markets-activity1313,CryptoRank,needs_entity_review,1,0,unknown,,,unverified,unknown,False,catalogue_only
1418,BitX,https://cryptorank.io/ru/drophunting/bitx-ai-activity1314,CryptoRank,needs_entity_review,1,0,unknown,,,unverified,unknown,False,catalogue_only
1419,MindGamesAI,https://cryptorank.io/ru/drophunting/mindgames-ai-activity1315,CryptoRank,needs_entity_review,1,0,unknown,,,unverified,unknown,False,catalogue_only
1420,Travix,https://cryptorank.io/ru/drophunting/travix-activity1316,CryptoRank,needs_entity_review,1,0,unknown,,,unverified,unknown,False,catalogue_only
1421,Frontier Traders,https://cryptorank.io/ru/drophunting/frontier-traders-activity1317,CryptoRank,needs_entity_review,1,0,unknown,,,unverified,unknown,False,catalogue_only
1422,SmartX,https://cryptorank.io/ru/drophunting/smart-x-activity1318,CryptoRank,needs_entity_review,1,0,unknown,,,unverified,unknown,False,catalogue_only
1423,Catapult Trade,https://cryptorank.io/ru/drophunting/letscatapult-activity1319,CryptoRank,needs_entity_review,1,0,unknown,,,unverified,unknown,False,catalogue_only
1424,Vorta Markets,https://cryptorank.io/ru/drophunting/vorta-markets-activity1320,CryptoRank,needs_entity_review,1,0,unknown,,,unverified,unknown,False,catalogue_only
1425,Tickr,https://cryptorank.io/ru/drophunting/tickr-co-activity1321,CryptoRank,needs_entity_review,1,0,unknown,,,unverified,unknown,False,catalogue_only
1426,Crest,https://cryptorank.io/ru/drophunting/crest-activity1322,CryptoRank,needs_entity_review,1,0,unknown,,,unverified,unknown,False,catalogue_only
1427,Monetrix USD,https://cryptorank.io/ru/drophunting/monetrix-usd-activity1323,CryptoRank,needs_entity_review,1,0,unknown,,,unverified,unknown,False,catalogue_only
1428,Integra,https://incrypted.com/en/integra-testnet/,Incrypted,needs_entity_review,2,2,unknown,,,unverified,unknown,False,material_available
1429,HertzFlow,https://incrypted.com/en/hertzflow-testnet/,Incrypted,needs_entity_review,3,3,unknown,,,unverified,unknown,False,material_available
1430,Breath of Estova,https://cryptorank.io/ru/drophunting/breath-of-estova-activity1324,CryptoRank,needs_entity_review,1,0,unknown,,,unverified,unknown,False,catalogue_only
1431,Robinhood Chain: Guide to Activities,https://incrypted.com/airdrops/?single=396452,Incrypted,needs_entity_review,1,0,unknown,,,unverified,unknown,False,catalogue_only
1432,Kraken Farming INK,https://incrypted.com/airdrops/?single=379585,Incrypted,needs_entity_review,1,0,unknown,,,unverified,unknown,False,catalogue_only
1433,Extended Points Farming (Automation),https://incrypted.com/airdrops/?single=376519,Incrypted,needs_entity_review,1,0,unknown,,,unverified,unknown,False,catalogue_only
1434,Nado Points Farming (Automation),https://incrypted.com/airdrops/?single=376150,Incrypted,needs_entity_review,1,0,unknown,,,unverified,unknown,False,catalogue_only
1435,Variational,https://incrypted.com/airdrops/?single=368715,Incrypted,needs_entity_review,2,0,unknown,,,unverified,unknown,False,catalogue_only
1436,Propr: $100K Funded Capital on Hyperliquid,https://incrypted.com/airdrops/?single=387347,Incrypted,needs_entity_review,1,0,unknown,,,unverified,unknown,False,catalogue_only
1437,Bybit Card: Bonuses and Cashback,https://incrypted.com/airdrops/?single=386634,Incrypted,needs_entity_review,1,0,unknown,,,unverified,unknown,False,catalogue_only
1438,LitVM: Arkada Campaign,https://incrypted.com/airdrops/?single=386241,Incrypted,needs_entity_review,1,0,unknown,,,unverified,unknown,False,catalogue_only
1439,Kraken,https://incrypted.com/airdrops/?single=386235,Incrypted,needs_entity_review,1,0,unknown,,,unverified,unknown,False,catalogue_only
1440,VDEX,https://incrypted.com/airdrops/?single=385545,Incrypted,needs_entity_review,1,0,unknown,,,unverified,unknown,False,catalogue_only
1441,Decibel,https://incrypted.com/airdrops/?single=385510,Incrypted,needs_entity_review,2,0,unknown,,,unverified,unknown,False,catalogue_only
1442,Overlayer,https://incrypted.com/airdrops/?single=384767,Incrypted,needs_entity_review,2,0,unknown,,,unverified,unknown,False,catalogue_only
1443,Onyx,https://incrypted.com/airdrops/?single=383827,Incrypted,needs_entity_review,1,0,unknown,,,unverified,unknown,False,catalogue_only
1444,Titan,https://incrypted.com/airdrops/?single=383813,Incrypted,needs_entity_review,2,0,unknown,,,unverified,unknown,False,catalogue_only
1445,Liquid,https://incrypted.com/airdrops/?single=382969,Incrypted,needs_entity_review,2,0,unknown,,,unverified,unknown,False,catalogue_only
1446,HertzFlow,https://incrypted.com/airdrops/?single=382945,Incrypted,needs_entity_review,3,0,unknown,,,unverified,unknown,False,catalogue_only
1447,Unicity: Sphere Quests,https://incrypted.com/airdrops/?single=382926,Incrypted,needs_entity_review,1,0,unknown,,,unverified,unknown,False,catalogue_only
1448,BaseApp,https://incrypted.com/airdrops/?single=382060,Incrypted,needs_entity_review,1,0,unknown,,,unverified,unknown,False,catalogue_only
1449,DaChain,https://incrypted.com/airdrops/?single=382033,Incrypted,needs_entity_review,1,0,unknown,,,unverified,unknown,False,catalogue_only
1450,Integra,https://incrypted.com/airdrops/?single=382011,Incrypted,needs_entity_review,2,0,unknown,,,unverified,unknown,False,catalogue_only
1451,Base Guild Updates,https://incrypted.com/airdrops/?single=381139,Incrypted,needs_entity_review,1,0,unknown,,,unverified,unknown,False,catalogue_only
1452,Kraken Ecosystem (INK),https://incrypted.com/airdrops/?single=380981,Incrypted,needs_entity_review,1,0,unknown,,,unverified,unknown,False,catalogue_only
1453,Tydro,https://incrypted.com/airdrops/?single=380272,Incrypted,needs_entity_review,1,0,unknown,,,unverified,unknown,False,catalogue_only
1454,LitVM,https://incrypted.com/airdrops/?single=380201,Incrypted,needs_entity_review,1,0,unknown,,,unverified,unknown,False,catalogue_only
1455,DOMA — Points Program,https://incrypted.com/airdrops/?single=379372,Incrypted,needs_entity_review,1,0,unknown,,,unverified,unknown,False,catalogue_only
1456,01.XYZ,https://incrypted.com/airdrops/?single=379371,Incrypted,needs_entity_review,1,0,unknown,,,unverified,unknown,False,catalogue_only
1457,Startale,https://incrypted.com/airdrops/?single=378444,Incrypted,needs_entity_review,2,0,unknown,,,unverified,unknown,False,catalogue_only
1458,Nemesis,https://incrypted.com/airdrops/?single=378427,Incrypted,needs_entity_review,1,0,unknown,,,unverified,unknown,False,catalogue_only
1459,Noise,https://incrypted.com/airdrops/?single=378400,Incrypted,needs_entity_review,2,0,unknown,,,unverified,unknown,False,catalogue_only
1460,ARO Network,https://incrypted.com/airdrops/?single=378381,Incrypted,needs_entity_review,2,0,unknown,,,unverified,unknown,False,catalogue_only
1461,Pudgy World,https://incrypted.com/airdrops/?single=377347,Incrypted,needs_entity_review,1,0,unknown,,,unverified,unknown,False,catalogue_only
1462,TradeXYZ,https://incrypted.com/airdrops/?single=376751,Incrypted,needs_entity_review,1,0,unknown,,,unverified,unknown,False,catalogue_only
1463,Overlayer,https://incrypted.com/en/overlayer-testnet/,Incrypted,needs_entity_review,2,1,unknown,,,unverified,unknown,False,material_available
1464,Elysium,https://cryptorank.io/ru/drophunting/elysium-kinetiq-activity1325,CryptoRank,needs_entity_review,1,0,unknown,,,unverified,unknown,False,catalogue_only
